country_iso2,country_th,iso3,name_en,region,income_level,in_worldbank
AE,สหรัฐอาหรับเอมิเรตส์,ARE,United Arab Emirates,"Middle East, North Africa, Afghanistan & Pakistan",High income,True
AG,แอนติกาและบาร์บูดา,ATG,Antigua and Barbuda,Latin America & Caribbean ,High income,True
AL,แอลเบเนีย,ALB,Albania,Europe & Central Asia,Upper middle income,True
AM,อาร์เมเนีย,ARM,Armenia,Europe & Central Asia,Upper middle income,True
AO,แองโกลา,AGO,Angola,Sub-Saharan Africa ,Lower middle income,True
AR,อาร์เจนตินา,ARG,Argentina,Latin America & Caribbean ,Upper middle income,True
AS,อเมริกันซามัวร์,ASM,American Samoa,East Asia & Pacific,High income,True
AT,ออสเตรีย,AUT,Austria,Europe & Central Asia,High income,True
AU,ออสเตรเลีย,AUS,Australia,East Asia & Pacific,High income,True
AW,อารูบา,ABW,Aruba,Latin America & Caribbean ,High income,True
AZ,อาเซอร์ไบจาน,AZE,Azerbaijan,Europe & Central Asia,Upper middle income,True
BA,บอสเนียและเฮอร์เซโกวีนา,BIH,Bosnia and Herzegovina,Europe & Central Asia,Upper middle income,True
BB,บาร์เบโดส,BRB,Barbados,Latin America & Caribbean ,High income,True
BD,บังคลาเทศ,BGD,Bangladesh,South Asia,Lower middle income,True
BE,เบลเยียม,BEL,Belgium,Europe & Central Asia,High income,True
BF,บูร์กินาฟาโซ,BFA,Burkina Faso,Sub-Saharan Africa ,Low income,True
BG,บัลแกเรีย,BGR,Bulgaria,Europe & Central Asia,High income,True
BH,บาห์เรน,BHR,Bahrain,"Middle East, North Africa, Afghanistan & Pakistan",High income,True
BJ,เบนิน,BEN,Benin,Sub-Saharan Africa ,Lower middle income,True
BM,เบอร์มิวดา,BMU,Bermuda,North America,High income,True
BN,บรูไน,BRN,Brunei Darussalam,East Asia & Pacific,High income,True
BO,โบลิเวีย,BOL,Bolivia,Latin America & Caribbean ,Lower middle income,True
BR,บราซิล,BRA,Brazil,Latin America & Caribbean ,Upper middle income,True
BS,บาฮามาส,BHS,"Bahamas, The",Latin America & Caribbean ,High income,True
BT,ภูฏาน,BTN,Bhutan,South Asia,Lower middle income,True
BW,บอตสวานา,BWA,Botswana,Sub-Saharan Africa ,Upper middle income,True
BY,เบลารุส,BLR,Belarus,Europe & Central Asia,Upper middle income,True
BZ,เบลีซ,BLZ,Belize,Latin America & Caribbean ,Upper middle income,True
CA,แคนาดา,CAN,Canada,North America,High income,True
CD,"Congo, the Democratic Republic of the",COD,"Congo, Dem. Rep.",Sub-Saharan Africa ,Low income,True
CG,คองโก,COG,"Congo, Rep.",Sub-Saharan Africa ,Lower middle income,True
CH,สมาพันธรัฐสวิส,CHE,Switzerland,Europe & Central Asia,High income,True
CI,ไอเวอรี่โคส,CIV,Cote d'Ivoire,Sub-Saharan Africa ,Lower middle income,True
CK,หมู่เกาะคุก,,,,,False
CL,ชิลี,CHL,Chile,Latin America & Caribbean ,High income,True
CM,แคเมอรูน,CMR,Cameroon,Sub-Saharan Africa ,Lower middle income,True
CN,จีน,CHN,China,East Asia & Pacific,Upper middle income,True
CO,โคลัมเบีย,COL,Colombia,Latin America & Caribbean ,Upper middle income,True
CR,คอสตาริกา,CRI,Costa Rica,Latin America & Caribbean ,High income,True
CU,คิวบา,CUB,Cuba,Latin America & Caribbean ,Upper middle income,True
CW,CURACAO,CUW,Curacao,Latin America & Caribbean ,High income,True
CY,ไซปรัส,CYP,Cyprus,Europe & Central Asia,High income,True
CZ,เช็ก,CZE,Czechia,Europe & Central Asia,High income,True
DE,เยอรมนี,DEU,Germany,Europe & Central Asia,High income,True
DJ,จิบูตี,DJI,Djibouti,"Middle East, North Africa, Afghanistan & Pakistan",Lower middle income,True
DK,เดนมาร์ก,DNK,Denmark,Europe & Central Asia,High income,True
DM,โดมินิกัน,DMA,Dominica,Latin America & Caribbean ,Upper middle income,True
DO,สาธารณรัฐโดมินิกัน,DOM,Dominican Republic,Latin America & Caribbean ,Upper middle income,True
DZ,แอลจีเรีย,DZA,Algeria,"Middle East, North Africa, Afghanistan & Pakistan",Upper middle income,True
EC,เอกวาดอร์,ECU,Ecuador,Latin America & Caribbean ,Upper middle income,True
EE,เอสโตเนีย,EST,Estonia,Europe & Central Asia,High income,True
EG,อียิปต์,EGY,"Egypt, Arab Rep.","Middle East, North Africa, Afghanistan & Pakistan",Lower middle income,True
ES,สเปน,ESP,Spain,Europe & Central Asia,High income,True
ET,เอธิโอเปีย,ETH,Ethiopia,Sub-Saharan Africa ,Low income,True
FI,ฟินแลนด์,FIN,Finland,Europe & Central Asia,High income,True
FJ,ฟิจิ,FJI,Fiji,East Asia & Pacific,Upper middle income,True
FK,หมู่เกาะฟอล์กแลนด์,,,,,False
FM,ไมโครนีเซีย,FSM,"Micronesia, Fed. Sts.",East Asia & Pacific,Upper middle income,True
FO,หมู่เกาะแฟโร,FRO,Faroe Islands,Europe & Central Asia,High income,True
FR,ฝรั่งเศส,FRA,France,Europe & Central Asia,High income,True
GA,กาบอง,GAB,Gabon,Sub-Saharan Africa ,Upper middle income,True
GB,สหราชอาณาจักร,GBR,United Kingdom,Europe & Central Asia,High income,True
GD,เกรเนดา,GRD,Grenada,Latin America & Caribbean ,Upper middle income,True
GE,จอร์เจีย,GEO,Georgia,Europe & Central Asia,Upper middle income,True
GF,เฟรนช์เกียนา,,,,,False
GH,กานา,GHA,Ghana,Sub-Saharan Africa ,Lower middle income,True
GI,ยิบรอลตาร์,GIB,Gibraltar,Europe & Central Asia,High income,True
GL,กรีนแลนด์,GRL,Greenland,Europe & Central Asia,High income,True
GN,กินี,GIN,Guinea,Sub-Saharan Africa ,Lower middle income,True
GP,กัวเดอลุป,,,,,False
GR,กรีซ,GRC,Greece,Europe & Central Asia,High income,True
GS,เกาะเซาท์จอร์เจียและหมู่เกาะเซาท์แซนด์วิช,,,,,False
GT,กัวเตมาลา,GTM,Guatemala,Latin America & Caribbean ,Upper middle income,True
GU,กวม,GUM,Guam,East Asia & Pacific,High income,True
GY,กายอานา,GUY,Guyana,Latin America & Caribbean ,High income,True
HK,ฮ่องกง,HKG,"Hong Kong SAR, China",East Asia & Pacific,High income,True
HN,ฮอนดูรัส,HND,Honduras,Latin America & Caribbean ,Lower middle income,True
HR,โครเอเชีย,HRV,Croatia,Europe & Central Asia,High income,True
HT,เฮติ,HTI,Haiti,Latin America & Caribbean ,Lower middle income,True
HU,ฮังการี,HUN,Hungary,Europe & Central Asia,High income,True
ID,อินโดนีเซีย,IDN,Indonesia,East Asia & Pacific,Upper middle income,True
IE,ไอร์แลนด์,IRL,Ireland,Europe & Central Asia,High income,True
IL,อิสราเอล,ISR,Israel,"Middle East, North Africa, Afghanistan & Pakistan",High income,True
IN,อินเดีย,IND,India,South Asia,Lower middle income,True
IQ,อิรัก,IRQ,Iraq,"Middle East, North Africa, Afghanistan & Pakistan",Upper middle income,True
IR,อิหร่าน,IRN,"Iran, Islamic Rep.","Middle East, North Africa, Afghanistan & Pakistan",Upper middle income,True
IS,ไอซ์แลนด์,ISL,Iceland,Europe & Central Asia,High income,True
IT,อิตาลี,ITA,Italy,Europe & Central Asia,High income,True
JM,จาเมกา,JAM,Jamaica,Latin America & Caribbean ,Upper middle income,True
JO,จอร์แดน,JOR,Jordan,"Middle East, North Africa, Afghanistan & Pakistan",Upper middle income,True
JP,ญี่ปุ่น,JPN,Japan,East Asia & Pacific,High income,True
KE,เคนยา,KEN,Kenya,Sub-Saharan Africa ,Lower middle income,True
KH,กัมพูชา,KHM,Cambodia,East Asia & Pacific,Lower middle income,True
KI,คิริบาส,KIR,Kiribati,East Asia & Pacific,Lower middle income,True
KR,เกาหลีใต้,KOR,"Korea, Rep.",East Asia & Pacific,High income,True
KW,คูเวต,KWT,Kuwait,"Middle East, North Africa, Afghanistan & Pakistan",High income,True
KY,หมู่เกาะเคย์แมน,CYM,Cayman Islands,Latin America & Caribbean ,High income,True
KZ,คาซัคสถาน,KAZ,Kazakhstan,Europe & Central Asia,Upper middle income,True
LA,ลาว,LAO,Lao PDR,East Asia & Pacific,Lower middle income,True
LB,เลบานอน,LBN,Lebanon,"Middle East, North Africa, Afghanistan & Pakistan",Lower middle income,True
LC,เซนต์ลูเซีย,LCA,St. Lucia,Latin America & Caribbean ,Upper middle income,True
LI,ลิกเตนสไตน์,LIE,Liechtenstein,Europe & Central Asia,High income,True
LK,ศรีลังกา,LKA,Sri Lanka,South Asia,Upper middle income,True
LR,ลิเบีย,LBR,Liberia,Sub-Saharan Africa ,Low income,True
LT,ลิทัวเนีย,LTU,Lithuania,Europe & Central Asia,High income,True
LV,ลัตเวีย,LVA,Latvia,Europe & Central Asia,High income,True
LY,ลิยานอาหรับจามาฐิยา,LBY,Libya,"Middle East, North Africa, Afghanistan & Pakistan",Upper middle income,True
MA,โมร็อกโก,MAR,Morocco,"Middle East, North Africa, Afghanistan & Pakistan",Lower middle income,True
MC,โมนาโก,MCO,Monaco,Europe & Central Asia,High income,True
MD,มอลโดวา,MDA,Moldova,Europe & Central Asia,Upper middle income,True
ME,มอนเตเนโกร,MNE,Montenegro,Europe & Central Asia,Upper middle income,True
MG,มาดากัสการ์,MDG,Madagascar,Sub-Saharan Africa ,Low income,True
MH,หมู่เกาะมาร์แชลล์,MHL,Marshall Islands,East Asia & Pacific,Upper middle income,True
MK,มาซิโดเนีย,MKD,North Macedonia,Europe & Central Asia,Upper middle income,True
ML,มาลี,MLI,Mali,Sub-Saharan Africa ,Low income,True
MM,พม่า,MMR,Myanmar,East Asia & Pacific,Lower middle income,True
MN,มองโกเลีย,MNG,Mongolia,East Asia & Pacific,Upper middle income,True
MO,มาเก๊า,MAC,"Macao SAR, China",East Asia & Pacific,High income,True
MP,หมู่เกาะนอร์เทิร์นมาเรียนา,MNP,Northern Mariana Islands,East Asia & Pacific,High income,True
MQ,มาร์ตีนิก,,,,,False
MR,มอริเตเนีย,MRT,Mauritania,Sub-Saharan Africa ,Lower middle income,True
MT,มอลต้า,MLT,Malta,"Middle East, North Africa, Afghanistan & Pakistan",High income,True
MU,มอริเชียส,MUS,Mauritius,Sub-Saharan Africa ,Upper middle income,True
MV,มัลดีฟส์,MDV,Maldives,South Asia,Upper middle income,True
MX,เม็กซิโก,MEX,Mexico,Latin America & Caribbean ,Upper middle income,True
MY,มาเลเซีย,MYS,Malaysia,East Asia & Pacific,Upper middle income,True
MZ,โมซัมบิก,MOZ,Mozambique,Sub-Saharan Africa ,Low income,True
NA,นามิเบีย,NAM,Namibia,Sub-Saharan Africa ,Lower middle income,True
NC,นิวแคลิโดเนีย,NCL,New Caledonia,East Asia & Pacific,High income,True
NE,ไนเจอร์,NER,Niger,Sub-Saharan Africa ,Low income,True
NG,ไนจีเรีย,NGA,Nigeria,Sub-Saharan Africa ,Lower middle income,True
NI,นิคารากัว,NIC,Nicaragua,Latin America & Caribbean ,Lower middle income,True
NL,เนเธอร์แลนด์,NLD,Netherlands,Europe & Central Asia,High income,True
NO,นอร์เวย์,NOR,Norway,Europe & Central Asia,High income,True
NP,เนปาล,NPL,Nepal,South Asia,Lower middle income,True
NR,นาอูรู,NRU,Naoero,East Asia & Pacific,High income,True
NZ,นิวซีแลนด์,NZL,New Zealand,East Asia & Pacific,High income,True
OM,โอมาน,OMN,Oman,"Middle East, North Africa, Afghanistan & Pakistan",High income,True
PA,ปานามา,PAN,Panama,Latin America & Caribbean ,High income,True
PE,เปรู,PER,Peru,Latin America & Caribbean ,Upper middle income,True
PF,เฟรนซ์โปลินีเซีย,PYF,French Polynesia,East Asia & Pacific,High income,True
PG,ปาปัวนิวกินี,PNG,Papua New Guinea,East Asia & Pacific,Lower middle income,True
PH,ฟิลิปปินส์,PHL,Philippines,East Asia & Pacific,Upper middle income,True
PK,ปากีสถาน,PAK,Pakistan,"Middle East, North Africa, Afghanistan & Pakistan",Lower middle income,True
PL,โปแลนด์,POL,Poland,Europe & Central Asia,High income,True
PR,เปอร์โตริโก,PRI,Puerto Rico (US),Latin America & Caribbean ,High income,True
PS,ปาเลสไตน์,PSE,West Bank and Gaza,"Middle East, North Africa, Afghanistan & Pakistan",Lower middle income,True
PT,โปรตุเกส,PRT,Portugal,Europe & Central Asia,High income,True
PW,ปาเลา,PLW,Palau,East Asia & Pacific,High income,True
PY,ปารากวัย,PRY,Paraguay,Latin America & Caribbean ,Upper middle income,True
QA,กาตาร์,QAT,Qatar,"Middle East, North Africa, Afghanistan & Pakistan",High income,True
RE,รียูเนี่ยน,,,,,False
RO,โรมาเนีย,ROU,Romania,Europe & Central Asia,High income,True
RS,เซอร์เบีย,SRB,Serbia,Europe & Central Asia,Upper middle income,True
RU,รัสเซีย,RUS,Russian Federation,Europe & Central Asia,High income,True
RW,รวันดา,RWA,Rwanda,Sub-Saharan Africa ,Low income,True
SA,ซาอุดิอาระเบีย,SAU,Saudi Arabia,"Middle East, North Africa, Afghanistan & Pakistan",High income,True
SB,หมู่เกาะโซโลมอน,SLB,Solomon Islands,East Asia & Pacific,Lower middle income,True
SC,เซเชลส์,SYC,Seychelles,Sub-Saharan Africa ,High income,True
SD,ซูดาน,SDN,Sudan,Sub-Saharan Africa ,Low income,True
SE,สวีเดน,SWE,Sweden,Europe & Central Asia,High income,True
SG,สิงคโปร์,SGP,Singapore,East Asia & Pacific,High income,True
SI,สโลเวเนีย,SVN,Slovenia,Europe & Central Asia,High income,True
SK,สโลวาเกีย,SVK,Slovak Republic,Europe & Central Asia,High income,True
SL,เซียร์ราลีโอน,SLE,Sierra Leone,Sub-Saharan Africa ,Low income,True
SN,เซเนกัล,SEN,Senegal,Sub-Saharan Africa ,Lower middle income,True
SO,โซมาเลีย,SOM,"Somalia, Fed. Rep.",Sub-Saharan Africa ,Low income,True
SR,Suriname,SUR,Suriname,Latin America & Caribbean ,Upper middle income,True
SS,ซูดานใต้,SSD,South Sudan,Sub-Saharan Africa ,Low income,True
SV,เอซาวาดอร์,SLV,El Salvador,Latin America & Caribbean ,Upper middle income,True
SY,ซีเรีย,SYR,Syrian Arab Republic,"Middle East, North Africa, Afghanistan & Pakistan",Low income,True
TG,โตโก,TGO,Togo,Sub-Saharan Africa ,Lower middle income,True
TH,ไทย,THA,Thailand,East Asia & Pacific,Upper middle income,True
TL,ติมอร์-เลสเต,TLS,Timor-Leste,East Asia & Pacific,Lower middle income,True
TM,เติร์กเมนิสถาน,TKM,Turkmenistan,Europe & Central Asia,Upper middle income,True
TN,ตูนีเซีย,TUN,Tunisia,"Middle East, North Africa, Afghanistan & Pakistan",Lower middle income,True
TO,ตองกา,TON,Tonga,East Asia & Pacific,Upper middle income,True
TR,ตุรกี,TUR,Turkiye,Europe & Central Asia,Upper middle income,True
TT,ตรินิแดดและโตเบโก,TTO,Trinidad and Tobago,Latin America & Caribbean ,High income,True
TV,ตูวาลู,TUV,Tuvalu,East Asia & Pacific,Upper middle income,True
TW,ไต้หวัน,,,,,False
TZ,แทนซาเนีย,TZA,Tanzania,Sub-Saharan Africa ,Lower middle income,True
UA,ยูเครน,UKR,Ukraine,Europe & Central Asia,Upper middle income,True
UG,อูกานดา,UGA,Uganda,Sub-Saharan Africa ,Low income,True
US,สหรัฐอเมริกา,USA,United States,North America,High income,True
UY,อุรุกวัย,URY,Uruguay,Latin America & Caribbean ,High income,True
UZ,อุซเบกิสถาน,UZB,Uzbekistan,Europe & Central Asia,Lower middle income,True
VC,เซนต์วินเซนต์และเกรนาดีนส์,VCT,St. Vincent and the Grenadines,Latin America & Caribbean ,Upper middle income,True
VE,เวเนซูเอร่า,VEN,"Venezuela, RB",Latin America & Caribbean ,Lower middle income,True
VN,เวียดนาม,VNM,Viet Nam,East Asia & Pacific,Upper middle income,True
VU,วานูอาตู,VUT,Vanuatu,East Asia & Pacific,Lower middle income,True
WF,หมู่เกาะวาลลิสและหมู่เกาะฟุตูนา,,,,,False
WS,ซามัว,WSM,Samoa,East Asia & Pacific,Upper middle income,True
YE,เยเมน,YEM,"Yemen, Rep.","Middle East, North Africa, Afghanistan & Pakistan",Low income,True
YT,มายอต,,,,,False
ZA,แอฟริกาใต้,ZAF,South Africa,Sub-Saharan Africa ,Upper middle income,True
ZM,แซมเบีย,ZMB,Zambia,Sub-Saharan Africa ,Lower middle income,True
ZW,ซิมบับเว,ZWE,Zimbabwe,Sub-Saharan Africa ,Lower middle income,True
LU,ลักเซมเบิร์ก,LUX,Luxembourg,Europe & Central Asia,High income,True
CF,แอฟริกากลาง,CAF,Central African Republic,Sub-Saharan Africa ,Low income,True
CV,เคปเวิร์ด,CPV,Cabo Verde,Sub-Saharan Africa ,Upper middle income,True
BL,แซงบาร์เตเลมี,,,,,False
KM,คอโมโรส,COM,Comoros,Sub-Saharan Africa ,Lower middle income,True
GQ,อิเควทอเรียลกินี,GNQ,Equatorial Guinea,Sub-Saharan Africa ,Upper middle income,True
TD,ชาด,TCD,Chad,Sub-Saharan Africa ,Low income,True
AN,เนเธอร์แลนด์แอนทิลลิส,,,,,False
KG,คีร์กิซ,KGZ,Kyrgyz Republic,Europe & Central Asia,Lower middle income,True
