date,year,year_be,month,country_iso2,country_name,cert_count
2021-10-01,2021,2564,10,AU,Australia,0
2021-10-01,2021,2564,10,CA,Canada,0
2021-10-01,2021,2564,10,CN,China,46
2021-10-01,2021,2564,10,GB,United Kingdom,0
2021-10-01,2021,2564,10,IN,India,25
2021-10-01,2021,2564,10,JP,Japan,60
2021-10-01,2021,2564,10,KR,"Korea, Republic Of (South)",127
2021-10-01,2021,2564,10,MM,Myanmar,0
2021-10-01,2021,2564,10,MY,Malaysia,43
2021-10-01,2021,2564,10,OTHER,ประเทศอื่นๆ,236
2021-10-01,2021,2564,10,PH,Philippines,18
2021-10-01,2021,2564,10,SG,Singapore,35
2021-10-01,2021,2564,10,TW,Taiwan,35
2021-10-01,2021,2564,10,US,United States,37
2021-10-01,2021,2564,10,VN,Vietnam,20
2021-11-01,2021,2564,11,AU,Australia,0
2021-11-01,2021,2564,11,CA,Canada,22
2021-11-01,2021,2564,11,CN,China,58
2021-11-01,2021,2564,11,GB,United Kingdom,0
2021-11-01,2021,2564,11,IN,India,22
2021-11-01,2021,2564,11,JP,Japan,58
2021-11-01,2021,2564,11,KR,"Korea, Republic Of (South)",140
2021-11-01,2021,2564,11,MM,Myanmar,0
2021-11-01,2021,2564,11,MY,Malaysia,54
2021-11-01,2021,2564,11,OTHER,ประเทศอื่นๆ,269
2021-11-01,2021,2564,11,PH,Philippines,24
2021-11-01,2021,2564,11,SG,Singapore,36
2021-11-01,2021,2564,11,TW,Taiwan,33
2021-11-01,2021,2564,11,US,United States,32
2021-11-01,2021,2564,11,VN,Vietnam,0
2021-12-01,2021,2564,12,AU,Australia,0
2021-12-01,2021,2564,12,CA,Canada,25
2021-12-01,2021,2564,12,CN,China,71
2021-12-01,2021,2564,12,GB,United Kingdom,0
2021-12-01,2021,2564,12,IN,India,23
2021-12-01,2021,2564,12,JP,Japan,42
2021-12-01,2021,2564,12,KR,"Korea, Republic Of (South)",115
2021-12-01,2021,2564,12,MM,Myanmar,21
2021-12-01,2021,2564,12,MY,Malaysia,99
2021-12-01,2021,2564,12,OTHER,ประเทศอื่นๆ,221
2021-12-01,2021,2564,12,PH,Philippines,0
2021-12-01,2021,2564,12,SG,Singapore,34
2021-12-01,2021,2564,12,TW,Taiwan,25
2021-12-01,2021,2564,12,US,United States,31
2021-12-01,2021,2564,12,VN,Vietnam,0
2022-01-01,2022,2565,1,AU,Australia,25
2022-01-01,2022,2565,1,CA,Canada,23
2022-01-01,2022,2565,1,CN,China,56
2022-01-01,2022,2565,1,GB,United Kingdom,22
2022-01-01,2022,2565,1,IN,India,0
2022-01-01,2022,2565,1,JP,Japan,53
2022-01-01,2022,2565,1,KR,"Korea, Republic Of (South)",97
2022-01-01,2022,2565,1,MM,Myanmar,0
2022-01-01,2022,2565,1,MY,Malaysia,93
2022-01-01,2022,2565,1,OTHER,ประเทศอื่นๆ,281
2022-01-01,2022,2565,1,PH,Philippines,0
2022-01-01,2022,2565,1,SG,Singapore,30
2022-01-01,2022,2565,1,TW,Taiwan,27
2022-01-01,2022,2565,1,US,United States,39
2022-01-01,2022,2565,1,VN,Vietnam,0
2022-02-01,2022,2565,2,AU,Australia,0
2022-02-01,2022,2565,2,CA,Canada,19
2022-02-01,2022,2565,2,CN,China,59
2022-02-01,2022,2565,2,GB,United Kingdom,19
2022-02-01,2022,2565,2,IN,India,23
2022-02-01,2022,2565,2,JP,Japan,44
2022-02-01,2022,2565,2,KR,"Korea, Republic Of (South)",115
2022-02-01,2022,2565,2,MM,Myanmar,0
2022-02-01,2022,2565,2,MY,Malaysia,27
2022-02-01,2022,2565,2,OTHER,ประเทศอื่นๆ,287
2022-02-01,2022,2565,2,PH,Philippines,0
2022-02-01,2022,2565,2,SG,Singapore,31
2022-02-01,2022,2565,2,TW,Taiwan,31
2022-02-01,2022,2565,2,US,United States,38
2022-02-01,2022,2565,2,VN,Vietnam,0
2022-03-01,2022,2565,3,AU,Australia,0
2022-03-01,2022,2565,3,CA,Canada,28
2022-03-01,2022,2565,3,CN,China,71
2022-03-01,2022,2565,3,GB,United Kingdom,0
2022-03-01,2022,2565,3,IN,India,31
2022-03-01,2022,2565,3,JP,Japan,57
2022-03-01,2022,2565,3,KR,"Korea, Republic Of (South)",128
2022-03-01,2022,2565,3,MM,Myanmar,0
2022-03-01,2022,2565,3,MY,Malaysia,100
2022-03-01,2022,2565,3,OTHER,ประเทศอื่นๆ,313
2022-03-01,2022,2565,3,PH,Philippines,0
2022-03-01,2022,2565,3,SG,Singapore,41
2022-03-01,2022,2565,3,TW,Taiwan,38
2022-03-01,2022,2565,3,US,United States,38
2022-03-01,2022,2565,3,VN,Vietnam,25
2022-04-01,2022,2565,4,AU,Australia,22
2022-04-01,2022,2565,4,CA,Canada,34
2022-04-01,2022,2565,4,CN,China,41
2022-04-01,2022,2565,4,GB,United Kingdom,0
2022-04-01,2022,2565,4,IN,India,0
2022-04-01,2022,2565,4,JP,Japan,57
2022-04-01,2022,2565,4,KR,"Korea, Republic Of (South)",125
2022-04-01,2022,2565,4,MM,Myanmar,0
2022-04-01,2022,2565,4,MY,Malaysia,83
2022-04-01,2022,2565,4,OTHER,ประเทศอื่นๆ,262
2022-04-01,2022,2565,4,PH,Philippines,0
2022-04-01,2022,2565,4,SG,Singapore,33
2022-04-01,2022,2565,4,TW,Taiwan,34
2022-04-01,2022,2565,4,US,United States,41
2022-04-01,2022,2565,4,VN,Vietnam,22
2022-05-01,2022,2565,5,AU,Australia,0
2022-05-01,2022,2565,5,CA,Canada,44
2022-05-01,2022,2565,5,CN,China,96
2022-05-01,2022,2565,5,GB,United Kingdom,0
2022-05-01,2022,2565,5,IN,India,23
2022-05-01,2022,2565,5,JP,Japan,47
2022-05-01,2022,2565,5,KR,"Korea, Republic Of (South)",140
2022-05-01,2022,2565,5,MM,Myanmar,0
2022-05-01,2022,2565,5,MY,Malaysia,76
2022-05-01,2022,2565,5,OTHER,ประเทศอื่นๆ,281
2022-05-01,2022,2565,5,PH,Philippines,0
2022-05-01,2022,2565,5,SG,Singapore,38
2022-05-01,2022,2565,5,TW,Taiwan,27
2022-05-01,2022,2565,5,US,United States,49
2022-05-01,2022,2565,5,VN,Vietnam,33
2022-06-01,2022,2565,6,AU,Australia,0
2022-06-01,2022,2565,6,CA,Canada,27
2022-06-01,2022,2565,6,CN,China,73
2022-06-01,2022,2565,6,GB,United Kingdom,0
2022-06-01,2022,2565,6,IN,India,29
2022-06-01,2022,2565,6,JP,Japan,51
2022-06-01,2022,2565,6,KR,"Korea, Republic Of (South)",114
2022-06-01,2022,2565,6,MM,Myanmar,0
2022-06-01,2022,2565,6,MY,Malaysia,99
2022-06-01,2022,2565,6,OTHER,ประเทศอื่นๆ,243
2022-06-01,2022,2565,6,PH,Philippines,0
2022-06-01,2022,2565,6,SG,Singapore,35
2022-06-01,2022,2565,6,TW,Taiwan,31
2022-06-01,2022,2565,6,US,United States,37
2022-06-01,2022,2565,6,VN,Vietnam,37
2022-07-01,2022,2565,7,AU,Australia,0
2022-07-01,2022,2565,7,CA,Canada,29
2022-07-01,2022,2565,7,CN,China,52
2022-07-01,2022,2565,7,GB,United Kingdom,0
2022-07-01,2022,2565,7,IN,India,28
2022-07-01,2022,2565,7,JP,Japan,58
2022-07-01,2022,2565,7,KR,"Korea, Republic Of (South)",107
2022-07-01,2022,2565,7,MM,Myanmar,0
2022-07-01,2022,2565,7,MY,Malaysia,83
2022-07-01,2022,2565,7,OTHER,ประเทศอื่นๆ,202
2022-07-01,2022,2565,7,PH,Philippines,0
2022-07-01,2022,2565,7,SG,Singapore,30
2022-07-01,2022,2565,7,TW,Taiwan,29
2022-07-01,2022,2565,7,US,United States,48
2022-07-01,2022,2565,7,VN,Vietnam,24
2022-08-01,2022,2565,8,AU,Australia,0
2022-08-01,2022,2565,8,CA,Canada,22
2022-08-01,2022,2565,8,CN,China,64
2022-08-01,2022,2565,8,GB,United Kingdom,17
2022-08-01,2022,2565,8,IN,India,32
2022-08-01,2022,2565,8,JP,Japan,51
2022-08-01,2022,2565,8,KR,"Korea, Republic Of (South)",139
2022-08-01,2022,2565,8,MM,Myanmar,0
2022-08-01,2022,2565,8,MY,Malaysia,111
2022-08-01,2022,2565,8,OTHER,ประเทศอื่นๆ,250
2022-08-01,2022,2565,8,PH,Philippines,0
2022-08-01,2022,2565,8,SG,Singapore,37
2022-08-01,2022,2565,8,TW,Taiwan,31
2022-08-01,2022,2565,8,US,United States,72
2022-08-01,2022,2565,8,VN,Vietnam,0
2022-09-01,2022,2565,9,AU,Australia,0
2022-09-01,2022,2565,9,CA,Canada,23
2022-09-01,2022,2565,9,CN,China,63
2022-09-01,2022,2565,9,GB,United Kingdom,22
2022-09-01,2022,2565,9,IN,India,25
2022-09-01,2022,2565,9,JP,Japan,65
2022-09-01,2022,2565,9,KR,"Korea, Republic Of (South)",135
2022-09-01,2022,2565,9,MM,Myanmar,0
2022-09-01,2022,2565,9,MY,Malaysia,102
2022-09-01,2022,2565,9,OTHER,ประเทศอื่นๆ,284
2022-09-01,2022,2565,9,PH,Philippines,0
2022-09-01,2022,2565,9,SG,Singapore,37
2022-09-01,2022,2565,9,TW,Taiwan,35
2022-09-01,2022,2565,9,US,United States,70
2022-09-01,2022,2565,9,VN,Vietnam,0
2023-10-01,2023,2566,10,AE,United Arab Emirates,0
2023-10-01,2023,2566,10,CA,Canada,27
2023-10-01,2023,2566,10,CN,China,51
2023-10-01,2023,2566,10,FR,France,0
2023-10-01,2023,2566,10,GB,United Kingdom,0
2023-10-01,2023,2566,10,IN,India,31
2023-10-01,2023,2566,10,IR,Iran,0
2023-10-01,2023,2566,10,IT,Italy,20
2023-10-01,2023,2566,10,JP,Japan,54
2023-10-01,2023,2566,10,KR,"Korea, Republic Of (South)",134
2023-10-01,2023,2566,10,MM,Myanmar,0
2023-10-01,2023,2566,10,MY,Malaysia,61
2023-10-01,2023,2566,10,OTHER,ประเทศอื่นๆ,279
2023-10-01,2023,2566,10,SG,Singapore,35
2023-10-01,2023,2566,10,TW,Taiwan,48
2023-10-01,2023,2566,10,US,United States,69
2023-10-01,2023,2566,10,VN,Vietnam,0
2023-11-01,2023,2566,11,AE,United Arab Emirates,0
2023-11-01,2023,2566,11,CA,Canada,25
2023-11-01,2023,2566,11,CN,China,70
2023-11-01,2023,2566,11,FR,France,0
2023-11-01,2023,2566,11,GB,United Kingdom,20
2023-11-01,2023,2566,11,IN,India,0
2023-11-01,2023,2566,11,IR,Iran,0
2023-11-01,2023,2566,11,IT,Italy,0
2023-11-01,2023,2566,11,JP,Japan,58
2023-11-01,2023,2566,11,KR,"Korea, Republic Of (South)",116
2023-11-01,2023,2566,11,MM,Myanmar,0
2023-11-01,2023,2566,11,MY,Malaysia,47
2023-11-01,2023,2566,11,OTHER,ประเทศอื่นๆ,304
2023-11-01,2023,2566,11,SG,Singapore,33
2023-11-01,2023,2566,11,TW,Taiwan,45
2023-11-01,2023,2566,11,US,United States,52
2023-11-01,2023,2566,11,VN,Vietnam,22
2023-12-01,2023,2566,12,AE,United Arab Emirates,0
2023-12-01,2023,2566,12,CA,Canada,26
2023-12-01,2023,2566,12,CN,China,67
2023-12-01,2023,2566,12,FR,France,0
2023-12-01,2023,2566,12,GB,United Kingdom,0
2023-12-01,2023,2566,12,IN,India,23
2023-12-01,2023,2566,12,IR,Iran,0
2023-12-01,2023,2566,12,IT,Italy,0
2023-12-01,2023,2566,12,JP,Japan,42
2023-12-01,2023,2566,12,KR,"Korea, Republic Of (South)",85
2023-12-01,2023,2566,12,MM,Myanmar,11
2023-12-01,2023,2566,12,MY,Malaysia,69
2023-12-01,2023,2566,12,OTHER,ประเทศอื่นๆ,204
2023-12-01,2023,2566,12,SG,Singapore,23
2023-12-01,2023,2566,12,TW,Taiwan,23
2023-12-01,2023,2566,12,US,United States,46
2023-12-01,2023,2566,12,VN,Vietnam,0
2024-01-01,2024,2567,1,AE,United Arab Emirates,0
2024-01-01,2024,2567,1,CA,Canada,23
2024-01-01,2024,2567,1,CN,China,83
2024-01-01,2024,2567,1,FR,France,0
2024-01-01,2024,2567,1,GB,United Kingdom,0
2024-01-01,2024,2567,1,IN,India,20
2024-01-01,2024,2567,1,IR,Iran,0
2024-01-01,2024,2567,1,IT,Italy,21
2024-01-01,2024,2567,1,JP,Japan,49
2024-01-01,2024,2567,1,KR,"Korea, Republic Of (South)",131
2024-01-01,2024,2567,1,MM,Myanmar,0
2024-01-01,2024,2567,1,MY,Malaysia,79
2024-01-01,2024,2567,1,OTHER,ประเทศอื่นๆ,293
2024-01-01,2024,2567,1,SG,Singapore,40
2024-01-01,2024,2567,1,TW,Taiwan,31
2024-01-01,2024,2567,1,US,United States,69
2024-01-01,2024,2567,1,VN,Vietnam,0
2024-02-01,2024,2567,2,AE,United Arab Emirates,0
2024-02-01,2024,2567,2,CA,Canada,24
2024-02-01,2024,2567,2,CN,China,54
2024-02-01,2024,2567,2,FR,France,0
2024-02-01,2024,2567,2,GB,United Kingdom,0
2024-02-01,2024,2567,2,IN,India,33
2024-02-01,2024,2567,2,IR,Iran,20
2024-02-01,2024,2567,2,IT,Italy,0
2024-02-01,2024,2567,2,JP,Japan,47
2024-02-01,2024,2567,2,KR,"Korea, Republic Of (South)",110
2024-02-01,2024,2567,2,MM,Myanmar,0
2024-02-01,2024,2567,2,MY,Malaysia,64
2024-02-01,2024,2567,2,OTHER,ประเทศอื่นๆ,278
2024-02-01,2024,2567,2,SG,Singapore,34
2024-02-01,2024,2567,2,TW,Taiwan,47
2024-02-01,2024,2567,2,US,United States,74
2024-02-01,2024,2567,2,VN,Vietnam,0
2024-03-01,2024,2567,3,AE,United Arab Emirates,18
2024-03-01,2024,2567,3,CA,Canada,25
2024-03-01,2024,2567,3,CN,China,70
2024-03-01,2024,2567,3,FR,France,0
2024-03-01,2024,2567,3,GB,United Kingdom,0
2024-03-01,2024,2567,3,IN,India,29
2024-03-01,2024,2567,3,IR,Iran,0
2024-03-01,2024,2567,3,IT,Italy,0
2024-03-01,2024,2567,3,JP,Japan,54
2024-03-01,2024,2567,3,KR,"Korea, Republic Of (South)",111
2024-03-01,2024,2567,3,MM,Myanmar,0
2024-03-01,2024,2567,3,MY,Malaysia,76
2024-03-01,2024,2567,3,OTHER,ประเทศอื่นๆ,296
2024-03-01,2024,2567,3,SG,Singapore,31
2024-03-01,2024,2567,3,TW,Taiwan,62
2024-03-01,2024,2567,3,US,United States,84
2024-03-01,2024,2567,3,VN,Vietnam,0
2024-04-01,2024,2567,4,AE,United Arab Emirates,0
2024-04-01,2024,2567,4,CA,Canada,28
2024-04-01,2024,2567,4,CN,China,60
2024-04-01,2024,2567,4,FR,France,20
2024-04-01,2024,2567,4,GB,United Kingdom,0
2024-04-01,2024,2567,4,IN,India,26
2024-04-01,2024,2567,4,IR,Iran,0
2024-04-01,2024,2567,4,IT,Italy,0
2024-04-01,2024,2567,4,JP,Japan,57
2024-04-01,2024,2567,4,KR,"Korea, Republic Of (South)",129
2024-04-01,2024,2567,4,MM,Myanmar,0
2024-04-01,2024,2567,4,MY,Malaysia,70
2024-04-01,2024,2567,4,OTHER,ประเทศอื่นๆ,315
2024-04-01,2024,2567,4,SG,Singapore,36
2024-04-01,2024,2567,4,TW,Taiwan,45
2024-04-01,2024,2567,4,US,United States,62
2024-04-01,2024,2567,4,VN,Vietnam,0
2024-05-01,2024,2567,5,AE,United Arab Emirates,0
2024-05-01,2024,2567,5,CA,Canada,35
2024-05-01,2024,2567,5,CN,China,66
2024-05-01,2024,2567,5,FR,France,0
2024-05-01,2024,2567,5,GB,United Kingdom,0
2024-05-01,2024,2567,5,IN,India,29
2024-05-01,2024,2567,5,IR,Iran,0
2024-05-01,2024,2567,5,IT,Italy,0
2024-05-01,2024,2567,5,JP,Japan,52
2024-05-01,2024,2567,5,KR,"Korea, Republic Of (South)",101
2024-05-01,2024,2567,5,MM,Myanmar,25
2024-05-01,2024,2567,5,MY,Malaysia,65
2024-05-01,2024,2567,5,OTHER,ประเทศอื่นๆ,260
2024-05-01,2024,2567,5,SG,Singapore,25
2024-05-01,2024,2567,5,TW,Taiwan,30
2024-05-01,2024,2567,5,US,United States,59
2024-05-01,2024,2567,5,VN,Vietnam,0
2024-09-01,2024,2567,9,AE,United Arab Emirates,0
2024-09-01,2024,2567,9,CA,Canada,39
2024-09-01,2024,2567,9,CN,China,77
2024-09-01,2024,2567,9,FR,France,0
2024-09-01,2024,2567,9,GB,United Kingdom,0
2024-09-01,2024,2567,9,IN,India,0
2024-09-01,2024,2567,9,IR,Iran,0
2024-09-01,2024,2567,9,IT,Italy,27
2024-09-01,2024,2567,9,JP,Japan,51
2024-09-01,2024,2567,9,KR,"Korea, Republic Of (South)",122
2024-09-01,2024,2567,9,MM,Myanmar,0
2024-09-01,2024,2567,9,MY,Malaysia,101
2024-09-01,2024,2567,9,OTHER,ประเทศอื่นๆ,298
2024-09-01,2024,2567,9,SG,Singapore,35
2024-09-01,2024,2567,9,TW,Taiwan,36
2024-09-01,2024,2567,9,US,United States,71
2024-09-01,2024,2567,9,VN,Vietnam,29
2024-10-01,2024,2567,10,AE,United Arab Emirates,0
2024-10-01,2024,2567,10,CA,Canada,29
2024-10-01,2024,2567,10,CN,China,56
2024-10-01,2024,2567,10,FR,France,0
2024-10-01,2024,2567,10,GB,United Kingdom,0
2024-10-01,2024,2567,10,IN,India,39
2024-10-01,2024,2567,10,IR,Iran,0
2024-10-01,2024,2567,10,IT,Italy,0
2024-10-01,2024,2567,10,JP,Japan,50
2024-10-01,2024,2567,10,KR,"Korea, Republic Of (South)",100
2024-10-01,2024,2567,10,MM,Myanmar,0
2024-10-01,2024,2567,10,MY,Malaysia,102
2024-10-01,2024,2567,10,OTHER,ประเทศอื่นๆ,297
2024-10-01,2024,2567,10,SG,Singapore,31
2024-10-01,2024,2567,10,TW,Taiwan,35
2024-10-01,2024,2567,10,US,United States,78
2024-10-01,2024,2567,10,VN,Vietnam,23
2024-11-01,2024,2567,11,AE,United Arab Emirates,0
2024-11-01,2024,2567,11,CA,Canada,24
2024-11-01,2024,2567,11,CN,China,68
2024-11-01,2024,2567,11,FR,France,0
2024-11-01,2024,2567,11,GB,United Kingdom,0
2024-11-01,2024,2567,11,IN,India,21
2024-11-01,2024,2567,11,IR,Iran,0
2024-11-01,2024,2567,11,IT,Italy,0
2024-11-01,2024,2567,11,JP,Japan,41
2024-11-01,2024,2567,11,KR,"Korea, Republic Of (South)",107
2024-11-01,2024,2567,11,MM,Myanmar,20
2024-11-01,2024,2567,11,MY,Malaysia,83
2024-11-01,2024,2567,11,OTHER,ประเทศอื่นๆ,301
2024-11-01,2024,2567,11,SG,Singapore,30
2024-11-01,2024,2567,11,TW,Taiwan,35
2024-11-01,2024,2567,11,US,United States,58
2024-11-01,2024,2567,11,VN,Vietnam,0
2024-12-01,2024,2567,12,AE,United Arab Emirates,0
2024-12-01,2024,2567,12,CA,Canada,21
2024-12-01,2024,2567,12,CN,China,85
2024-12-01,2024,2567,12,FR,France,0
2024-12-01,2024,2567,12,GB,United Kingdom,0
2024-12-01,2024,2567,12,IN,India,34
2024-12-01,2024,2567,12,IR,Iran,0
2024-12-01,2024,2567,12,IT,Italy,0
2024-12-01,2024,2567,12,JP,Japan,39
2024-12-01,2024,2567,12,KR,"Korea, Republic Of (South)",88
2024-12-01,2024,2567,12,MM,Myanmar,20
2024-12-01,2024,2567,12,MY,Malaysia,73
2024-12-01,2024,2567,12,OTHER,ประเทศอื่นๆ,260
2024-12-01,2024,2567,12,SG,Singapore,30
2024-12-01,2024,2567,12,TW,Taiwan,40
2024-12-01,2024,2567,12,US,United States,56
2024-12-01,2024,2567,12,VN,Vietnam,0
2025-01-01,2025,2568,1,AE,United Arab Emirates,0
2025-01-01,2025,2568,1,CA,Canada,20
2025-01-01,2025,2568,1,CN,China,56
2025-01-01,2025,2568,1,DE,Germany,19
2025-01-01,2025,2568,1,FR,France,0
2025-01-01,2025,2568,1,GB,United Kingdom,0
2025-01-01,2025,2568,1,IN,India,33
2025-01-01,2025,2568,1,IR,Iran,0
2025-01-01,2025,2568,1,IT,Italy,0
2025-01-01,2025,2568,1,JP,Japan,43
2025-01-01,2025,2568,1,KR,"Korea, Republic Of (South)",87
2025-01-01,2025,2568,1,MM,Myanmar,0
2025-01-01,2025,2568,1,MY,Malaysia,69
2025-01-01,2025,2568,1,OTHER,ประเทศอื่นๆ,297
2025-01-01,2025,2568,1,PH,Philippines,0
2025-01-01,2025,2568,1,SG,Singapore,31
2025-01-01,2025,2568,1,TW,Taiwan,27
2025-01-01,2025,2568,1,US,United States,63
2025-01-01,2025,2568,1,VN,Vietnam,23
2025-02-01,2025,2568,2,AE,United Arab Emirates,0
2025-02-01,2025,2568,2,CA,Canada,27
2025-02-01,2025,2568,2,CN,China,88
2025-02-01,2025,2568,2,FR,France,0
2025-02-01,2025,2568,2,GB,United Kingdom,0
2025-02-01,2025,2568,2,IN,India,29
2025-02-01,2025,2568,2,IR,Iran,0
2025-02-01,2025,2568,2,IT,Italy,0
2025-02-01,2025,2568,2,JP,Japan,35
2025-02-01,2025,2568,2,KR,"Korea, Republic Of (South)",111
2025-02-01,2025,2568,2,MM,Myanmar,0
2025-02-01,2025,2568,2,MY,Malaysia,49
2025-02-01,2025,2568,2,OTHER,ประเทศอื่นๆ,289
2025-02-01,2025,2568,2,PH,Philippines,0
2025-02-01,2025,2568,2,SG,Singapore,31
2025-02-01,2025,2568,2,TW,Taiwan,31
2025-02-01,2025,2568,2,US,United States,64
2025-02-01,2025,2568,2,VN,Vietnam,0
2025-03-01,2025,2568,3,AE,United Arab Emirates,0
2025-03-01,2025,2568,3,CA,Canada,30
2025-03-01,2025,2568,3,CN,China,78
2025-03-01,2025,2568,3,DE,Germany,25
2025-03-01,2025,2568,3,FR,France,0
2025-03-01,2025,2568,3,GB,United Kingdom,0
2025-03-01,2025,2568,3,IN,India,27
2025-03-01,2025,2568,3,IR,Iran,0
2025-03-01,2025,2568,3,IT,Italy,0
2025-03-01,2025,2568,3,JP,Japan,37
2025-03-01,2025,2568,3,KR,"Korea, Republic Of (South)",120
2025-03-01,2025,2568,3,MM,Myanmar,0
2025-03-01,2025,2568,3,MY,Malaysia,65
2025-03-01,2025,2568,3,OTHER,ประเทศอื่นๆ,322
2025-03-01,2025,2568,3,PH,Philippines,0
2025-03-01,2025,2568,3,SG,Singapore,33
2025-03-01,2025,2568,3,TW,Taiwan,40
2025-03-01,2025,2568,3,US,United States,72
2025-03-01,2025,2568,3,VN,Vietnam,0
2025-04-01,2025,2568,4,AE,United Arab Emirates,20
2025-04-01,2025,2568,4,CA,Canada,36
2025-04-01,2025,2568,4,CN,China,84
2025-04-01,2025,2568,4,DE,Germany,0
2025-04-01,2025,2568,4,FR,France,0
2025-04-01,2025,2568,4,GB,United Kingdom,0
2025-04-01,2025,2568,4,IN,India,30
2025-04-01,2025,2568,4,IR,Iran,0
2025-04-01,2025,2568,4,IT,Italy,0
2025-04-01,2025,2568,4,JP,Japan,43
2025-04-01,2025,2568,4,KR,"Korea, Republic Of (South)",89
2025-04-01,2025,2568,4,MM,Myanmar,0
2025-04-01,2025,2568,4,MY,Malaysia,87
2025-04-01,2025,2568,4,OTHER,ประเทศอื่นๆ,304
2025-04-01,2025,2568,4,PH,Philippines,0
2025-04-01,2025,2568,4,SG,Singapore,29
2025-04-01,2025,2568,4,TW,Taiwan,43
2025-04-01,2025,2568,4,US,United States,78
2025-04-01,2025,2568,4,VN,Vietnam,0
2025-05-01,2025,2568,5,AE,United Arab Emirates,0
2025-05-01,2025,2568,5,CA,Canada,39
2025-05-01,2025,2568,5,CN,China,100
2025-05-01,2025,2568,5,DE,Germany,0
2025-05-01,2025,2568,5,FR,France,0
2025-05-01,2025,2568,5,GB,United Kingdom,19
2025-05-01,2025,2568,5,IN,India,30
2025-05-01,2025,2568,5,IR,Iran,0
2025-05-01,2025,2568,5,IT,Italy,20
2025-05-01,2025,2568,5,JP,Japan,44
2025-05-01,2025,2568,5,KR,"Korea, Republic Of (South)",125
2025-05-01,2025,2568,5,MM,Myanmar,0
2025-05-01,2025,2568,5,MY,Malaysia,0
2025-05-01,2025,2568,5,OTHER,ประเทศอื่นๆ,339
2025-05-01,2025,2568,5,PH,Philippines,0
2025-05-01,2025,2568,5,SG,Singapore,34
2025-05-01,2025,2568,5,TW,Taiwan,54
2025-05-01,2025,2568,5,US,United States,61
2025-05-01,2025,2568,5,VN,Vietnam,0
2025-06-01,2025,2568,6,AE,United Arab Emirates,0
2025-06-01,2025,2568,6,CA,Canada,36
2025-06-01,2025,2568,6,CN,China,75
2025-06-01,2025,2568,6,DE,Germany,21
2025-06-01,2025,2568,6,FR,France,0
2025-06-01,2025,2568,6,GB,United Kingdom,0
2025-06-01,2025,2568,6,IN,India,33
2025-06-01,2025,2568,6,IR,Iran,0
2025-06-01,2025,2568,6,IT,Italy,0
2025-06-01,2025,2568,6,JP,Japan,52
2025-06-01,2025,2568,6,KR,"Korea, Republic Of (South)",110
2025-06-01,2025,2568,6,MM,Myanmar,0
2025-06-01,2025,2568,6,MY,Malaysia,92
2025-06-01,2025,2568,6,OTHER,ประเทศอื่นๆ,262
2025-06-01,2025,2568,6,PH,Philippines,0
2025-06-01,2025,2568,6,SG,Singapore,32
2025-06-01,2025,2568,6,TW,Taiwan,41
2025-06-01,2025,2568,6,US,United States,66
2025-06-01,2025,2568,6,VN,Vietnam,0
2025-07-01,2025,2568,7,AE,United Arab Emirates,0
2025-07-01,2025,2568,7,CA,Canada,26
2025-07-01,2025,2568,7,CN,China,85
2025-07-01,2025,2568,7,DE,Germany,0
2025-07-01,2025,2568,7,FR,France,0
2025-07-01,2025,2568,7,GB,United Kingdom,19
2025-07-01,2025,2568,7,IN,India,33
2025-07-01,2025,2568,7,IR,Iran,0
2025-07-01,2025,2568,7,IT,Italy,0
2025-07-01,2025,2568,7,JP,Japan,40
2025-07-01,2025,2568,7,KR,"Korea, Republic Of (South)",99
2025-07-01,2025,2568,7,MM,Myanmar,0
2025-07-01,2025,2568,7,MY,Malaysia,102
2025-07-01,2025,2568,7,OTHER,ประเทศอื่นๆ,255
2025-07-01,2025,2568,7,PH,Philippines,0
2025-07-01,2025,2568,7,SG,Singapore,31
2025-07-01,2025,2568,7,TW,Taiwan,33
2025-07-01,2025,2568,7,US,United States,64
2025-07-01,2025,2568,7,VN,Vietnam,0
2025-08-01,2025,2568,8,AE,United Arab Emirates,0
2025-08-01,2025,2568,8,CA,Canada,26
2025-08-01,2025,2568,8,CN,China,78
2025-08-01,2025,2568,8,DE,Germany,0
2025-08-01,2025,2568,8,FR,France,0
2025-08-01,2025,2568,8,GB,United Kingdom,0
2025-08-01,2025,2568,8,IN,India,33
2025-08-01,2025,2568,8,IR,Iran,0
2025-08-01,2025,2568,8,IT,Italy,0
2025-08-01,2025,2568,8,JP,Japan,34
2025-08-01,2025,2568,8,KR,"Korea, Republic Of (South)",116
2025-08-01,2025,2568,8,MM,Myanmar,20
2025-08-01,2025,2568,8,MY,Malaysia,114
2025-08-01,2025,2568,8,OTHER,ประเทศอื่นๆ,298
2025-08-01,2025,2568,8,PH,Philippines,0
2025-08-01,2025,2568,8,SG,Singapore,37
2025-08-01,2025,2568,8,TW,Taiwan,36
2025-08-01,2025,2568,8,US,United States,62
2025-08-01,2025,2568,8,VN,Vietnam,0
2025-09-01,2025,2568,9,AE,United Arab Emirates,0
2025-09-01,2025,2568,9,CA,Canada,28
2025-09-01,2025,2568,9,CN,China,81
2025-09-01,2025,2568,9,DE,Germany,0
2025-09-01,2025,2568,9,FR,France,0
2025-09-01,2025,2568,9,GB,United Kingdom,0
2025-09-01,2025,2568,9,IN,India,32
2025-09-01,2025,2568,9,IR,Iran,0
2025-09-01,2025,2568,9,IT,Italy,0
2025-09-01,2025,2568,9,JP,Japan,48
2025-09-01,2025,2568,9,KR,"Korea, Republic Of (South)",123
2025-09-01,2025,2568,9,MM,Myanmar,0
2025-09-01,2025,2568,9,MY,Malaysia,121
2025-09-01,2025,2568,9,OTHER,ประเทศอื่นๆ,325
2025-09-01,2025,2568,9,PH,Philippines,0
2025-09-01,2025,2568,9,SG,Singapore,37
2025-09-01,2025,2568,9,TW,Taiwan,42
2025-09-01,2025,2568,9,US,United States,68
2025-09-01,2025,2568,9,VN,Vietnam,23
2025-10-01,2025,2568,10,AE,United Arab Emirates,0
2025-10-01,2025,2568,10,CA,Canada,36
2025-10-01,2025,2568,10,CN,China,76
2025-10-01,2025,2568,10,DE,Germany,0
2025-10-01,2025,2568,10,FR,France,0
2025-10-01,2025,2568,10,GB,United Kingdom,0
2025-10-01,2025,2568,10,IN,India,25
2025-10-01,2025,2568,10,IR,Iran,0
2025-10-01,2025,2568,10,IT,Italy,0
2025-10-01,2025,2568,10,JP,Japan,37
2025-10-01,2025,2568,10,KR,"Korea, Republic Of (South)",94
2025-10-01,2025,2568,10,MM,Myanmar,23
2025-10-01,2025,2568,10,MY,Malaysia,78
2025-10-01,2025,2568,10,OTHER,ประเทศอื่นๆ,336
2025-10-01,2025,2568,10,PH,Philippines,0
2025-10-01,2025,2568,10,SG,Singapore,34
2025-10-01,2025,2568,10,TW,Taiwan,54
2025-10-01,2025,2568,10,US,United States,60
2025-10-01,2025,2568,10,VN,Vietnam,0
2025-11-01,2025,2568,11,AE,United Arab Emirates,0
2025-11-01,2025,2568,11,CA,Canada,22
2025-11-01,2025,2568,11,CN,China,66
2025-11-01,2025,2568,11,DE,Germany,0
2025-11-01,2025,2568,11,FR,France,0
2025-11-01,2025,2568,11,GB,United Kingdom,0
2025-11-01,2025,2568,11,IN,India,27
2025-11-01,2025,2568,11,IR,Iran,0
2025-11-01,2025,2568,11,IT,Italy,0
2025-11-01,2025,2568,11,JP,Japan,33
2025-11-01,2025,2568,11,KR,"Korea, Republic Of (South)",97
2025-11-01,2025,2568,11,MM,Myanmar,23
2025-11-01,2025,2568,11,MY,Malaysia,67
2025-11-01,2025,2568,11,OTHER,ประเทศอื่นๆ,278
2025-11-01,2025,2568,11,PH,Philippines,0
2025-11-01,2025,2568,11,SG,Singapore,31
2025-11-01,2025,2568,11,TW,Taiwan,37
2025-11-01,2025,2568,11,US,United States,57
2025-11-01,2025,2568,11,VN,Vietnam,0
2025-12-01,2025,2568,12,AE,United Arab Emirates,0
2025-12-01,2025,2568,12,CA,Canada,22
2025-12-01,2025,2568,12,CN,China,68
2025-12-01,2025,2568,12,DE,Germany,0
2025-12-01,2025,2568,12,FR,France,0
2025-12-01,2025,2568,12,GB,United Kingdom,0
2025-12-01,2025,2568,12,IN,India,40
2025-12-01,2025,2568,12,IR,Iran,0
2025-12-01,2025,2568,12,IT,Italy,0
2025-12-01,2025,2568,12,JP,Japan,33
2025-12-01,2025,2568,12,KR,"Korea, Republic Of (South)",103
2025-12-01,2025,2568,12,MM,Myanmar,0
2025-12-01,2025,2568,12,MY,Malaysia,91
2025-12-01,2025,2568,12,OTHER,ประเทศอื่นๆ,287
2025-12-01,2025,2568,12,PH,Philippines,18
2025-12-01,2025,2568,12,SG,Singapore,33
2025-12-01,2025,2568,12,TW,Taiwan,34
2025-12-01,2025,2568,12,US,United States,43
2025-12-01,2025,2568,12,VN,Vietnam,0
