ปี,ประเภทการเพาะเลี้ยง,จังหวัด,ประเภทการเลี้ยง,ชนิดสัตว์น้ำ,จำนวนฟาร์ม,เนื้อที่เลี้ยง,ปริมาณ,มูลค่า
2559,เพาะเลี้ยงปลาน้ำกร่อย,กระบี่,กระชัง,ปลากะพง,336,11.48,166.35,27908.84
2559,เพาะเลี้ยงปลาน้ำกร่อย,กระบี่,กระชัง,ปลากะรัง,590,30.96,464.81,105351
2559,เพาะเลี้ยงปลาน้ำกร่อย,จันทบุรี,กระชัง,ปลากะพง,158,6.26,156.6,21288.06
2559,เพาะเลี้ยงปลาน้ำกร่อย,จันทบุรี,กระชัง,ปลากะรัง,39,1.28,19.85,4868.73
2559,เพาะเลี้ยงปลาน้ำกร่อย,ฉะเชิงเทรา,กระชัง,ปลากะพง,61,25.2,1435.91,186497.7
2559,เพาะเลี้ยงปลาน้ำกร่อย,ชุมพร,กระชัง,ปลากะพง,141,6,165.71,22831.61
2559,เพาะเลี้ยงปลาน้ำกร่อย,ตรัง,กระชัง,ปลากะพง,306,9.77,155.58,25462.44
2559,เพาะเลี้ยงปลาน้ำกร่อย,ตรัง,กระชัง,ปลากะรัง,773,25.39,279.89,64270.85
2559,เพาะเลี้ยงปลาน้ำกร่อย,ตราด,กระชัง,ปลากะพง,105,2.13,44.82,5299
2559,เพาะเลี้ยงปลาน้ำกร่อย,ตราด,กระชัง,ปลากะรัง,161,8,158.43,38508.3
2559,เพาะเลี้ยงปลาน้ำกร่อย,นครศรีธรรมราช,กระชัง,ปลากะพง,212,10.35,208.22,26077.14
2559,เพาะเลี้ยงปลาน้ำกร่อย,นราธิวาส,กระชัง,ปลากะพง,421,9.37,261.83,35650.29
2559,เพาะเลี้ยงปลาน้ำกร่อย,นราธิวาส,กระชัง,ปลากะรัง,63,0.78,15.96,3386.23
2559,เพาะเลี้ยงปลาน้ำกร่อย,ประจวบคีรีขันธ์,กระชัง,ปลากะพง,1,0.1,1.44,183.6
2559,เพาะเลี้ยงปลาน้ำกร่อย,ปัตตานี,กระชัง,ปลากะพง,1641,76.7,3812.45,485873.46
2559,เพาะเลี้ยงปลาน้ำกร่อย,พังงา,กระชัง,ปลากะพง,251,9.76,195.54,33349.14
2559,เพาะเลี้ยงปลาน้ำกร่อย,พังงา,กระชัง,ปลากะรัง,708,28.24,371.17,95249.21
2559,เพาะเลี้ยงปลาน้ำกร่อย,พัทลุง,กระชัง,ปลากะพง,49,2.44,67.56,11497.96
2559,เพาะเลี้ยงปลาน้ำกร่อย,ภูเก็ต,กระชัง,ปลากะพง,28,0.88,12.87,2264.7
2559,เพาะเลี้ยงปลาน้ำกร่อย,ภูเก็ต,กระชัง,ปลากะรัง,49,5.76,72.39,20255.42
2559,เพาะเลี้ยงปลาน้ำกร่อย,ระนอง,กระชัง,ปลากะพง,237,8.45,131.41,20977.04
2559,เพาะเลี้ยงปลาน้ำกร่อย,ระนอง,กระชัง,ปลากะรัง,308,12.06,133.63,31967.11
2559,เพาะเลี้ยงปลาน้ำกร่อย,ระยอง,กระชัง,ปลากะพง,46,2.87,56.65,7755.2
2559,เพาะเลี้ยงปลาน้ำกร่อย,ระยอง,กระชัง,ปลากะรัง,10,0.45,6.03,1418.41
2559,เพาะเลี้ยงปลาน้ำกร่อย,สงขลา,กระชัง,ปลากะพง,845,56.73,1831.72,256130.92
2559,เพาะเลี้ยงปลาน้ำกร่อย,สตูล,กระชัง,ปลากะพง,649,20.26,392,59753.27
2559,เพาะเลี้ยงปลาน้ำกร่อย,สตูล,กระชัง,ปลากะรัง,434,12.62,209.67,46746.88
2559,เพาะเลี้ยงปลาน้ำกร่อย,สมุทรสงคราม,กระชัง,ปลากะพง,35,4.09,384.48,50709.24
2559,เพาะเลี้ยงปลาน้ำกร่อย,สุราษฎร์ธานี,กระชัง,ปลากะพง,191,14.57,386.42,57573.83
2559,เพาะเลี้ยงปลาน้ำกร่อย,สุราษฎร์ธานี,กระชัง,ปลากะรัง,32,3.46,39.08,9955.33
2559,เพาะเลี้ยงปลาน้ำกร่อย,เพชรบุรี,กระชัง,ปลากะพง,25,1.18,36.09,4502.24
2559,เพาะเลี้ยงปลาน้ำกร่อย,กระบี่,บ่อ,ปลากะพง,3,13,3.25,455
2559,เพาะเลี้ยงปลาน้ำกร่อย,กรุงเทพมหานคร,บ่อ,ปลากะพง,8,108.75,7.03,907
2559,เพาะเลี้ยงปลาน้ำกร่อย,จันทบุรี,บ่อ,ปลากะพง,37,100.5,61.8,7061.08
2559,เพาะเลี้ยงปลาน้ำกร่อย,จันทบุรี,บ่อ,ปลากะรัง,91,210.92,92.75,21155.73
2559,เพาะเลี้ยงปลาน้ำกร่อย,ฉะเชิงเทรา,บ่อ,ปลากะพง,237,2089,3484,435500
2559,เพาะเลี้ยงปลาน้ำกร่อย,ตราด,บ่อ,ปลากะพง,10,52,7.19,828.47
2559,เพาะเลี้ยงปลาน้ำกร่อย,ตราด,บ่อ,ปลากะรัง,61,143,45,10044
2559,เพาะเลี้ยงปลาน้ำกร่อย,นครศรีธรรมราช,บ่อ,ปลากะพง,604,2197.75,749.35,89709.6
2559,เพาะเลี้ยงปลาน้ำกร่อย,ประจวบคีรีขันธ์,บ่อ,ปลากะพง,18,128,126,15305.44
2559,เพาะเลี้ยงปลาน้ำกร่อย,ประจวบคีรีขันธ์,บ่อ,ปลากะรัง,5,30,22,6292
2559,เพาะเลี้ยงปลาน้ำกร่อย,ปัตตานี,บ่อ,ปลากะพง,123,272.69,295,34563.43
2559,เพาะเลี้ยงปลาน้ำกร่อย,พังงา,บ่อ,ปลากะพง,3,6,2.44,308.77
2559,เพาะเลี้ยงปลาน้ำกร่อย,ระนอง,บ่อ,ปลากะพง,6,9.63,2.15,296.96
2559,เพาะเลี้ยงปลาน้ำกร่อย,ระยอง,บ่อ,ปลากะพง,25,51.45,60.25,8058.4
2559,เพาะเลี้ยงปลาน้ำกร่อย,ระยอง,บ่อ,ปลากะรัง,26,78,60.22,13328.54
2559,เพาะเลี้ยงปลาน้ำกร่อย,สตูล,บ่อ,ปลากะพง,80,195,50,6395
2559,เพาะเลี้ยงปลาน้ำกร่อย,สตูล,บ่อ,ปลากะรัง,101,192.92,50.93,11334.32
2559,เพาะเลี้ยงปลาน้ำกร่อย,สมุทรปราการ,บ่อ,ปลากะพง,132,1656.5,842,101040
2559,เพาะเลี้ยงปลาน้ำกร่อย,สมุทรสาคร,บ่อ,ปลากะพง,90,934.5,400.61,41208.4
2559,เพาะเลี้ยงปลาน้ำกร่อย,สุราษฎร์ธานี,บ่อ,ปลากะพง,335,1422,1028.96,127321.98
2559,เพาะเลี้ยงปลาน้ำกร่อย,เพชรบุรี,บ่อ,ปลากะพง,79,412,153.19,17972
2560,เพาะเลี้ยงปลาน้ำกร่อย,กระบี่,กระชัง,ปลากะพง,352,12.23,176.42,30401.97
2560,เพาะเลี้ยงปลาน้ำกร่อย,กระบี่,กระชัง,ปลากะรัง,609,31.2,400.92,99386.23
2560,เพาะเลี้ยงปลาน้ำกร่อย,จันทบุรี,กระชัง,ปลากะพง,153,5.91,187.45,31054.33
2560,เพาะเลี้ยงปลาน้ำกร่อย,จันทบุรี,กระชัง,ปลากะรัง,44,1.67,22.53,5864.75
2560,เพาะเลี้ยงปลาน้ำกร่อย,ฉะเชิงเทรา,กระชัง,ปลากะพง,35,11.86,479,64583
2560,เพาะเลี้ยงปลาน้ำกร่อย,ชุมพร,กระชัง,ปลากะพง,93,4.95,124.83,16352.27
2560,เพาะเลี้ยงปลาน้ำกร่อย,ตรัง,กระชัง,ปลากะพง,320,10.29,138.44,21837.8
2560,เพาะเลี้ยงปลาน้ำกร่อย,ตรัง,กระชัง,ปลากะรัง,773,24.94,337,76956
2560,เพาะเลี้ยงปลาน้ำกร่อย,ตราด,กระชัง,ปลากะพง,106,2.21,46.7,6021.27
2560,เพาะเลี้ยงปลาน้ำกร่อย,ตราด,กระชัง,ปลากะรัง,165,8.18,155.85,38590
2560,เพาะเลี้ยงปลาน้ำกร่อย,นครศรีธรรมราช,กระชัง,ปลากะพง,157,9.09,174.23,22666.17
2560,เพาะเลี้ยงปลาน้ำกร่อย,นราธิวาส,กระชัง,ปลากะพง,473,10.47,330.02,45143.15
2560,เพาะเลี้ยงปลาน้ำกร่อย,นราธิวาส,กระชัง,ปลากะรัง,88,1.19,23.88,5211.93
2560,เพาะเลี้ยงปลาน้ำกร่อย,ปัตตานี,กระชัง,ปลากะพง,1641,75.24,3896.34,491413.75
2560,เพาะเลี้ยงปลาน้ำกร่อย,พังงา,กระชัง,ปลากะพง,259,10.23,192.18,31376.69
2560,เพาะเลี้ยงปลาน้ำกร่อย,พังงา,กระชัง,ปลากะรัง,349,18.5,253.71,65598.64
2560,เพาะเลี้ยงปลาน้ำกร่อย,พัทลุง,กระชัง,ปลากะพง,38,2.6,46.61,7690.65
2560,เพาะเลี้ยงปลาน้ำกร่อย,ภูเก็ต,กระชัง,ปลากะพง,27,0.66,9.41,1793.2
2560,เพาะเลี้ยงปลาน้ำกร่อย,ภูเก็ต,กระชัง,ปลากะรัง,59,5.8,86.24,24951.51
2560,เพาะเลี้ยงปลาน้ำกร่อย,ระนอง,กระชัง,ปลากะพง,245,9.13,134.59,20132.16
2560,เพาะเลี้ยงปลาน้ำกร่อย,ระนอง,กระชัง,ปลากะรัง,319,13.25,166.29,38246.7
2560,เพาะเลี้ยงปลาน้ำกร่อย,ระยอง,กระชัง,ปลากะพง,5,0.32,3.67,521.48
2560,เพาะเลี้ยงปลาน้ำกร่อย,ระยอง,กระชัง,ปลากะรัง,4,0.04,0.49,154.69
2560,เพาะเลี้ยงปลาน้ำกร่อย,สงขลา,กระชัง,ปลากะพง,1029,52.36,1630.28,221018.14
2560,เพาะเลี้ยงปลาน้ำกร่อย,สตูล,กระชัง,ปลากะพง,569,19.95,256.05,42379.83
2560,เพาะเลี้ยงปลาน้ำกร่อย,สตูล,กระชัง,ปลากะรัง,397,11.73,165.28,37930.18
2560,เพาะเลี้ยงปลาน้ำกร่อย,สมุทรสงคราม,กระชัง,ปลากะพง,37,3.83,356.68,47670.28
2560,เพาะเลี้ยงปลาน้ำกร่อย,สุราษฎร์ธานี,กระชัง,ปลากะพง,115,8.15,186.08,24710.36
2560,เพาะเลี้ยงปลาน้ำกร่อย,สุราษฎร์ธานี,กระชัง,ปลากะรัง,17,2.81,30.88,7989.74
2560,เพาะเลี้ยงปลาน้ำกร่อย,กระบี่,บ่อ,ปลากะพง,3,12,3,420
2560,เพาะเลี้ยงปลาน้ำกร่อย,กรุงเทพมหานคร,บ่อ,ปลากะพง,9,122,44.36,5323.2
2560,เพาะเลี้ยงปลาน้ำกร่อย,จันทบุรี,บ่อ,ปลากะพง,29,85,40.63,4885.48
2560,เพาะเลี้ยงปลาน้ำกร่อย,จันทบุรี,บ่อ,ปลากะรัง,71,166.54,96.86,21309.2
2560,เพาะเลี้ยงปลาน้ำกร่อย,ฉะเชิงเทรา,บ่อ,ปลากะพง,263,2480,4440.87,594451.77
2560,เพาะเลี้ยงปลาน้ำกร่อย,ชุมพร,บ่อ,ปลากะพง,31,188.94,242.56,30744.48
2560,เพาะเลี้ยงปลาน้ำกร่อย,ตราด,บ่อ,ปลากะพง,9,73.5,182,21840
2560,เพาะเลี้ยงปลาน้ำกร่อย,ตราด,บ่อ,ปลากะรัง,11,126.25,135.41,28436.1
2560,เพาะเลี้ยงปลาน้ำกร่อย,นครศรีธรรมราช,บ่อ,ปลากะพง,555,2191,762.43,95303.75
2560,เพาะเลี้ยงปลาน้ำกร่อย,ประจวบคีรีขันธ์,บ่อ,ปลากะพง,51,281,623,72021
2560,เพาะเลี้ยงปลาน้ำกร่อย,ประจวบคีรีขันธ์,บ่อ,ปลากะรัง,1,4,2.86,809.48
2560,เพาะเลี้ยงปลาน้ำกร่อย,ปัตตานี,บ่อ,ปลากะพง,123,253.33,875.89,95105.96
2560,เพาะเลี้ยงปลาน้ำกร่อย,พังงา,บ่อ,ปลากะพง,4,8,1.43,286
2560,เพาะเลี้ยงปลาน้ำกร่อย,พังงา,บ่อ,ปลากะรัง,3,10,1.68,672
2560,เพาะเลี้ยงปลาน้ำกร่อย,ระนอง,บ่อ,ปลากะพง,5,49.16,11.88,1568.88
2560,เพาะเลี้ยงปลาน้ำกร่อย,ระยอง,บ่อ,ปลากะพง,28,60,54,7382.42
2560,เพาะเลี้ยงปลาน้ำกร่อย,ระยอง,บ่อ,ปลากะรัง,25,75,77.2,20484
2560,เพาะเลี้ยงปลาน้ำกร่อย,สตูล,บ่อ,ปลากะพง,107,330,83.28,11068.75
2560,เพาะเลี้ยงปลาน้ำกร่อย,สตูล,บ่อ,ปลากะรัง,107,215.92,44.26,9965.79
2560,เพาะเลี้ยงปลาน้ำกร่อย,สมุทรปราการ,บ่อ,ปลากะพง,135,2171,877.44,120480.97
2560,เพาะเลี้ยงปลาน้ำกร่อย,สมุทรสงคราม,บ่อ,ปลากะพง,43,908.75,694,83280
2560,เพาะเลี้ยงปลาน้ำกร่อย,สมุทรสาคร,บ่อ,ปลากะพง,91,1167,1357,148332.49
2560,เพาะเลี้ยงปลาน้ำกร่อย,สุราษฎร์ธานี,บ่อ,ปลากะพง,316,1582,1578.24,190077.27
2560,เพาะเลี้ยงปลาน้ำกร่อย,เพชรบุรี,บ่อ,ปลากะพง,94,600,212.89,26674.81
2561,เพาะเลี้ยงปลาน้ำกร่อย,กระบี่,กระชัง,ปลากะพง,301,10.37,230.43,36911.72
2561,เพาะเลี้ยงปลาน้ำกร่อย,กระบี่,กระชัง,ปลากะรัง,504,26.35,316.07,70217.36
2561,เพาะเลี้ยงปลาน้ำกร่อย,จันทบุรี,กระชัง,ปลากะพง,134,4.89,138.42,18314.69
2561,เพาะเลี้ยงปลาน้ำกร่อย,จันทบุรี,กระชัง,ปลากะรัง,62,3.96,52.35,13435.63
2561,เพาะเลี้ยงปลาน้ำกร่อย,ฉะเชิงเทรา,กระชัง,ปลากะพง,18,5,198.66,25806.61
2561,เพาะเลี้ยงปลาน้ำกร่อย,ชุมพร,กระชัง,ปลากะพง,79,3.78,101.24,13338
2561,เพาะเลี้ยงปลาน้ำกร่อย,ตรัง,กระชัง,ปลากะพง,299,9.22,135.29,21138.78
2561,เพาะเลี้ยงปลาน้ำกร่อย,ตรัง,กระชัง,ปลากะรัง,712,22.73,278.85,64520.71
2561,เพาะเลี้ยงปลาน้ำกร่อย,ตราด,กระชัง,ปลากะพง,109,2.31,49.05,5923.61
2561,เพาะเลี้ยงปลาน้ำกร่อย,ตราด,กระชัง,ปลากะรัง,166,8.21,153.88,36750.5
2561,เพาะเลี้ยงปลาน้ำกร่อย,นครศรีธรรมราช,กระชัง,ปลากะพง,102,5.44,99.03,12407.75
2561,เพาะเลี้ยงปลาน้ำกร่อย,นราธิวาส,กระชัง,ปลากะพง,437,9.62,270,37305.66
2561,เพาะเลี้ยงปลาน้ำกร่อย,นราธิวาส,กระชัง,ปลากะรัง,79,1.07,22.59,5067.84
2561,เพาะเลี้ยงปลาน้ำกร่อย,ปัตตานี,กระชัง,ปลากะพง,821,33.55,1570.14,196534.85
2561,เพาะเลี้ยงปลาน้ำกร่อย,พังงา,กระชัง,ปลากะพง,215,8.58,178.27,29668
2561,เพาะเลี้ยงปลาน้ำกร่อย,พังงา,กระชัง,ปลากะรัง,259,11.16,177.03,44890.43
2561,เพาะเลี้ยงปลาน้ำกร่อย,พัทลุง,กระชัง,ปลากะพง,42,1.97,36.31,5809.6
2561,เพาะเลี้ยงปลาน้ำกร่อย,ภูเก็ต,กระชัง,ปลากะพง,20,0.58,11.27,2004.64
2561,เพาะเลี้ยงปลาน้ำกร่อย,ภูเก็ต,กระชัง,ปลากะรัง,47,5.75,100.64,27841.16
2561,เพาะเลี้ยงปลาน้ำกร่อย,ระนอง,กระชัง,ปลากะพง,195,6.43,105.02,16286.82
2561,เพาะเลี้ยงปลาน้ำกร่อย,ระนอง,กระชัง,ปลากะรัง,277,11.17,138.37,33630.55
2561,เพาะเลี้ยงปลาน้ำกร่อย,ระยอง,กระชัง,ปลากะพง,3,0.19,5.49,741.15
2561,เพาะเลี้ยงปลาน้ำกร่อย,ระยอง,กระชัง,ปลากะรัง,3,0.03,0.4,99.34
2561,เพาะเลี้ยงปลาน้ำกร่อย,สงขลา,กระชัง,ปลากะพง,1820,88.64,3020.85,434530.49
2561,เพาะเลี้ยงปลาน้ำกร่อย,สตูล,กระชัง,ปลากะพง,512,17.45,259.39,42456.7
2561,เพาะเลี้ยงปลาน้ำกร่อย,สตูล,กระชัง,ปลากะรัง,360,10.92,167.65,38356.58
2561,เพาะเลี้ยงปลาน้ำกร่อย,สมุทรสงคราม,กระชัง,ปลากะพง,36,3.96,364.73,45550.33
2561,เพาะเลี้ยงปลาน้ำกร่อย,สุราษฎร์ธานี,กระชัง,ปลากะพง,109,7.9,169.2,23043.65
2561,เพาะเลี้ยงปลาน้ำกร่อย,สุราษฎร์ธานี,กระชัง,ปลากะรัง,16,2.19,25.48,6285.74
2561,เพาะเลี้ยงปลาน้ำกร่อย,กระบี่,บ่อ,ปลากะพง,16,63.77,34.52,4916.34
2561,เพาะเลี้ยงปลาน้ำกร่อย,กระบี่,บ่อ,ปลากะรัง,14,15.02,4.43,843.7
2561,เพาะเลี้ยงปลาน้ำกร่อย,กรุงเทพมหานคร,บ่อ,ปลากะพง,9,77.54,46.04,4612
2561,เพาะเลี้ยงปลาน้ำกร่อย,จันทบุรี,บ่อ,ปลากะพง,73,226.07,210.22,24305.58
2561,เพาะเลี้ยงปลาน้ำกร่อย,จันทบุรี,บ่อ,ปลากะรัง,64,173.3,91.11,19171.28
2561,เพาะเลี้ยงปลาน้ำกร่อย,ฉะเชิงเทรา,บ่อ,ปลากะพง,367,3420,13509,1475588.07
2561,เพาะเลี้ยงปลาน้ำกร่อย,ชุมพร,บ่อ,ปลากะพง,37,195.15,269.04,32487.65
2561,เพาะเลี้ยงปลาน้ำกร่อย,ตราด,บ่อ,ปลากะพง,13,68.51,178.13,19591.65
2561,เพาะเลี้ยงปลาน้ำกร่อย,ตราด,บ่อ,ปลากะรัง,23,225.05,170.19,36680
2561,เพาะเลี้ยงปลาน้ำกร่อย,นครศรีธรรมราช,บ่อ,ปลากะพง,506,2058,777.95,93640
2561,เพาะเลี้ยงปลาน้ำกร่อย,ประจวบคีรีขันธ์,บ่อ,ปลากะพง,62,436.55,1093.38,119982.29
2561,เพาะเลี้ยงปลาน้ำกร่อย,ประจวบคีรีขันธ์,บ่อ,ปลากะรัง,5,30.5,22.09,6186.67
2561,เพาะเลี้ยงปลาน้ำกร่อย,ปัตตานี,บ่อ,ปลากะพง,86,180,277.38,33364.31
2561,เพาะเลี้ยงปลาน้ำกร่อย,พังงา,บ่อ,ปลากะพง,3,16,6.56,936.32
2561,เพาะเลี้ยงปลาน้ำกร่อย,ภูเก็ต,บ่อ,ปลากะรัง,1,0.4,4.8,1440
2561,เพาะเลี้ยงปลาน้ำกร่อย,ระนอง,บ่อ,ปลากะพง,10,33.75,9.22,1136.44
2561,เพาะเลี้ยงปลาน้ำกร่อย,ระยอง,บ่อ,ปลากะพง,36,116,134.43,17581.72
2561,เพาะเลี้ยงปลาน้ำกร่อย,ระยอง,บ่อ,ปลากะรัง,21,79.38,56.88,13725.92
2561,เพาะเลี้ยงปลาน้ำกร่อย,สงขลา,บ่อ,ปลากะพง,175,613.67,368,42320
2561,เพาะเลี้ยงปลาน้ำกร่อย,สตูล,บ่อ,ปลากะพง,85,283.19,71.66,9807.28
2561,เพาะเลี้ยงปลาน้ำกร่อย,สตูล,บ่อ,ปลากะรัง,109,201.34,46.94,10299.76
2561,เพาะเลี้ยงปลาน้ำกร่อย,สมุทรปราการ,บ่อ,ปลากะพง,149,2387,2133.46,243710.47
2561,เพาะเลี้ยงปลาน้ำกร่อย,สมุทรสงคราม,บ่อ,ปลากะพง,106,3460,4671,521423.73
2561,เพาะเลี้ยงปลาน้ำกร่อย,สมุทรสาคร,บ่อ,ปลากะพง,100,1466,5358.23,615440.47
2561,เพาะเลี้ยงปลาน้ำกร่อย,สุราษฎร์ธานี,บ่อ,ปลากะพง,391,1854.72,2358.54,280760.6
2561,เพาะเลี้ยงปลาน้ำกร่อย,เพชรบุรี,บ่อ,ปลากะพง,96,592,828.8,107967.8
2562,เพาะเลี้ยงปลาน้ำกร่อย,กระบี่,กระชัง,ปลากะพง,295,10.3,200.49,31274.98
2562,เพาะเลี้ยงปลาน้ำกร่อย,กระบี่,กระชัง,ปลากะรัง,482,25.19,287.83,58178.27
2562,เพาะเลี้ยงปลาน้ำกร่อย,จันทบุรี,กระชัง,ปลากะพง,101,3.86,111.11,13903.19
2562,เพาะเลี้ยงปลาน้ำกร่อย,จันทบุรี,กระชัง,ปลากะรัง,64,4.42,56.54,14622.14
2562,เพาะเลี้ยงปลาน้ำกร่อย,ฉะเชิงเทรา,กระชัง,ปลากะพง,12,3.33,130.12,16262.14
2562,เพาะเลี้ยงปลาน้ำกร่อย,ชุมพร,กระชัง,ปลากะพง,70,3.64,93.59,11521.63
2562,เพาะเลี้ยงปลาน้ำกร่อย,ตรัง,กระชัง,ปลากะพง,278,8.15,115.56,18027.36
2562,เพาะเลี้ยงปลาน้ำกร่อย,ตรัง,กระชัง,ปลากะรัง,651,21.35,247.09,56917.08
2562,เพาะเลี้ยงปลาน้ำกร่อย,ตราด,กระชัง,ปลากะพง,112,2.47,48.72,5618.06
2562,เพาะเลี้ยงปลาน้ำกร่อย,ตราด,กระชัง,ปลากะรัง,162,8.02,113.18,25513.04
2562,เพาะเลี้ยงปลาน้ำกร่อย,นครศรีธรรมราช,กระชัง,ปลากะพง,110,5.36,96.31,11598.91
2562,เพาะเลี้ยงปลาน้ำกร่อย,นราธิวาส,กระชัง,ปลากะพง,401,8.84,243.94,32537.49
2562,เพาะเลี้ยงปลาน้ำกร่อย,ปัตตานี,กระชัง,ปลากะพง,390,15.06,929,125804.6
2562,เพาะเลี้ยงปลาน้ำกร่อย,พังงา,กระชัง,ปลากะพง,169,6.61,115.6,18375.8
2562,เพาะเลี้ยงปลาน้ำกร่อย,พังงา,กระชัง,ปลากะรัง,216,9.2,157,38928.85
2562,เพาะเลี้ยงปลาน้ำกร่อย,พัทลุง,กระชัง,ปลากะพง,43,2.26,44,6940.89
2562,เพาะเลี้ยงปลาน้ำกร่อย,ภูเก็ต,กระชัง,ปลากะพง,17,0.48,6.98,1151.7
2562,เพาะเลี้ยงปลาน้ำกร่อย,ภูเก็ต,กระชัง,ปลากะรัง,43,4.24,61.82,16308.03
2562,เพาะเลี้ยงปลาน้ำกร่อย,ระนอง,กระชัง,ปลากะพง,145,4.34,70.03,10146.44
2562,เพาะเลี้ยงปลาน้ำกร่อย,ระนอง,กระชัง,ปลากะรัง,242,9.56,115.87,26092.18
2562,เพาะเลี้ยงปลาน้ำกร่อย,ระยอง,กระชัง,ปลากะพง,1,0.06,3.3,405
2562,เพาะเลี้ยงปลาน้ำกร่อย,สงขลา,กระชัง,ปลากะพง,1846,91.92,2987.53,428513.69
2562,เพาะเลี้ยงปลาน้ำกร่อย,สงขลา,กระชัง,ปลากะรัง,44,1.98,18.15,3993
2562,เพาะเลี้ยงปลาน้ำกร่อย,สตูล,กระชัง,ปลากะพง,448,15.23,236.42,36068.35
2562,เพาะเลี้ยงปลาน้ำกร่อย,สตูล,กระชัง,ปลากะรัง,328,10.22,143.31,32542.58
2562,เพาะเลี้ยงปลาน้ำกร่อย,สมุทรสงคราม,กระชัง,ปลากะพง,36,3.72,338.82,41722.33
2562,เพาะเลี้ยงปลาน้ำกร่อย,สุราษฎร์ธานี,กระชัง,ปลากะพง,71,5.48,207.39,24886.8
2562,เพาะเลี้ยงปลาน้ำกร่อย,สุราษฎร์ธานี,กระชัง,ปลากะรัง,13,1.99,30.03,7261.77
2562,เพาะเลี้ยงปลาน้ำกร่อย,กระบี่,บ่อ,ปลากะพง,11,28.75,24.71,3513.7
2562,เพาะเลี้ยงปลาน้ำกร่อย,กระบี่,บ่อ,ปลากะรัง,12,13,23.69,4738
2562,เพาะเลี้ยงปลาน้ำกร่อย,กรุงเทพมหานคร,บ่อ,ปลากะพง,13,192.54,135.45,14257.47
2562,เพาะเลี้ยงปลาน้ำกร่อย,จันทบุรี,บ่อ,ปลากะพง,86,277.07,180.03,19982.66
2562,เพาะเลี้ยงปลาน้ำกร่อย,จันทบุรี,บ่อ,ปลากะรัง,67,232.2,129.1,28998.52
2562,เพาะเลี้ยงปลาน้ำกร่อย,ฉะเชิงเทรา,บ่อ,ปลากะพง,473,4222.41,15844.59,1678783.43
2562,เพาะเลี้ยงปลาน้ำกร่อย,ชลบุรี,บ่อ,ปลากะพง,3,58.5,5.5,603.17
2562,เพาะเลี้ยงปลาน้ำกร่อย,ชุมพร,บ่อ,ปลากะพง,43,216.05,300.85,34524.93
2562,เพาะเลี้ยงปลาน้ำกร่อย,ชุมพร,บ่อ,ปลากะรัง,1,4,0.8,160
2562,เพาะเลี้ยงปลาน้ำกร่อย,ตราด,บ่อ,ปลากะพง,18,74.12,104.97,11470.07
2562,เพาะเลี้ยงปลาน้ำกร่อย,ตราด,บ่อ,ปลากะรัง,44,338.02,224.87,45989.54
2562,เพาะเลี้ยงปลาน้ำกร่อย,นครศรีธรรมราช,บ่อ,ปลากะพง,485,2057.56,739.24,83488.81
2562,เพาะเลี้ยงปลาน้ำกร่อย,ประจวบคีรีขันธ์,บ่อ,ปลากะพง,68,462,1014.72,107826.6
2562,เพาะเลี้ยงปลาน้ำกร่อย,ประจวบคีรีขันธ์,บ่อ,ปลากะรัง,4,30.5,22.88,6441.88
2562,เพาะเลี้ยงปลาน้ำกร่อย,ปัตตานี,บ่อ,ปลากะพง,75,177.23,207.18,23288.12
2562,เพาะเลี้ยงปลาน้ำกร่อย,พังงา,บ่อ,ปลากะพง,5,20.5,7.46,1004.4
2562,เพาะเลี้ยงปลาน้ำกร่อย,พังงา,บ่อ,ปลากะรัง,2,9.1,5.87,1937.1
2562,เพาะเลี้ยงปลาน้ำกร่อย,ภูเก็ต,บ่อ,ปลากะรัง,1,0.4,4,1600
2562,เพาะเลี้ยงปลาน้ำกร่อย,ระนอง,บ่อ,ปลากะพง,6,10,4.45,617.05
2562,เพาะเลี้ยงปลาน้ำกร่อย,ระยอง,บ่อ,ปลากะพง,41,149.18,131.68,15517.43
2562,เพาะเลี้ยงปลาน้ำกร่อย,ระยอง,บ่อ,ปลากะรัง,23,110.95,88.76,20312.89
2562,เพาะเลี้ยงปลาน้ำกร่อย,สงขลา,บ่อ,ปลากะพง,225,789.5,722.39,100483.26
2562,เพาะเลี้ยงปลาน้ำกร่อย,สตูล,บ่อ,ปลากะพง,97,358.97,90.13,11266.25
2562,เพาะเลี้ยงปลาน้ำกร่อย,สตูล,บ่อ,ปลากะรัง,126,234.63,54.91,11970.9
2562,เพาะเลี้ยงปลาน้ำกร่อย,สมุทรปราการ,บ่อ,ปลากะพง,158,2521,2675.54,295632.07
2562,เพาะเลี้ยงปลาน้ำกร่อย,สมุทรสงคราม,บ่อ,ปลากะพง,179,4518,7565.21,823174.55
2562,เพาะเลี้ยงปลาน้ำกร่อย,สมุทรสาคร,บ่อ,ปลากะพง,154,2463.29,8328.08,892743.55
2562,เพาะเลี้ยงปลาน้ำกร่อย,สุราษฎร์ธานี,บ่อ,ปลากะพง,298,1593,2359.8,259578
2562,เพาะเลี้ยงปลาน้ำกร่อย,เพชรบุรี,บ่อ,ปลากะพง,100,631.67,782.17,97220.33
2563,เพาะเลี้ยงปลาน้ำกร่อย,กระบี่,กระชัง,ปลากะพง,264,8.47,152.95,23011.86
2563,เพาะเลี้ยงปลาน้ำกร่อย,กระบี่,กระชัง,ปลากะรัง,432,20.25,225.83,46335.8
2563,เพาะเลี้ยงปลาน้ำกร่อย,จันทบุรี,กระชัง,ปลากะพง,82,2.77,62,7072.48
2563,เพาะเลี้ยงปลาน้ำกร่อย,จันทบุรี,กระชัง,ปลากะรัง,60,2.9,27.03,4707.16
2563,เพาะเลี้ยงปลาน้ำกร่อย,ฉะเชิงเทรา,กระชัง,ปลากะพง,18,2.36,64.98,6498
2563,เพาะเลี้ยงปลาน้ำกร่อย,ชุมพร,กระชัง,ปลากะพง,45,2.24,52.85,5317.24
2563,เพาะเลี้ยงปลาน้ำกร่อย,ตรัง,กระชัง,ปลากะพง,257,7.71,92.59,13835.83
2563,เพาะเลี้ยงปลาน้ำกร่อย,ตรัง,กระชัง,ปลากะรัง,590,19.07,224.36,48857.47
2563,เพาะเลี้ยงปลาน้ำกร่อย,ตราด,กระชัง,ปลากะพง,97,2.02,31.2,3183.37
2563,เพาะเลี้ยงปลาน้ำกร่อย,ตราด,กระชัง,ปลากะรัง,145,5.59,71.52,10169.25
2563,เพาะเลี้ยงปลาน้ำกร่อย,นครศรีธรรมราช,กระชัง,ปลากะพง,105,4.64,103.71,11786.11
2563,เพาะเลี้ยงปลาน้ำกร่อย,นราธิวาส,กระชัง,ปลากะพง,365,7.61,179.99,22468.81
2563,เพาะเลี้ยงปลาน้ำกร่อย,ปัตตานี,กระชัง,ปลากะพง,359,13.56,942.49,112230.12
2563,เพาะเลี้ยงปลาน้ำกร่อย,ปัตตานี,กระชัง,ปลากะรัง,3,0.1,2.11,274.3
2563,เพาะเลี้ยงปลาน้ำกร่อย,พังงา,กระชัง,ปลากะพง,153,4.96,80.28,11727.11
2563,เพาะเลี้ยงปลาน้ำกร่อย,พังงา,กระชัง,ปลากะรัง,169,6.23,91.78,18661.4
2563,เพาะเลี้ยงปลาน้ำกร่อย,พัทลุง,กระชัง,ปลากะพง,68,2.57,43.29,5954.57
2563,เพาะเลี้ยงปลาน้ำกร่อย,ภูเก็ต,กระชัง,ปลากะพง,13,0.29,5.55,892.14
2563,เพาะเลี้ยงปลาน้ำกร่อย,ภูเก็ต,กระชัง,ปลากะรัง,34,2.66,31.11,7831.63
2563,เพาะเลี้ยงปลาน้ำกร่อย,ระนอง,กระชัง,ปลากะพง,124,3,29.66,3966.99
2563,เพาะเลี้ยงปลาน้ำกร่อย,ระนอง,กระชัง,ปลากะรัง,206,7.94,76.9,13823.94
2563,เพาะเลี้ยงปลาน้ำกร่อย,สงขลา,กระชัง,ปลากะพง,1871,92.84,3261.07,472855.15
2563,เพาะเลี้ยงปลาน้ำกร่อย,สงขลา,กระชัง,ปลากะรัง,38,1.52,28.69,5590.35
2563,เพาะเลี้ยงปลาน้ำกร่อย,สตูล,กระชัง,ปลากะพง,361,11.47,176.03,21988.07
2563,เพาะเลี้ยงปลาน้ำกร่อย,สตูล,กระชัง,ปลากะรัง,262,7.85,94.35,17759.72
2563,เพาะเลี้ยงปลาน้ำกร่อย,สมุทรสงคราม,กระชัง,ปลากะพง,36,3.35,259.22,30563.74
2563,เพาะเลี้ยงปลาน้ำกร่อย,สุราษฎร์ธานี,กระชัง,ปลากะพง,67,5.03,163.56,17895
2563,เพาะเลี้ยงปลาน้ำกร่อย,สุราษฎร์ธานี,กระชัง,ปลากะรัง,9,0.73,20.8,3305.21
2563,เพาะเลี้ยงปลาน้ำกร่อย,กระบี่,บ่อ,ปลากะพง,18,33.35,17.83,2591.95
2563,เพาะเลี้ยงปลาน้ำกร่อย,กระบี่,บ่อ,ปลากะรัง,14,15,6.33,996.14
2563,เพาะเลี้ยงปลาน้ำกร่อย,กรุงเทพมหานคร,บ่อ,ปลากะพง,15,203.79,112.82,11043.95
2563,เพาะเลี้ยงปลาน้ำกร่อย,จันทบุรี,บ่อ,ปลากะพง,121,454.16,259.35,26626.97
2563,เพาะเลี้ยงปลาน้ำกร่อย,จันทบุรี,บ่อ,ปลากะรัง,80,268.2,111.78,16240.45
2563,เพาะเลี้ยงปลาน้ำกร่อย,ฉะเชิงเทรา,บ่อ,ปลากะพง,522,4473.78,14043.62,1274739.39
2563,เพาะเลี้ยงปลาน้ำกร่อย,ชลบุรี,บ่อ,ปลากะพง,2,8.25,10,939.6
2563,เพาะเลี้ยงปลาน้ำกร่อย,ชุมพร,บ่อ,ปลากะพง,31,119.33,94.21,10174.68
2563,เพาะเลี้ยงปลาน้ำกร่อย,ชุมพร,บ่อ,ปลากะรัง,1,4,0.2,40
2563,เพาะเลี้ยงปลาน้ำกร่อย,ตรัง,บ่อ,ปลากะพง,8,19.55,14.87,2129.55
2563,เพาะเลี้ยงปลาน้ำกร่อย,ตรัง,บ่อ,ปลากะรัง,2,2,2.1,420
2563,เพาะเลี้ยงปลาน้ำกร่อย,ตราด,บ่อ,ปลากะพง,29,119.32,141.08,13236.7
2563,เพาะเลี้ยงปลาน้ำกร่อย,ตราด,บ่อ,ปลากะรัง,40,347.53,144.02,19145.37
2563,เพาะเลี้ยงปลาน้ำกร่อย,นครศรีธรรมราช,บ่อ,ปลากะพง,430,1636.52,936.22,92779
2563,เพาะเลี้ยงปลาน้ำกร่อย,ประจวบคีรีขันธ์,บ่อ,ปลากะพง,97,711.66,1547.1,152095.4
2563,เพาะเลี้ยงปลาน้ำกร่อย,ปัตตานี,บ่อ,ปลากะพง,76,192.26,124.88,12679.75
2563,เพาะเลี้ยงปลาน้ำกร่อย,พังงา,บ่อ,ปลากะพง,5,16.25,9.42,1314.4
2563,เพาะเลี้ยงปลาน้ำกร่อย,พังงา,บ่อ,ปลากะรัง,2,4.5,5.29,986.5
2563,เพาะเลี้ยงปลาน้ำกร่อย,ระนอง,บ่อ,ปลากะพง,9,17.28,8.03,977.1
2563,เพาะเลี้ยงปลาน้ำกร่อย,ระยอง,บ่อ,ปลากะพง,34,140.85,428.64,50675.55
2563,เพาะเลี้ยงปลาน้ำกร่อย,ระยอง,บ่อ,ปลากะรัง,23,108.95,41.28,8255.99
2563,เพาะเลี้ยงปลาน้ำกร่อย,สงขลา,บ่อ,ปลากะพง,158,557.06,247.13,23431.46
2563,เพาะเลี้ยงปลาน้ำกร่อย,สงขลา,บ่อ,ปลากะรัง,1,0.5,0.32,57.6
2563,เพาะเลี้ยงปลาน้ำกร่อย,สตูล,บ่อ,ปลากะพง,75,252.75,44.48,5096.9
2563,เพาะเลี้ยงปลาน้ำกร่อย,สตูล,บ่อ,ปลากะรัง,88,158.86,32.76,5974.38
2563,เพาะเลี้ยงปลาน้ำกร่อย,สมุทรปราการ,บ่อ,ปลากะพง,156,2096.95,3015.47,248453.5
2563,เพาะเลี้ยงปลาน้ำกร่อย,สมุทรสงคราม,บ่อ,ปลากะพง,251,8414.91,7434.05,774432.21
2563,เพาะเลี้ยงปลาน้ำกร่อย,สมุทรสาคร,บ่อ,ปลากะพง,208,3443,9370.49,913154.25
2563,เพาะเลี้ยงปลาน้ำกร่อย,สุราษฎร์ธานี,บ่อ,ปลากะพง,230,1232.55,1559.68,147448.98
2563,เพาะเลี้ยงปลาน้ำกร่อย,เพชรบุรี,บ่อ,ปลากะพง,47,414.25,294.46,25539.43
2564,เพาะเลี้ยงปลาน้ำกร่อย,กระบี่,กระชัง,ปลากะพง,250,7.81,123,18446
2564,เพาะเลี้ยงปลาน้ำกร่อย,กระบี่,กระชัง,ปลากะรัง,369,16.63,162.04,32416.18
2564,เพาะเลี้ยงปลาน้ำกร่อย,จันทบุรี,กระชัง,ปลากะพง,56,2.21,53.4,6513.99
2564,เพาะเลี้ยงปลาน้ำกร่อย,จันทบุรี,กระชัง,ปลากะรัง,33,1.79,26.98,5665.8
2564,เพาะเลี้ยงปลาน้ำกร่อย,ฉะเชิงเทรา,กระชัง,ปลากะพง,4,0.14,3.8,380
2564,เพาะเลี้ยงปลาน้ำกร่อย,ชุมพร,กระชัง,ปลากะพง,52,2.94,62.2,7883.08
2564,เพาะเลี้ยงปลาน้ำกร่อย,ชุมพร,กระชัง,ปลากะรัง,1,0.01,0.15,37.5
2564,เพาะเลี้ยงปลาน้ำกร่อย,ตรัง,กระชัง,ปลากะพง,207,6.62,123.24,17288.35
2564,เพาะเลี้ยงปลาน้ำกร่อย,ตรัง,กระชัง,ปลากะรัง,463,16.03,177.86,40223.72
2564,เพาะเลี้ยงปลาน้ำกร่อย,ตราด,กระชัง,ปลากะพง,74,1.61,31.63,3011.81
2564,เพาะเลี้ยงปลาน้ำกร่อย,ตราด,กระชัง,ปลากะรัง,137,3.78,57.52,11492.97
2564,เพาะเลี้ยงปลาน้ำกร่อย,นครศรีธรรมราช,กระชัง,ปลากะพง,156,8.04,233.78,27926.63
2564,เพาะเลี้ยงปลาน้ำกร่อย,นราธิวาส,กระชัง,ปลากะพง,273,6.67,176.34,21128.64
2564,เพาะเลี้ยงปลาน้ำกร่อย,ประจวบคีรีขันธ์,กระชัง,ปลากะพง,5,0.18,5.5,495
2564,เพาะเลี้ยงปลาน้ำกร่อย,ปัตตานี,กระชัง,ปลากะพง,375,14.31,723.9,88786.82
2564,เพาะเลี้ยงปลาน้ำกร่อย,พังงา,กระชัง,ปลากะพง,154,4.31,81.8,12696.05
2564,เพาะเลี้ยงปลาน้ำกร่อย,พังงา,กระชัง,ปลากะรัง,117,4.25,70.29,17898.65
2564,เพาะเลี้ยงปลาน้ำกร่อย,พัทลุง,กระชัง,ปลากะพง,53,2.29,41.77,5514.75
2564,เพาะเลี้ยงปลาน้ำกร่อย,ภูเก็ต,กระชัง,ปลากะพง,17,0.29,5.06,811.67
2564,เพาะเลี้ยงปลาน้ำกร่อย,ภูเก็ต,กระชัง,ปลากะรัง,33,0.47,7.85,1828.72
2564,เพาะเลี้ยงปลาน้ำกร่อย,ระนอง,กระชัง,ปลากะพง,123,3.21,70.04,9986.95
2564,เพาะเลี้ยงปลาน้ำกร่อย,ระนอง,กระชัง,ปลากะรัง,199,7.83,79.44,17047.77
2564,เพาะเลี้ยงปลาน้ำกร่อย,สงขลา,กระชัง,ปลากะพง,1777,89.03,3098.44,444073.4
2564,เพาะเลี้ยงปลาน้ำกร่อย,สงขลา,กระชัง,ปลากะรัง,23,0.92,13.92,2686.85
2564,เพาะเลี้ยงปลาน้ำกร่อย,สตูล,กระชัง,ปลากะพง,305,9.29,129.47,15536
2564,เพาะเลี้ยงปลาน้ำกร่อย,สตูล,กระชัง,ปลากะรัง,299,9.14,123.37,24198
2564,เพาะเลี้ยงปลาน้ำกร่อย,สมุทรสงคราม,กระชัง,ปลากะพง,10,0.83,132.3,17199
2564,เพาะเลี้ยงปลาน้ำกร่อย,สุราษฎร์ธานี,กระชัง,ปลากะพง,67,5.03,131.55,19306.09
2564,เพาะเลี้ยงปลาน้ำกร่อย,สุราษฎร์ธานี,กระชัง,ปลากะรัง,8,0.6,12.18,2453.42
2564,เพาะเลี้ยงปลาน้ำกร่อย,กระบี่,บ่อ,ปลากะพง,22,43.65,14.82,2124.14
2564,เพาะเลี้ยงปลาน้ำกร่อย,กระบี่,บ่อ,ปลากะรัง,14,15,5.13,803.18
2564,เพาะเลี้ยงปลาน้ำกร่อย,กรุงเทพมหานคร,บ่อ,ปลากะพง,14,189,181.78,15498.96
2564,เพาะเลี้ยงปลาน้ำกร่อย,กาฬสินธุ์,บ่อ,ปลากะพง,27,59.25,260.06,35107.54
2564,เพาะเลี้ยงปลาน้ำกร่อย,ขอนแก่น,บ่อ,ปลากะพง,2,4,10.5,1417.5
2564,เพาะเลี้ยงปลาน้ำกร่อย,จันทบุรี,บ่อ,ปลากะพง,127,581.64,319.21,31411.05
2564,เพาะเลี้ยงปลาน้ำกร่อย,จันทบุรี,บ่อ,ปลากะรัง,52,190.95,70.24,12145.9
2564,เพาะเลี้ยงปลาน้ำกร่อย,ฉะเชิงเทรา,บ่อ,ปลากะพง,521,4467.21,15336.7,1620956.29
2564,เพาะเลี้ยงปลาน้ำกร่อย,ชลบุรี,บ่อ,ปลากะพง,4,27.75,28.69,2560.93
2564,เพาะเลี้ยงปลาน้ำกร่อย,ชุมพร,บ่อ,ปลากะพง,28,108.08,68.87,7646.85
2564,เพาะเลี้ยงปลาน้ำกร่อย,ชุมพร,บ่อ,ปลากะรัง,1,4,0.22,44
2564,เพาะเลี้ยงปลาน้ำกร่อย,ตรัง,บ่อ,ปลากะพง,3,6.25,4.43,591.41
2564,เพาะเลี้ยงปลาน้ำกร่อย,ตรัง,บ่อ,ปลากะรัง,1,1,0.2,50
2564,เพาะเลี้ยงปลาน้ำกร่อย,ตราด,บ่อ,ปลากะพง,33,131.42,135.43,12541.98
2564,เพาะเลี้ยงปลาน้ำกร่อย,ตราด,บ่อ,ปลากะรัง,39,278.53,372.7,65623.92
2564,เพาะเลี้ยงปลาน้ำกร่อย,นครนายก,บ่อ,ปลากะพง,2,29,13.2,2112
2564,เพาะเลี้ยงปลาน้ำกร่อย,นครปฐม,บ่อ,ปลากะพง,10,67.75,150.11,14035.29
2564,เพาะเลี้ยงปลาน้ำกร่อย,นครศรีธรรมราช,บ่อ,ปลากะพง,484,2105.7,1538.62,182211.36
2564,เพาะเลี้ยงปลาน้ำกร่อย,นนทบุรี,บ่อ,ปลากะพง,3,3.75,1.3,110.5
2564,เพาะเลี้ยงปลาน้ำกร่อย,ประจวบคีรีขันธ์,บ่อ,ปลากะพง,96,706.25,1495.68,142089.6
2564,เพาะเลี้ยงปลาน้ำกร่อย,ประจวบคีรีขันธ์,บ่อ,ปลากะรัง,1,8.5,0.3,54
2564,เพาะเลี้ยงปลาน้ำกร่อย,ปัตตานี,บ่อ,ปลากะพง,76,205.67,122.79,14265.83
2564,เพาะเลี้ยงปลาน้ำกร่อย,พระนครศรีอยุธยา,บ่อ,ปลากะพง,1,18,4,320
2564,เพาะเลี้ยงปลาน้ำกร่อย,พังงา,บ่อ,ปลากะพง,5,21.25,3.98,605.53
2564,เพาะเลี้ยงปลาน้ำกร่อย,พังงา,บ่อ,ปลากะรัง,3,7,2.56,560
2564,เพาะเลี้ยงปลาน้ำกร่อย,ระนอง,บ่อ,ปลากะพง,10,19.03,10.93,1171.12
2564,เพาะเลี้ยงปลาน้ำกร่อย,ระยอง,บ่อ,ปลากะพง,36,148.35,111.62,13394.4
2564,เพาะเลี้ยงปลาน้ำกร่อย,ระยอง,บ่อ,ปลากะรัง,22,93.95,51.92,13853.5
2564,เพาะเลี้ยงปลาน้ำกร่อย,ราชบุรี,บ่อ,ปลากะพง,3,40,50,4075
2564,เพาะเลี้ยงปลาน้ำกร่อย,สงขลา,บ่อ,ปลากะพง,106,359.85,166.6,16916.27
2564,เพาะเลี้ยงปลาน้ำกร่อย,สตูล,บ่อ,ปลากะพง,68,225.11,52.91,6003.08
2564,เพาะเลี้ยงปลาน้ำกร่อย,สตูล,บ่อ,ปลากะรัง,96,171.14,34.57,6195.14
2564,เพาะเลี้ยงปลาน้ำกร่อย,สมุทรปราการ,บ่อ,ปลากะพง,201,2428.23,2891.99,232949.79
2564,เพาะเลี้ยงปลาน้ำกร่อย,สมุทรสงคราม,บ่อ,ปลากะพง,320,9926.48,8729.75,944122.46
2564,เพาะเลี้ยงปลาน้ำกร่อย,สมุทรสาคร,บ่อ,ปลากะพง,217,4277.87,9929.85,893686.5
2564,เพาะเลี้ยงปลาน้ำกร่อย,สุราษฎร์ธานี,บ่อ,ปลากะพง,198,1082.5,985.31,101959.88
2564,เพาะเลี้ยงปลาน้ำกร่อย,สุราษฎร์ธานี,บ่อ,ปลากะรัง,1,3,0.5,90
2564,เพาะเลี้ยงปลาน้ำกร่อย,สุโขทัย,บ่อ,ปลากะพง,1,4,0.6,72
2564,เพาะเลี้ยงปลาน้ำกร่อย,อุดรธานี,บ่อ,ปลากะพง,1,5,3.6,648
2564,เพาะเลี้ยงปลาน้ำกร่อย,เชียงราย,บ่อ,ปลากะพง,1,3,9.6,1584
2564,เพาะเลี้ยงปลาน้ำกร่อย,เพชรบุรี,บ่อ,ปลากะพง,57,454.37,278.57,29926.65
2565,เพาะเลี้ยงปลาน้ำกร่อย,กระบี่,กระชัง,ปลากะพง,220,7.37,117.45,18137.8
2565,เพาะเลี้ยงปลาน้ำกร่อย,กระบี่,กระชัง,ปลากะรัง,314,15.72,151.59,40510.91
2565,เพาะเลี้ยงปลาน้ำกร่อย,กระบี่,กระชัง,ปลาช่อนทะเล,18,0.33,4.02,626.95
2565,เพาะเลี้ยงปลาน้ำกร่อย,กระบี่,กระชัง,ปลาทะเลอื่น ๆ,1,0.01,0.05,7
2565,เพาะเลี้ยงปลาน้ำกร่อย,กระบี่,บ่อ,ปลากะพง,19,33.38,8,1335.44
2565,เพาะเลี้ยงปลาน้ำกร่อย,กระบี่,บ่อ,ปลากะรัง,13,14,3.45,1088.31
2565,เพาะเลี้ยงปลาน้ำกร่อย,กรุงเทพมหานคร,บ่อ,ปลากะพง,17,235.25,166.23,13627.54
2565,เพาะเลี้ยงปลาน้ำกร่อย,กาฬสินธุ์,บ่อ,ปลากะพง,29,63.25,153.3,20696.09
2565,เพาะเลี้ยงปลาน้ำกร่อย,ขอนแก่น,บ่อ,ปลากะพง,2,4,4.6,548.8
2565,เพาะเลี้ยงปลาน้ำกร่อย,จันทบุรี,กระชัง,ปลากะพง,49,2.38,59.76,8400.46
2565,เพาะเลี้ยงปลาน้ำกร่อย,จันทบุรี,กระชัง,ปลากะรัง,23,1.4,17.89,4149.51
2565,เพาะเลี้ยงปลาน้ำกร่อย,จันทบุรี,บ่อ,ปลากะพง,116,538.24,342.05,34488.9
2565,เพาะเลี้ยงปลาน้ำกร่อย,จันทบุรี,บ่อ,ปลากะรัง,47,166.72,57.53,18259.45
2565,เพาะเลี้ยงปลาน้ำกร่อย,จันทบุรี,บ่อ,ปลานวลจันทร์ทะเล,2,9,4,250
2565,เพาะเลี้ยงปลาน้ำกร่อย,ฉะเชิงเทรา,กระชัง,ปลากะพง,5,0.4,10,1200
2565,เพาะเลี้ยงปลาน้ำกร่อย,ฉะเชิงเทรา,บ่อ,ปลากะพง,518,4390,14420,1696080
2565,เพาะเลี้ยงปลาน้ำกร่อย,ฉะเชิงเทรา,บ่อ,ปลานวลจันทร์ทะเล,3,11.75,53.9,2949
2565,เพาะเลี้ยงปลาน้ำกร่อย,ชลบุรี,บ่อ,ปลากะพง,4,27.75,31.16,3889
2565,เพาะเลี้ยงปลาน้ำกร่อย,ชุมพร,กระชัง,ปลากะพง,44,2.28,44,6735
2565,เพาะเลี้ยงปลาน้ำกร่อย,ชุมพร,กระชัง,ปลากะรัง,1,0.01,0.15,30
2565,เพาะเลี้ยงปลาน้ำกร่อย,ชุมพร,บ่อ,ปลากะพง,25,100,55,5620
2565,เพาะเลี้ยงปลาน้ำกร่อย,ชุมพร,บ่อ,ปลานวลจันทร์ทะเล,2,7.25,0.8,40
2565,เพาะเลี้ยงปลาน้ำกร่อย,เชียงราย,บ่อ,ปลากะพง,1,3,7.2,1296
2565,เพาะเลี้ยงปลาน้ำกร่อย,ตรัง,กระชัง,ปลากะพง,65,2.84,47.72,7893.36
2565,เพาะเลี้ยงปลาน้ำกร่อย,ตรัง,กระชัง,ปลากะรัง,77,3.12,32.54,6810.95
2565,เพาะเลี้ยงปลาน้ำกร่อย,ตรัง,บ่อ,ปลากะพง,3,6.25,2.16,369.96
2565,เพาะเลี้ยงปลาน้ำกร่อย,ตรัง,บ่อ,ปลากะรัง,1,1,0.5,100
2565,เพาะเลี้ยงปลาน้ำกร่อย,ตราด,กระชัง,ปลากะพง,65,1.47,25.8,3204
2565,เพาะเลี้ยงปลาน้ำกร่อย,ตราด,กระชัง,ปลากะรัง,101,2.41,163.51,41094.97
2565,เพาะเลี้ยงปลาน้ำกร่อย,ตราด,บ่อ,ปลากะพง,29,115.42,102.72,9244.8
2565,เพาะเลี้ยงปลาน้ำกร่อย,ตราด,บ่อ,ปลากะรัง,31,227.78,171.44,33969.12
2565,เพาะเลี้ยงปลาน้ำกร่อย,นครนายก,บ่อ,ปลากะพง,2,29,10.8,1720
2565,เพาะเลี้ยงปลาน้ำกร่อย,นครปฐม,บ่อ,ปลากะพง,8,49.75,108.97,12267.12
2565,เพาะเลี้ยงปลาน้ำกร่อย,นครศรีธรรมราช,กระชัง,ปลากะพง,141,6.77,155.45,18789.24
2565,เพาะเลี้ยงปลาน้ำกร่อย,นครศรีธรรมราช,บ่อ,ปลากะพง,411,1833.3,726,92744.7
2565,เพาะเลี้ยงปลาน้ำกร่อย,นนทบุรี,บ่อ,ปลากะพง,3,3.75,2.95,345
2565,เพาะเลี้ยงปลาน้ำกร่อย,นราธิวาส,กระชัง,ปลากะพง,266,6.47,274.38,33021.63
2565,เพาะเลี้ยงปลาน้ำกร่อย,ประจวบคีรีขันธ์,กระชัง,ปลากะพง,1,0.02,0.62,62
2565,เพาะเลี้ยงปลาน้ำกร่อย,ประจวบคีรีขันธ์,บ่อ,ปลากะพง,101,759.25,1428.47,162917
2565,เพาะเลี้ยงปลาน้ำกร่อย,ประจวบคีรีขันธ์,บ่อ,ปลานวลจันทร์ทะเล,3,8.5,5.5,330
2565,เพาะเลี้ยงปลาน้ำกร่อย,ปัตตานี,กระชัง,ปลากะพง,210,9.84,350,43750
2565,เพาะเลี้ยงปลาน้ำกร่อย,ปัตตานี,บ่อ,ปลากะพง,64,161.84,73.6,8817.15
2565,เพาะเลี้ยงปลาน้ำกร่อย,พระนครศรีอยุธยา,บ่อ,ปลากะพง,1,18,63,5040
2565,เพาะเลี้ยงปลาน้ำกร่อย,พังงา,กระชัง,ปลากะพง,146,5.1,115.26,21524.36
2565,เพาะเลี้ยงปลาน้ำกร่อย,พังงา,กระชัง,ปลากะรัง,109,4.08,90.34,28457
2565,เพาะเลี้ยงปลาน้ำกร่อย,พังงา,กระชัง,ปลาทะเลอื่น ๆ,28,0.52,8.4,1512
2565,เพาะเลี้ยงปลาน้ำกร่อย,พังงา,บ่อ,ปลากะพง,5,21.25,8.5,1240
2565,เพาะเลี้ยงปลาน้ำกร่อย,พังงา,บ่อ,ปลากะรัง,3,7,5,1280
2565,เพาะเลี้ยงปลาน้ำกร่อย,พังงา,บ่อ,ปลานวลจันทร์ทะเล,2,13,1.8,99
2565,เพาะเลี้ยงปลาน้ำกร่อย,พัทลุง,กระชัง,ปลากะพง,60,4,113.42,15290.32
2565,เพาะเลี้ยงปลาน้ำกร่อย,เพชรบุรี,บ่อ,ปลากะพง,60,484.47,520.28,66536.23
2565,เพาะเลี้ยงปลาน้ำกร่อย,เพชรบุรี,บ่อ,ปลานวลจันทร์ทะเล,3,12,18.8,1118
2565,เพาะเลี้ยงปลาน้ำกร่อย,ภูเก็ต,กระชัง,ปลากะพง,21,0.33,5.36,961.44
2565,เพาะเลี้ยงปลาน้ำกร่อย,ภูเก็ต,กระชัง,ปลากะรัง,40,0.79,11.85,2641.84
2565,เพาะเลี้ยงปลาน้ำกร่อย,ภูเก็ต,กระชัง,ปลาช่อนทะเล,12,0.45,16.2,2864
2565,เพาะเลี้ยงปลาน้ำกร่อย,ภูเก็ต,กระชัง,ปลาทะเลอื่น ๆ,32,0.52,10.82,1681.21
2565,เพาะเลี้ยงปลาน้ำกร่อย,ระนอง,กระชัง,ปลากะพง,121,3.17,60.51,9936.74
2565,เพาะเลี้ยงปลาน้ำกร่อย,ระนอง,กระชัง,ปลากะรัง,200,7.84,150.87,38032.51
2565,เพาะเลี้ยงปลาน้ำกร่อย,ระนอง,บ่อ,ปลากะพง,9,17.96,11.53,1386.9
2565,เพาะเลี้ยงปลาน้ำกร่อย,ระยอง,กระชัง,ปลากะพง,2,0.14,3,390
2565,เพาะเลี้ยงปลาน้ำกร่อย,ระยอง,กระชัง,ปลากะรัง,6,0.34,6.55,1939
2565,เพาะเลี้ยงปลาน้ำกร่อย,ระยอง,บ่อ,ปลากะพง,32,131.85,113.79,14900.35
2565,เพาะเลี้ยงปลาน้ำกร่อย,ระยอง,บ่อ,ปลากะรัง,22,93.95,58.97,17484.03
2565,เพาะเลี้ยงปลาน้ำกร่อย,ราชบุรี,บ่อ,ปลากะพง,3,35,45,3150
2565,เพาะเลี้ยงปลาน้ำกร่อย,ลำพูน,กระชัง,ปลากะพง,1,0.08,1.2,180
2565,เพาะเลี้ยงปลาน้ำกร่อย,สงขลา,กระชัง,ปลากะพง,1797,89.26,3195,513180.9
2565,เพาะเลี้ยงปลาน้ำกร่อย,สงขลา,กระชัง,ปลากะรัง,23,0.92,11.91,2598.64
2565,เพาะเลี้ยงปลาน้ำกร่อย,สงขลา,บ่อ,ปลากะพง,98,308.6,123.74,16213.65
2565,เพาะเลี้ยงปลาน้ำกร่อย,สตูล,กระชัง,ปลากะรัง,5,0.18,2.17,437.86
2565,เพาะเลี้ยงปลาน้ำกร่อย,สตูล,บ่อ,ปลากะพง,66,215.43,101.3,12041.53
2565,เพาะเลี้ยงปลาน้ำกร่อย,สตูล,บ่อ,ปลากะรัง,99,176,26.92,6057
2565,เพาะเลี้ยงปลาน้ำกร่อย,สมุทรปราการ,บ่อ,ปลากะพง,206,2452.07,5230.48,560890.13
2565,เพาะเลี้ยงปลาน้ำกร่อย,สมุทรสงคราม,กระชัง,ปลากะพง,10,0.87,140.75,18467.81
2565,เพาะเลี้ยงปลาน้ำกร่อย,สมุทรสงคราม,บ่อ,ปลากะพง,300,9225.61,10607.12,1218504.93
2565,เพาะเลี้ยงปลาน้ำกร่อย,สมุทรสงคราม,บ่อ,ปลานวลจันทร์ทะเล,1,10,15,1125
2565,เพาะเลี้ยงปลาน้ำกร่อย,สมุทรสาคร,บ่อ,ปลากะพง,227,4542.24,11797.59,1251488.35
2565,เพาะเลี้ยงปลาน้ำกร่อย,สมุทรสาคร,บ่อ,ปลานวลจันทร์ทะเล,8,178,56.96,2096.7
2565,เพาะเลี้ยงปลาน้ำกร่อย,สุโขทัย,บ่อ,ปลากะพง,1,4,0.7,84
2565,เพาะเลี้ยงปลาน้ำกร่อย,สุราษฎร์ธานี,กระชัง,ปลากะพง,38,4.81,112.49,13772.15
2565,เพาะเลี้ยงปลาน้ำกร่อย,สุราษฎร์ธานี,กระชัง,ปลากะรัง,8,0.6,16.34,2974.4
2565,เพาะเลี้ยงปลาน้ำกร่อย,สุราษฎร์ธานี,บ่อ,ปลากะพง,168,928.23,787.86,104052.67
2565,เพาะเลี้ยงปลาน้ำกร่อย,อุดรธานี,บ่อ,ปลากะพง,1,5,7.2,1296
2566,เพาะเลี้ยงปลาน้ำกร่อย,กระบี่,กระชัง,ปลากะพง,204,6.44,94.9,14820.53
2566,เพาะเลี้ยงปลาน้ำกร่อย,กระบี่,กระชัง,ปลากะรัง,335,15.35,165.68,49853.11
2566,เพาะเลี้ยงปลาน้ำกร่อย,กระบี่,กระชัง,ปลาช่อนทะเล,13,0.25,3.98,667.82
2566,เพาะเลี้ยงปลาน้ำกร่อย,กระบี่,บ่อ,ปลากะพง,18,32.88,5.56,913.02
2566,เพาะเลี้ยงปลาน้ำกร่อย,กระบี่,บ่อ,ปลากะรัง,15,18.5,2.1,614.51
2566,เพาะเลี้ยงปลาน้ำกร่อย,กรุงเทพมหานคร,บ่อ,ปลากะพง,28,499.2,133.32,9206.05
2566,เพาะเลี้ยงปลาน้ำกร่อย,กรุงเทพมหานคร,บ่อ,ปลานวลจันทร์ทะเล,3,69.09,0.57,18.25
2566,เพาะเลี้ยงปลาน้ำกร่อย,จันทบุรี,กระชัง,ปลากะพง,40,2.22,59.08,9176.31
2566,เพาะเลี้ยงปลาน้ำกร่อย,จันทบุรี,กระชัง,ปลากะรัง,18,1.52,16.95,4184.95
2566,เพาะเลี้ยงปลาน้ำกร่อย,จันทบุรี,บ่อ,ปลากะพง,132,609.92,406.82,46104.91
2566,เพาะเลี้ยงปลาน้ำกร่อย,จันทบุรี,บ่อ,ปลากะรัง,44,155.52,47.41,11405.42
2566,เพาะเลี้ยงปลาน้ำกร่อย,จันทบุรี,บ่อ,ปลานวลจันทร์ทะเล,2,9,4.55,273
2566,เพาะเลี้ยงปลาน้ำกร่อย,ฉะเชิงเทรา,บ่อ,ปลากะพง,526,4476,15286.99,1570279.61
2566,เพาะเลี้ยงปลาน้ำกร่อย,ฉะเชิงเทรา,บ่อ,ปลานวลจันทร์ทะเล,2,2.75,9.8,506.4
2566,เพาะเลี้ยงปลาน้ำกร่อย,ชลบุรี,บ่อ,ปลากะพง,4,27.75,1.3,122
2566,เพาะเลี้ยงปลาน้ำกร่อย,ชุมพร,กระชัง,ปลากะพง,55,3.04,53.04,6350.48
2566,เพาะเลี้ยงปลาน้ำกร่อย,ชุมพร,กระชัง,ปลากะรัง,1,0.01,0.1,20
2566,เพาะเลี้ยงปลาน้ำกร่อย,ชุมพร,บ่อ,ปลากะพง,27,144.31,72.16,9702.68
2566,เพาะเลี้ยงปลาน้ำกร่อย,ชุมพร,บ่อ,ปลานวลจันทร์ทะเล,2,7.25,2,100
2566,เพาะเลี้ยงปลาน้ำกร่อย,ตรัง,กระชัง,ปลากะพง,62,3.05,62.8,9547.18
2566,เพาะเลี้ยงปลาน้ำกร่อย,ตรัง,กระชัง,ปลากะรัง,29,1.24,28.08,6361.51
2566,เพาะเลี้ยงปลาน้ำกร่อย,ตรัง,บ่อ,ปลากะพง,1,1,1.5,150
2566,เพาะเลี้ยงปลาน้ำกร่อย,ตรัง,บ่อ,ปลากะรัง,1,1,0.5,75
2566,เพาะเลี้ยงปลาน้ำกร่อย,ตราด,กระชัง,ปลากะพง,60,1.35,24.39,2875.58
2566,เพาะเลี้ยงปลาน้ำกร่อย,ตราด,กระชัง,ปลากะรัง,97,2.18,27.55,5593.75
2566,เพาะเลี้ยงปลาน้ำกร่อย,ตราด,บ่อ,ปลากะพง,28,121.17,86.74,9126.78
2566,เพาะเลี้ยงปลาน้ำกร่อย,ตราด,บ่อ,ปลากะรัง,28,200.12,107.51,19351.8
2566,เพาะเลี้ยงปลาน้ำกร่อย,นครนายก,บ่อ,ปลากะพง,2,29,20,1600
2566,เพาะเลี้ยงปลาน้ำกร่อย,นครปฐม,บ่อ,ปลากะพง,7,33,80.3,7530
2566,เพาะเลี้ยงปลาน้ำกร่อย,นครศรีธรรมราช,กระชัง,ปลากะพง,82,3.74,80.91,7645.42
2566,เพาะเลี้ยงปลาน้ำกร่อย,นครศรีธรรมราช,บ่อ,ปลากระบอก,1,4,0.5,45
2566,เพาะเลี้ยงปลาน้ำกร่อย,นครศรีธรรมราช,บ่อ,ปลากะพง,338,1469.65,692.1,62602.51
2566,เพาะเลี้ยงปลาน้ำกร่อย,นราธิวาส,กระชัง,ปลากะพง,246,6.37,252.55,30832.63
2566,เพาะเลี้ยงปลาน้ำกร่อย,ประจวบคีรีขันธ์,บ่อ,ปลากะพง,106,847.75,1335,150027.3
2566,เพาะเลี้ยงปลาน้ำกร่อย,ประจวบคีรีขันธ์,บ่อ,ปลานวลจันทร์ทะเล,3,8.5,5.04,337.45
2566,เพาะเลี้ยงปลาน้ำกร่อย,ปราจีนบุรี,บ่อ,ปลากะพง,8,49,110.1,13212.41
2566,เพาะเลี้ยงปลาน้ำกร่อย,ปัตตานี,กระชัง,ปลากะพง,191,11.94,868,104133.96
2566,เพาะเลี้ยงปลาน้ำกร่อย,ปัตตานี,บ่อ,ปลากะพง,71,203.04,167.01,18102.29
2566,เพาะเลี้ยงปลาน้ำกร่อย,พังงา,กระชัง,ปลากะพง,139,4.85,118.92,20998.89
2566,เพาะเลี้ยงปลาน้ำกร่อย,พังงา,กระชัง,ปลากะมง,16,0.29,18.94,3387.3
2566,เพาะเลี้ยงปลาน้ำกร่อย,พังงา,กระชัง,ปลากะรัง,103,4.06,92.14,26897.51
2566,เพาะเลี้ยงปลาน้ำกร่อย,พังงา,บ่อ,ปลากะพง,15,23,13.4,2560
2566,เพาะเลี้ยงปลาน้ำกร่อย,พังงา,บ่อ,ปลากะรัง,1,0.5,0.5,135
2566,เพาะเลี้ยงปลาน้ำกร่อย,พัทลุง,กระชัง,ปลากะพง,63,4.02,116,15660
2566,เพาะเลี้ยงปลาน้ำกร่อย,เพชรบุรี,บ่อ,ปลากะพง,66,505.02,516.74,52319.44
2566,เพาะเลี้ยงปลาน้ำกร่อย,เพชรบุรี,บ่อ,ปลานวลจันทร์ทะเล,2,7,9.05,407.65
2566,เพาะเลี้ยงปลาน้ำกร่อย,ภูเก็ต,กระชัง,ปลากะพง,31,0.47,5.19,1128.1
2566,เพาะเลี้ยงปลาน้ำกร่อย,ภูเก็ต,กระชัง,ปลากะมง,34,0.57,5.75,963.42
2566,เพาะเลี้ยงปลาน้ำกร่อย,ภูเก็ต,กระชัง,ปลากะรัง,45,0.9,11.2,3091.09
2566,เพาะเลี้ยงปลาน้ำกร่อย,ภูเก็ต,กระชัง,ปลาช่อนทะเล,18,0.55,4.57,731.45
2566,เพาะเลี้ยงปลาน้ำกร่อย,ระนอง,กระชัง,ปลากะพง,111,2.77,35.93,5642.85
2566,เพาะเลี้ยงปลาน้ำกร่อย,ระนอง,กระชัง,ปลากะรัง,186,7.79,109.47,30628.38
2566,เพาะเลี้ยงปลาน้ำกร่อย,ระนอง,บ่อ,ปลากะพง,8,16.95,8.3,1021.2
2566,เพาะเลี้ยงปลาน้ำกร่อย,ระยอง,กระชัง,ปลากะพง,2,0.14,3.4,442
2566,เพาะเลี้ยงปลาน้ำกร่อย,ระยอง,กระชัง,ปลากะรัง,6,0.34,8.26,2610.71
2566,เพาะเลี้ยงปลาน้ำกร่อย,ระยอง,บ่อ,ปลากะพง,30,133.35,101.35,12162
2566,เพาะเลี้ยงปลาน้ำกร่อย,ระยอง,บ่อ,ปลากะรัง,22,113.45,67.49,20688.63
2566,เพาะเลี้ยงปลาน้ำกร่อย,ราชบุรี,บ่อ,ปลากะพง,3,106,314,25420
2566,เพาะเลี้ยงปลาน้ำกร่อย,สงขลา,กระชัง,ปลากะพง,1847,92.4,2556.15,389020.47
2566,เพาะเลี้ยงปลาน้ำกร่อย,สงขลา,กระชัง,ปลากะรัง,29,1.22,15.13,3243.57
2566,เพาะเลี้ยงปลาน้ำกร่อย,สงขลา,บ่อ,ปลากะพง,96,310,99.05,11859.26
2566,เพาะเลี้ยงปลาน้ำกร่อย,สตูล,กระชัง,ปลากะพง,138,2.7,39.09,6015.95
2566,เพาะเลี้ยงปลาน้ำกร่อย,สตูล,กระชัง,ปลากะรัง,20,0.53,7.22,1831.95
2566,เพาะเลี้ยงปลาน้ำกร่อย,สตูล,บ่อ,ปลากะพง,68,203.32,109.71,13573
2566,เพาะเลี้ยงปลาน้ำกร่อย,สตูล,บ่อ,ปลากะรัง,105,185.85,111.51,35647.52
2566,เพาะเลี้ยงปลาน้ำกร่อย,สมุทรปราการ,บ่อ,ปลากะพง,212,2522.94,5174.55,497946.94
2566,เพาะเลี้ยงปลาน้ำกร่อย,สมุทรสงคราม,กระชัง,ปลากะพง,10,0.6,67.45,7888.95
2566,เพาะเลี้ยงปลาน้ำกร่อย,สมุทรสงคราม,บ่อ,ปลากะพง,310,10141.81,10046.94,867180.02
2566,เพาะเลี้ยงปลาน้ำกร่อย,สมุทรสงคราม,บ่อ,ปลานวลจันทร์ทะเล,1,10,33.75,1687.5
2566,เพาะเลี้ยงปลาน้ำกร่อย,สมุทรสาคร,บ่อ,ปลากระบอก,1,28,0.5,30
2566,เพาะเลี้ยงปลาน้ำกร่อย,สมุทรสาคร,บ่อ,ปลากะพง,229,4449.18,14620.91,1389145.38
2566,เพาะเลี้ยงปลาน้ำกร่อย,สมุทรสาคร,บ่อ,ปลานวลจันทร์ทะเล,7,164.75,42.12,1524.87
2566,เพาะเลี้ยงปลาน้ำกร่อย,สุโขทัย,บ่อ,ปลากะพง,1,4,4,700
2566,เพาะเลี้ยงปลาน้ำกร่อย,สุราษฎร์ธานี,กระชัง,ปลากะพง,45,4.16,103.83,12616.51
2566,เพาะเลี้ยงปลาน้ำกร่อย,สุราษฎร์ธานี,กระชัง,ปลากะรัง,9,0.69,14.17,4751.2
2566,เพาะเลี้ยงปลาน้ำกร่อย,สุราษฎร์ธานี,บ่อ,ปลากะพง,178,989.4,804.64,80850.26
2566,เพาะเลี้ยงปลาน้ำกร่อย,อุดรธานี,บ่อ,ปลากะพง,1,5,6,1200
2567,เพาะเลี้ยงปลาน้ำกร่อย,เพชรบุรี,บ่อ,ปลากะพง,77,675,310,34001
2567,เพาะเลี้ยงปลาน้ำกร่อย,กระบี่,กระชัง,ปลากะพง,152,5,89,14282
2567,เพาะเลี้ยงปลาน้ำกร่อย,กระบี่,กระชัง,ปลากะรัง,278,13,156,42144
2567,เพาะเลี้ยงปลาน้ำกร่อย,กระบี่,กระชัง,ปลาช่อนทะเล,12,0,3,577
2567,เพาะเลี้ยงปลาน้ำกร่อย,กระบี่,บ่อ,ปลากะพง,17,34,7,1058
2567,เพาะเลี้ยงปลาน้ำกร่อย,กระบี่,บ่อ,ปลากะรัง,14,17,3,943
2567,เพาะเลี้ยงปลาน้ำกร่อย,กรุงเทพมหานคร,บ่อ,ปลากะพง,59,1022,203,22546
2567,เพาะเลี้ยงปลาน้ำกร่อย,จันทบุรี,กระชัง,ปลากะพง,15,2,47,5643
2567,เพาะเลี้ยงปลาน้ำกร่อย,จันทบุรี,กระชัง,ปลากะรัง,15,1,15,3848
2567,เพาะเลี้ยงปลาน้ำกร่อย,จันทบุรี,บ่อ,ปลากะพง,127,598,390,42900
2567,เพาะเลี้ยงปลาน้ำกร่อย,จันทบุรี,บ่อ,ปลากะรัง,43,149,48,11988
2567,เพาะเลี้ยงปลาน้ำกร่อย,ฉะเชิงเทรา,บ่อ,ปลากะพง,533,4687,16490,1972406
2567,เพาะเลี้ยงปลาน้ำกร่อย,ฉะเชิงเทรา,บ่อ,ปลานวลจันทร์ทะเล,2,3,5,335
2567,เพาะเลี้ยงปลาน้ำกร่อย,ชลบุรี,บ่อ,ปลากะพง,4,28,1,120
2567,เพาะเลี้ยงปลาน้ำกร่อย,ชุมพร,กระชัง,ปลากะพง,38,2,32,3637
2567,เพาะเลี้ยงปลาน้ำกร่อย,ชุมพร,กระชัง,ปลากะรัง,1,0,0,17
2567,เพาะเลี้ยงปลาน้ำกร่อย,ชุมพร,บ่อ,ปลากะพง,26,145,59,6189
2567,เพาะเลี้ยงปลาน้ำกร่อย,ชุมพร,บ่อ,ปลากะรัง,1,3,0,50
2567,เพาะเลี้ยงปลาน้ำกร่อย,ชุมพร,บ่อ,ปลานวลจันทร์ทะเล,1,2,1,50
2567,เพาะเลี้ยงปลาน้ำกร่อย,ตรัง,กระชัง,ปลากะพง,62,3,215,31369
2567,เพาะเลี้ยงปลาน้ำกร่อย,ตรัง,กระชัง,ปลากะรัง,29,1,29,6283
2567,เพาะเลี้ยงปลาน้ำกร่อย,ตรัง,บ่อ,ปลากะพง,5,9,6,813
2567,เพาะเลี้ยงปลาน้ำกร่อย,ตรัง,บ่อ,ปลากะรัง,1,1,1,250
2567,เพาะเลี้ยงปลาน้ำกร่อย,ตราด,กระชัง,ปลากะพง,46,1,32,3503
2567,เพาะเลี้ยงปลาน้ำกร่อย,ตราด,กระชัง,ปลากะรัง,75,2,56,12456
2567,เพาะเลี้ยงปลาน้ำกร่อย,ตราด,บ่อ,ปลากะพง,33,146,85,8560
2567,เพาะเลี้ยงปลาน้ำกร่อย,ตราด,บ่อ,ปลากะรัง,28,189,67,11751
2567,เพาะเลี้ยงปลาน้ำกร่อย,นครปฐม,บ่อ,ปลากะพง,12,43,131,14474
2567,เพาะเลี้ยงปลาน้ำกร่อย,นครศรีธรรมราช,กระชัง,ปลากะพง,25,2,23,2469
2567,เพาะเลี้ยงปลาน้ำกร่อย,นครศรีธรรมราช,บ่อ,ปลากะพง,312,1342,503,54900
2567,เพาะเลี้ยงปลาน้ำกร่อย,นนทบุรี,บ่อ,ปลากะพง,2,3,2,129
2567,เพาะเลี้ยงปลาน้ำกร่อย,นราธิวาส,กระชัง,ปลากะพง,207,6,131,15415
2567,เพาะเลี้ยงปลาน้ำกร่อย,ประจวบคีรีขันธ์,กระชัง,ปลากะพง,1,0,2,170
2567,เพาะเลี้ยงปลาน้ำกร่อย,ประจวบคีรีขันธ์,บ่อ,ปลากะพง,98,834,1665,150816
2567,เพาะเลี้ยงปลาน้ำกร่อย,ประจวบคีรีขันธ์,บ่อ,ปลากะรัง,1,4,3,825
2567,เพาะเลี้ยงปลาน้ำกร่อย,ประจวบคีรีขันธ์,บ่อ,ปลานวลจันทร์ทะเล,2,5,2,94
2567,เพาะเลี้ยงปลาน้ำกร่อย,ปราจีนบุรี,บ่อ,ปลากะพง,5,32,123,14784
2567,เพาะเลี้ยงปลาน้ำกร่อย,ปัตตานี,กระชัง,ปลากะพง,212,17,613,67422
2567,เพาะเลี้ยงปลาน้ำกร่อย,ปัตตานี,บ่อ,ปลากะพง,91,259,214,21647
2567,เพาะเลี้ยงปลาน้ำกร่อย,พังงา,กระชัง,ปลากะพง,123,4,75,12644
2567,เพาะเลี้ยงปลาน้ำกร่อย,พังงา,กระชัง,ปลากะมง,6,0,1,101
2567,เพาะเลี้ยงปลาน้ำกร่อย,พังงา,กระชัง,ปลากะรัง,99,4,86,22674
2567,เพาะเลี้ยงปลาน้ำกร่อย,พังงา,บ่อ,ปลากะพง,10,24,10,1640
2567,เพาะเลี้ยงปลาน้ำกร่อย,พังงา,บ่อ,ปลากะรัง,2,3,0,125
2567,เพาะเลี้ยงปลาน้ำกร่อย,พัทลุง,กระชัง,ปลากะพง,71,4,115,15354
2567,เพาะเลี้ยงปลาน้ำกร่อย,ภูเก็ต,กระชัง,ปลากะพง,32,0,11,2464
2567,เพาะเลี้ยงปลาน้ำกร่อย,ภูเก็ต,กระชัง,ปลากะมง,34,1,6,1081
2567,เพาะเลี้ยงปลาน้ำกร่อย,ภูเก็ต,กระชัง,ปลากะรัง,45,1,9,2375
2567,เพาะเลี้ยงปลาน้ำกร่อย,ภูเก็ต,กระชัง,ปลาช่อนทะเล,18,1,11,2101
2567,เพาะเลี้ยงปลาน้ำกร่อย,ระนอง,กระชัง,ปลากะพง,91,2,47,7624
2567,เพาะเลี้ยงปลาน้ำกร่อย,ระนอง,กระชัง,ปลากะรัง,171,8,117,28657
2567,เพาะเลี้ยงปลาน้ำกร่อย,ระนอง,บ่อ,ปลากะพง,8,17,6,852
2567,เพาะเลี้ยงปลาน้ำกร่อย,ระยอง,กระชัง,ปลากะพง,2,0,6,856
2567,เพาะเลี้ยงปลาน้ำกร่อย,ระยอง,กระชัง,ปลากะรัง,6,0,10,2851
2567,เพาะเลี้ยงปลาน้ำกร่อย,ระยอง,บ่อ,ปลากะพง,36,140,116,15356
2567,เพาะเลี้ยงปลาน้ำกร่อย,ระยอง,บ่อ,ปลากะรัง,22,123,70,21765
2567,เพาะเลี้ยงปลาน้ำกร่อย,ราชบุรี,บ่อ,ปลากะพง,3,106,62,5250
2567,เพาะเลี้ยงปลาน้ำกร่อย,สงขลา,กระชัง,ปลากะพง,1915,95,3221,503219
2567,เพาะเลี้ยงปลาน้ำกร่อย,สงขลา,กระชัง,ปลากะรัง,42,2,21,4556
2567,เพาะเลี้ยงปลาน้ำกร่อย,สงขลา,บ่อ,ปลากะพง,95,298,93,11600
2567,เพาะเลี้ยงปลาน้ำกร่อย,สตูล,กระชัง,ปลากะพง,138,3,40,7141
2567,เพาะเลี้ยงปลาน้ำกร่อย,สตูล,กระชัง,ปลากะรัง,13,0,4,1122
2567,เพาะเลี้ยงปลาน้ำกร่อย,สตูล,บ่อ,ปลากะพง,67,215,115,13405
2567,เพาะเลี้ยงปลาน้ำกร่อย,สตูล,บ่อ,ปลากะรัง,100,178,36,8883
2567,เพาะเลี้ยงปลาน้ำกร่อย,สมุทรปราการ,บ่อ,ปลากะพง,269,3231,6065,611049
2567,เพาะเลี้ยงปลาน้ำกร่อย,สมุทรสงคราม,กระชัง,ปลากะพง,4,0,34,4108
2567,เพาะเลี้ยงปลาน้ำกร่อย,สมุทรสงคราม,บ่อ,ปลากะพง,364,10887,13827,1382701
2567,เพาะเลี้ยงปลาน้ำกร่อย,สมุทรสงคราม,บ่อ,ปลานวลจันทร์ทะเล,1,10,25,1250
2567,เพาะเลี้ยงปลาน้ำกร่อย,สมุทรสาคร,บ่อ,ปลากระบอก,1,28,5,350
2567,เพาะเลี้ยงปลาน้ำกร่อย,สมุทรสาคร,บ่อ,ปลากะพง,254,4844,13247,1292510
2567,เพาะเลี้ยงปลาน้ำกร่อย,สมุทรสาคร,บ่อ,ปลานวลจันทร์ทะเล,7,165,58,3493
2567,เพาะเลี้ยงปลาน้ำกร่อย,สระแก้ว,บ่อ,ปลากะพง,1,6,3,384
2567,เพาะเลี้ยงปลาน้ำกร่อย,สุโขทัย,บ่อ,ปลากะพง,1,1,1,113
2567,เพาะเลี้ยงปลาน้ำกร่อย,สุราษฎร์ธานี,กระชัง,ปลากะพง,50,4,114,13612
2567,เพาะเลี้ยงปลาน้ำกร่อย,สุราษฎร์ธานี,กระชัง,ปลากะรัง,9,1,16,3132
2567,เพาะเลี้ยงปลาน้ำกร่อย,สุราษฎร์ธานี,บ่อ,ปลากะพง,173,949,824,93322
2567,เพาะเลี้ยงปลาน้ำกร่อย,อุดรธานี,บ่อ,ปลากะพง,1,2,2,264
