ปี,ประเภทการเพาะเลี้ยง,จังหวัด,ชนิดสัตว์น้ำ,จำนวนฟาร์ม,เนื้อที่เลี้ยง,ปริมาณ,มูลค่า
2561,เพาะเลี้ยงปูทะเล,ตราด,ปูทะเล,6,104.91,0.37,120.78
2561,เพาะเลี้ยงปูทะเล,จันทบุรี,ปูทะเล,19,154,9.8,3544.46
2561,เพาะเลี้ยงปูทะเล,ฉะเชิงเทรา,ปูทะเล,2,42.25,1.84,1104
2561,เพาะเลี้ยงปูทะเล,สมุทรปราการ,ปูทะเล,38,715.57,12.03,4210.5
2561,เพาะเลี้ยงปูทะเล,กรุงเทพมหานคร,ปูทะเล,8,104.3,0.32,175.34
2561,เพาะเลี้ยงปูทะเล,สมุทรสาคร,ปูทะเล,54,1266.37,25.33,9449.36
2561,เพาะเลี้ยงปูทะเล,สมุทรสงคราม,ปูทะเล,107,5958.15,201.09,99304.27
2561,เพาะเลี้ยงปูทะเล,เพชรบุรี,ปูทะเล,48,1326.45,177.74,62209
2561,เพาะเลี้ยงปูทะเล,ประจวบคีรีขันธ์,ปูทะเล,23,284.75,12.68,3969.35
2561,เพาะเลี้ยงปูทะเล,ชุมพร,ปูทะเล,34,191.49,7.89,3305.32
2561,เพาะเลี้ยงปูทะเล,สุราษฎร์ธานี,ปูทะเล,202,1082.33,127.92,67085.09
2561,เพาะเลี้ยงปูทะเล,นครศรีธรรมราช,ปูทะเล,2187,9287.1,416.86,126129.33
2561,เพาะเลี้ยงปูทะเล,สงขลา,ปูทะเล,48,223.43,14.57,8742
2561,เพาะเลี้ยงปูทะเล,สตูล,ปูทะเล,27,76.61,9.09,3417.84
2561,เพาะเลี้ยงปูทะเล,ตราด,ปูทะเล,4,34,26.76,9366
2561,เพาะเลี้ยงปูทะเล,จันทบุรี,ปูทะเล,1,3.5,16.51,6273.8
2561,เพาะเลี้ยงปูทะเล,ระยอง,ปูทะเล,1,5,5,2250
2561,เพาะเลี้ยงปูทะเล,ชุมพร,ปูทะเล,1,10,8.43,2721.54
2561,เพาะเลี้ยงปูทะเล,ระนอง,ปูทะเล,53,204.52,149.45,45500.05
2561,เพาะเลี้ยงปูทะเล,กระบี่,ปูทะเล,15,45,88.82,26671.76
2561,เพาะเลี้ยงปูทะเล,สตูล,ปูทะเล,1,0.05,8.69,1998.7
2562,เพาะเลี้ยงปูทะเล,ตราด,ปูทะเล,6,101.25,0.61,205.5
2562,เพาะเลี้ยงปูทะเล,จันทบุรี,ปูทะเล,27,220,14.84,5567.85
2562,เพาะเลี้ยงปูทะเล,ฉะเชิงเทรา,ปูทะเล,5,70.25,2.85,1282.5
2562,เพาะเลี้ยงปูทะเล,สมุทรปราการ,ปูทะเล,40,761.93,17.26,6042.68
2562,เพาะเลี้ยงปูทะเล,กรุงเทพมหานคร,ปูทะเล,4,59.8,0.33,164.66
2562,เพาะเลี้ยงปูทะเล,สมุทรสาคร,ปูทะเล,71,1755.12,28.04,9699.03
2562,เพาะเลี้ยงปูทะเล,สมุทรสงคราม,ปูทะเล,181,9355.55,467.78,200217.02
2562,เพาะเลี้ยงปูทะเล,เพชรบุรี,ปูทะเล,50,1368.2,305.62,91686
2562,เพาะเลี้ยงปูทะเล,ประจวบคีรีขันธ์,ปูทะเล,51,473.75,12.66,3615.19
2562,เพาะเลี้ยงปูทะเล,ชุมพร,ปูทะเล,55,290.74,8.31,4122.53
2562,เพาะเลี้ยงปูทะเล,สุราษฎร์ธานี,ปูทะเล,218,1166.83,130.57,58599.02
2562,เพาะเลี้ยงปูทะเล,นครศรีธรรมราช,ปูทะเล,2315,9868.08,397.14,118853.62
2562,เพาะเลี้ยงปูทะเล,สงขลา,ปูทะเล,51,236.5,9.25,4428.82
2562,เพาะเลี้ยงปูทะเล,ระนอง,ปูทะเล,51,213.85,152.13,53195.02
2562,เพาะเลี้ยงปูทะเล,กระบี่,ปูทะเล,1,3,1.5,480
2562,เพาะเลี้ยงปูทะเล,ตรัง,ปูทะเล,1,3,1.2,240
2562,เพาะเลี้ยงปูทะเล,สตูล,ปูทะเล,27,73.21,10.45,3042.45
2562,เพาะเลี้ยงปูทะเล,ตราด,ปูทะเล,6,39.01,44.08,18353.6
2562,เพาะเลี้ยงปูทะเล,จันทบุรี,ปูทะเล,2,8.5,25,10200
2562,เพาะเลี้ยงปูทะเล,ระยอง,ปูทะเล,1,5,4.5,2250
2562,เพาะเลี้ยงปูทะเล,ประจวบคีรีขันธ์,ปูทะเล,3,32.5,8.78,3317.13
2562,เพาะเลี้ยงปูทะเล,ระนอง,ปูทะเล,8,1.56,5.38,1399.46
2562,เพาะเลี้ยงปูทะเล,พังงา,ปูทะเล,13,1.89,2.47,803.22
2562,เพาะเลี้ยงปูทะเล,กระบี่,ปูทะเล,11,43.5,11.92,3835.9
2562,เพาะเลี้ยงปูทะเล,ตรัง,ปูทะเล,12,28,39.9,11375
2562,เพาะเลี้ยงปูทะเล,สตูล,ปูทะเล,1,4,10,3500
2563,เพาะเลี้ยงปูทะเล,ตราด,ปูทะเล,19,198.5,14.88,2682.26
2563,เพาะเลี้ยงปูทะเล,จันทบุรี,ปูทะเล,101,701.5,22.77,7945.18
2563,เพาะเลี้ยงปูทะเล,ระยอง,ปูทะเล,1,8,1.2,540
2563,เพาะเลี้ยงปูทะเล,ฉะเชิงเทรา,ปูทะเล,12,259.25,33.76,15190.43
2563,เพาะเลี้ยงปูทะเล,สมุทรปราการ,ปูทะเล,101,1996.47,57.38,20082.82
2563,เพาะเลี้ยงปูทะเล,กรุงเทพมหานคร,ปูทะเล,14,269.75,3.48,1108.78
2563,เพาะเลี้ยงปูทะเล,สมุทรสาคร,ปูทะเล,189,4739.82,73.23,25775.92
2563,เพาะเลี้ยงปูทะเล,สมุทรสงคราม,ปูทะเล,266,12888.55,134.78,67472
2563,เพาะเลี้ยงปูทะเล,เพชรบุรี,ปูทะเล,131,5393.95,213.97,92857.53
2563,เพาะเลี้ยงปูทะเล,ประจวบคีรีขันธ์,ปูทะเล,163,1611,37.63,10785.41
2563,เพาะเลี้ยงปูทะเล,ชุมพร,ปูทะเล,53,279.57,51.6,15356.32
2563,เพาะเลี้ยงปูทะเล,สุราษฎร์ธานี,ปูทะเล,189,1070.08,90.71,27853.8
2563,เพาะเลี้ยงปูทะเล,นครศรีธรรมราช,ปูทะเล,3397,14572.44,894.81,332549.5
2563,เพาะเลี้ยงปูทะเล,สงขลา,ปูทะเล,66,294.68,23.37,8677.65
2563,เพาะเลี้ยงปูทะเล,ปัตตานี,ปูทะเล,3,9.75,2.4,490
2563,เพาะเลี้ยงปูทะเล,ระนอง,ปูทะเล,39,146.63,362.05,94078.5
2563,เพาะเลี้ยงปูทะเล,กระบี่,ปูทะเล,13,29.2,30.9,11252.61
2563,เพาะเลี้ยงปูทะเล,สตูล,ปูทะเล,19,31.22,13.61,3969.06
2563,เพาะเลี้ยงปูทะเล,ตราด,ปูทะเล,4,34,21.5,5985
2563,เพาะเลี้ยงปูทะเล,จันทบุรี,ปูทะเล,3,48.5,50.15,13115.5
2563,เพาะเลี้ยงปูทะเล,ระยอง,ปูทะเล,1,3,3,840
2563,เพาะเลี้ยงปูทะเล,ประจวบคีรีขันธ์,ปูทะเล,2,13,1.45,412.5
2563,เพาะเลี้ยงปูทะเล,ชุมพร,ปูทะเล,2,30,38.85,13567.5
2563,เพาะเลี้ยงปูทะเล,สุราษฎร์ธานี,ปูทะเล,1,0.01,0.48,168
2563,เพาะเลี้ยงปูทะเล,ระนอง,ปูทะเล,16,46.29,258.09,65642.92
2563,เพาะเลี้ยงปูทะเล,พังงา,ปูทะเล,9,1.37,16.19,4123.73
2563,เพาะเลี้ยงปูทะเล,ตรัง,ปูทะเล,26,48.29,75.61,26280.55
2563,เพาะเลี้ยงปูทะเล,สตูล,ปูทะเล,12,5.99,27.51,7657.11
2563,เพาะเลี้ยงปูทะเล,สุราษฎร์ธานี,ปูทะเล,1,8,0.25,62.5
2563,เพาะเลี้ยงปูทะเล,พังงา,ปูทะเล,1,0.02,0.2,36
2563,เพาะเลี้ยงปูทะเล,สมุทรสาคร,ปูม้า,1,30,0.1,23
2563,เพาะเลี้ยงปูทะเล,สมุทรสงคราม,ปูม้า,3,48.75,1.6,273
2563,เพาะเลี้ยงปูทะเล,ประจวบคีรีขันธ์,ปูม้า,1,0.08,0.3,105
2563,เพาะเลี้ยงปูทะเล,นครศรีธรรมราช,ปูม้า,1,3,0.1,20
2564,เพาะเลี้ยงปูทะเล,ตราด,ปูทะเล,22,230.69,28.54,10077.55
2564,เพาะเลี้ยงปูทะเล,จันทบุรี,ปูทะเล,97,667.13,28.06,8147
2564,เพาะเลี้ยงปูทะเล,ระยอง,ปูทะเล,2,9,3.4,1120
2564,เพาะเลี้ยงปูทะเล,ฉะเชิงเทรา,ปูทะเล,8,134.25,46.85,3097.54
2564,เพาะเลี้ยงปูทะเล,สมุทรปราการ,ปูทะเล,226,5430.87,97.51,34728
2564,เพาะเลี้ยงปูทะเล,กรุงเทพมหานคร,ปูทะเล,15,376,7.4,2330
2564,เพาะเลี้ยงปูทะเล,สมุทรสาคร,ปูทะเล,246,6476.22,357.03,99999.67
2564,เพาะเลี้ยงปูทะเล,สมุทรสงคราม,ปูทะเล,270,12935.55,96.8,39359.09
2564,เพาะเลี้ยงปูทะเล,เพชรบุรี,ปูทะเล,94,3120,8.45,2581.19
2564,เพาะเลี้ยงปูทะเล,ประจวบคีรีขันธ์,ปูทะเล,175,1658.3,21.68,8163.12
2564,เพาะเลี้ยงปูทะเล,ชุมพร,ปูทะเล,39,220.02,7.22,2271.55
2564,เพาะเลี้ยงปูทะเล,สุราษฎร์ธานี,ปูทะเล,232,1369.06,85.19,26889.23
2564,เพาะเลี้ยงปูทะเล,นครศรีธรรมราช,ปูทะเล,3892,17951.32,1751.92,565063.8
2564,เพาะเลี้ยงปูทะเล,สงขลา,ปูทะเล,80,355.18,21.78,7409.92
2564,เพาะเลี้ยงปูทะเล,ปัตตานี,ปูทะเล,5,44.91,5,1867.75
2564,เพาะเลี้ยงปูทะเล,ระนอง,ปูทะเล,49,165.83,848.05,211988.79
2564,เพาะเลี้ยงปูทะเล,พังงา,ปูทะเล,10,6.4,17.09,4995.52
2564,เพาะเลี้ยงปูทะเล,กระบี่,ปูทะเล,15,47.56,18.54,4276.44
2564,เพาะเลี้ยงปูทะเล,ตรัง,ปูทะเล,26,54.29,13.06,4096.5
2564,เพาะเลี้ยงปูทะเล,สตูล,ปูทะเล,48,74.39,55.66,16310.34
2564,เพาะเลี้ยงปูทะเล,สมุทรสาคร,ปูม้า,1,30,0.34,68.18
2564,เพาะเลี้ยงปูทะเล,สมุทรสงคราม,ปูม้า,3,48.75,2.16,538.82
2564,เพาะเลี้ยงปูทะเล,ประจวบคีรีขันธ์,ปูม้า,1,0.08,0.29,107.3
2564,เพาะเลี้ยงปูทะเล,นครศรีธรรมราช,ปูม้า,2,4,0.33,66.67
2565,เพาะเลี้ยงปูทะเล,ตราด,ปูทะเล,21,220.19,19.4,7312.83
2565,เพาะเลี้ยงปูทะเล,จันทบุรี,ปูทะเล,84,597.25,46.97,15789.01
2565,เพาะเลี้ยงปูทะเล,ระยอง,ปูทะเล,1,6,1.6,560
2565,เพาะเลี้ยงปูทะเล,ฉะเชิงเทรา,ปูทะเล,7,89.5,6.1,2550.35
2565,เพาะเลี้ยงปูทะเล,สมุทรปราการ,ปูทะเล,246,5603.25,112.86,41758.2
2565,เพาะเลี้ยงปูทะเล,กรุงเทพมหานคร,ปูทะเล,23,579.25,5.21,1935.27
2565,เพาะเลี้ยงปูทะเล,สมุทรสาคร,ปูทะเล,249,6553.72,88.53,22181.03
2565,เพาะเลี้ยงปูทะเล,สมุทรสงคราม,ปูทะเล,281,11431.55,127.44,53520.98
2565,เพาะเลี้ยงปูทะเล,เพชรบุรี,ปูทะเล,128,4166.2,7.81,2395.95
2565,เพาะเลี้ยงปูทะเล,ประจวบคีรีขันธ์,ปูทะเล,209,2037.25,51.59,20020.31
2565,เพาะเลี้ยงปูทะเล,ชุมพร,ปูทะเล,25,175.25,13.12,5202.1
2565,เพาะเลี้ยงปูทะเล,สุราษฎร์ธานี,ปูทะเล,199,1152.21,97.97,35002.7
2565,เพาะเลี้ยงปูทะเล,นครศรีธรรมราช,ปูทะเล,3451,15644.25,1357.85,478948.99
2565,เพาะเลี้ยงปูทะเล,สงขลา,ปูทะเล,80,352.93,31.05,12515.55
2565,เพาะเลี้ยงปูทะเล,ปัตตานี,ปูทะเล,7,61.48,6.4,2323.98
2565,เพาะเลี้ยงปูทะเล,ระนอง,ปูทะเล,50,183.69,811.42,226367.08
2565,เพาะเลี้ยงปูทะเล,พังงา,ปูทะเล,10,4.9,14.69,4070.75
2565,เพาะเลี้ยงปูทะเล,กระบี่,ปูทะเล,15,48.25,10.06,2672.29
2565,เพาะเลี้ยงปูทะเล,ตรัง,ปูทะเล,29,81.79,10.47,2937.91
2565,เพาะเลี้ยงปูทะเล,สตูล,ปูทะเล,43,74.15,61.46,17666.39
2565,เพาะเลี้ยงปูทะเล,สมุทรสาคร,ปูม้า,2,71,0.45,115
2565,เพาะเลี้ยงปูทะเล,สมุทรสงคราม,ปูม้า,3,48.75,1.85,310
2566,เพาะเลี้ยงปูทะเล,ตราด,ปูทะเล,22,212.69,6.03,2267.46
2566,เพาะเลี้ยงปูทะเล,จันทบุรี,ปูทะเล,88,610.7,82.29,26398.88
2566,เพาะเลี้ยงปูทะเล,ฉะเชิงเทรา,ปูทะเล,22,328.75,7.13,3085.06
2566,เพาะเลี้ยงปูทะเล,สมุทรปราการ,ปูทะเล,254,5597.6,197.31,89834.18
2566,เพาะเลี้ยงปูทะเล,สมุทรสาคร,ปูทะเล,249,6552.07,132.66,33339.89
2566,เพาะเลี้ยงปูทะเล,สมุทรสาคร,ปูม้า,2,71,0.71,184.19
2566,เพาะเลี้ยงปูทะเล,สมุทรสงคราม,ปูทะเล,288,13684.05,134.01,56821.58
2566,เพาะเลี้ยงปูทะเล,สมุทรสงคราม,ปูม้า,3,48.75,3.1,465
2566,เพาะเลี้ยงปูทะเล,เพชรบุรี,ปูทะเล,128,4261.7,156.37,46844.91
2566,เพาะเลี้ยงปูทะเล,ประจวบคีรีขันธ์,ปูทะเล,236,2309.99,38.91,11870.1
2566,เพาะเลี้ยงปูทะเล,ประจวบคีรีขันธ์,ปูม้า,1,0.13,0.5,200
2566,เพาะเลี้ยงปูทะเล,ชุมพร,ปูทะเล,31,168,44.51,13379.81
2566,เพาะเลี้ยงปูทะเล,สุราษฎร์ธานี,ปูทะเล,205,1194.21,117.03,46449.72
2566,เพาะเลี้ยงปูทะเล,นครศรีธรรมราช,ปูทะเล,3366,15277.83,1601.13,635570.96
2566,เพาะเลี้ยงปูทะเล,สงขลา,ปูทะเล,80,354.43,23.37,8347.84
2566,เพาะเลี้ยงปูทะเล,ปัตตานี,ปูทะเล,9,61.98,6.76,2172.25
2566,เพาะเลี้ยงปูทะเล,ระนอง,ปูทะเล,54,189.5,871.39,245673.82
2566,เพาะเลี้ยงปูทะเล,พังงา,ปูทะเล,2,0.17,1.36,367.47
2566,เพาะเลี้ยงปูทะเล,กระบี่,ปูทะเล,16,48.4,7.07,2018.36
2566,เพาะเลี้ยงปูทะเล,ตรัง,ปูทะเล,27,78.04,25.54,8026.55
2566,เพาะเลี้ยงปูทะเล,สตูล,ปูทะเล,48,88.99,65.73,19714.37
2566,เพาะเลี้ยงปูทะเล,กรุงเทพมหานคร,ปูทะเล,45,934.25,13.27,4711.52
2567,เพาะเลี้ยงปูทะเล,เพชรบุรี,ปูทะเล,128,4390.7,284.03,113240.73
2567,เพาะเลี้ยงปูทะเล,กระบี่,ปูทะเล,18,52.9,10.36,3251.62
2567,เพาะเลี้ยงปูทะเล,กรุงเทพมหานคร,ปูทะเล,43,1060.31,3.59,1588.96
2567,เพาะเลี้ยงปูทะเล,จันทบุรี,ปูทะเล,36,296.2,48.23,16783.97
2567,เพาะเลี้ยงปูทะเล,ฉะเชิงเทรา,ปูทะเล,21,319.75,2.67,1197.36
2567,เพาะเลี้ยงปูทะเล,ชุมพร,ปูทะเล,43,230.33,21.55,5430.41
2567,เพาะเลี้ยงปูทะเล,ตรัง,ปูทะเล,34,98.04,65.1,18157.17
2567,เพาะเลี้ยงปูทะเล,ตราด,ปูทะเล,22,213.69,4.02,1171.51
2567,เพาะเลี้ยงปูทะเล,นครศรีธรรมราช,ปูทะเล,2988,13995.01,1343.34,471165.55
2567,เพาะเลี้ยงปูทะเล,นราธิวาส,ปูทะเล,20,12.74,0.71,157.8
2567,เพาะเลี้ยงปูทะเล,ประจวบคีรีขันธ์,ปูทะเล,241,2409.06,83.8,25212.46
2567,เพาะเลี้ยงปูทะเล,ปัตตานี,ปูทะเล,9,39.29,6.82,2665.1
2567,เพาะเลี้ยงปูทะเล,พังงา,ปูทะเล,3,3.17,2.26,632.2
2567,เพาะเลี้ยงปูทะเล,ระนอง,ปูทะเล,51,161.7,1119.67,317933.29
2567,เพาะเลี้ยงปูทะเล,สงขลา,ปูทะเล,83,368.93,23.02,8218.84
2567,เพาะเลี้ยงปูทะเล,สตูล,ปูทะเล,39,74.1,49.46,14983.14
2567,เพาะเลี้ยงปูทะเล,สมุทรปราการ,ปูทะเล,278,6106.75,155.86,70404.99
2567,เพาะเลี้ยงปูทะเล,สมุทรสงคราม,ปูทะเล,310,14333.65,127.76,46224.11
2567,เพาะเลี้ยงปูทะเล,สมุทรสาคร,ปูทะเล,251,6587.57,235.09,57776.4
2567,เพาะเลี้ยงปูทะเล,สุราษฎร์ธานี,ปูทะเล,200,1200.46,101.91,44715.51
2567,เพาะเลี้ยงปูทะเล,สมุทรปราการ,ปูม้า,1,9.92,0.5,190
2567,เพาะเลี้ยงปูทะเล,สมุทรสงคราม,ปูม้า,6,137,9.57,1722.57
2567,เพาะเลี้ยงปูทะเล,สมุทรสาคร,ปูม้า,2,71,0.96,244.4
