จังหวัด,ภาค,เดือน,Attribute,Value
จันทบุรี,ภาคตะวันออก,มกราคม,กุ้งขาว,1270.12
จันทบุรี,ภาคตะวันออก,มกราคม,กุ้งกุลาดำ,39.2
ตราด,ภาคตะวันออก,มกราคม,กุ้งขาว,899.38
ตราด,ภาคตะวันออก,มกราคม,กุ้งกุลาดำ,0
ระยอง,ภาคตะวันออก,มกราคม,กุ้งขาว,335.71
ระยอง,ภาคตะวันออก,มกราคม,กุ้งกุลาดำ,0
ฉะเชิงเทรา,ภาคตะวันออก,มกราคม,กุ้งขาว,627.67
ฉะเชิงเทรา,ภาคตะวันออก,มกราคม,กุ้งกุลาดำ,4.14
นครนายก,ภาคตะวันออก,มกราคม,กุ้งขาว,64.7
นครนายก,ภาคตะวันออก,มกราคม,กุ้งกุลาดำ,0
ปราจีนบุรี,ภาคตะวันออก,มกราคม,กุ้งขาว,98.13
ปราจีนบุรี,ภาคตะวันออก,มกราคม,กุ้งกุลาดำ,0
ชลบุรี,ภาคตะวันออก,มกราคม,กุ้งขาว,5.08
ชลบุรี,ภาคตะวันออก,มกราคม,กุ้งกุลาดำ,0
ปทุมธานี,ภาคกลาง,มกราคม,กุ้งขาว,29.93
ปทุมธานี,ภาคกลาง,มกราคม,กุ้งกุลาดำ,2.4
กรุงเทพมหานคร,ภาคกลาง,มกราคม,กุ้งขาว,0
กรุงเทพมหานคร,ภาคกลาง,มกราคม,กุ้งกุลาดำ,0
กาญจนบุรี,ภาคกลาง,มกราคม,กุ้งขาว,3.1
กาญจนบุรี,ภาคกลาง,มกราคม,กุ้งกุลาดำ,0
นนทบุรี,ภาคกลาง,มกราคม,กุ้งขาว,0
นนทบุรี,ภาคกลาง,มกราคม,กุ้งกุลาดำ,0
นครปฐม,ภาคกลาง,มกราคม,กุ้งขาว,343.83
นครปฐม,ภาคกลาง,มกราคม,กุ้งกุลาดำ,0
สุพรรณบุรี,ภาคกลาง,มกราคม,กุ้งขาว,362.74
สุพรรณบุรี,ภาคกลาง,มกราคม,กุ้งกุลาดำ,0
สมุทรปราการ,ภาคกลาง,มกราคม,กุ้งขาว,4
สมุทรปราการ,ภาคกลาง,มกราคม,กุ้งกุลาดำ,0
สมุทรสงคราม,ภาคกลาง,มกราคม,กุ้งขาว,82.47
สมุทรสงคราม,ภาคกลาง,มกราคม,กุ้งกุลาดำ,0
สมุทรสาคร,ภาคกลาง,มกราคม,กุ้งขาว,55.4
สมุทรสาคร,ภาคกลาง,มกราคม,กุ้งกุลาดำ,0
เพชรบุรี,ภาคกลาง,มกราคม,กุ้งขาว,208.89
เพชรบุรี,ภาคกลาง,มกราคม,กุ้งกุลาดำ,0
พระนครศรีอยุธยา,ภาคกลาง,มกราคม,กุ้งขาว,36.7
พระนครศรีอยุธยา,ภาคกลาง,มกราคม,กุ้งกุลาดำ,0
ราชบุรี,ภาคกลาง,มกราคม,กุ้งขาว,428.99
ราชบุรี,ภาคกลาง,มกราคม,กุ้งกุลาดำ,0
ชุมพร,ภาคใต้ตอนบน,มกราคม,กุ้งขาว,401.16
ชุมพร,ภาคใต้ตอนบน,มกราคม,กุ้งกุลาดำ,178.09
ประจวบคีรีขันธ์,ภาคใต้ตอนบน,มกราคม,กุ้งขาว,846.69
ประจวบคีรีขันธ์,ภาคใต้ตอนบน,มกราคม,กุ้งกุลาดำ,22.8
สุราษฎร์ธานี,ภาคใต้ตอนบน,มกราคม,กุ้งขาว,2927.86
สุราษฎร์ธานี,ภาคใต้ตอนบน,มกราคม,กุ้งกุลาดำ,186.21
ระนอง,ภาคใต้ตอนบน,มกราคม,กุ้งขาว,411.4
ระนอง,ภาคใต้ตอนบน,มกราคม,กุ้งกุลาดำ,55.6
ภูเก็ต,ภาคใต้ฝั่งอันดามัน,มกราคม,กุ้งขาว,84.42
ภูเก็ต,ภาคใต้ฝั่งอันดามัน,มกราคม,กุ้งกุลาดำ,108.52
สตูล,ภาคใต้ฝั่งอันดามัน,มกราคม,กุ้งขาว,873.6
สตูล,ภาคใต้ฝั่งอันดามัน,มกราคม,กุ้งกุลาดำ,72.31
ตรัง,ภาคใต้ฝั่งอันดามัน,มกราคม,กุ้งขาว,1380.64
ตรัง,ภาคใต้ฝั่งอันดามัน,มกราคม,กุ้งกุลาดำ,78.02
พังงา,ภาคใต้ฝั่งอันดามัน,มกราคม,กุ้งขาว,568.3
พังงา,ภาคใต้ฝั่งอันดามัน,มกราคม,กุ้งกุลาดำ,376.29
กระบี่,ภาคใต้ฝั่งอันดามัน,มกราคม,กุ้งขาว,700.11
กระบี่,ภาคใต้ฝั่งอันดามัน,มกราคม,กุ้งกุลาดำ,375.55
พัทลุง,ภาคใต้ตอนล่างฝั่งอ่าวไทย,มกราคม,กุ้งขาว,38.5
พัทลุง,ภาคใต้ตอนล่างฝั่งอ่าวไทย,มกราคม,กุ้งกุลาดำ,0
สงขลา,ภาคใต้ตอนล่างฝั่งอ่าวไทย,มกราคม,กุ้งขาว,408.7
สงขลา,ภาคใต้ตอนล่างฝั่งอ่าวไทย,มกราคม,กุ้งกุลาดำ,30.15
นครศรีธรรมราช,ภาคใต้ตอนล่างฝั่งอ่าวไทย,มกราคม,กุ้งขาว,392.47
นครศรีธรรมราช,ภาคใต้ตอนล่างฝั่งอ่าวไทย,มกราคม,กุ้งกุลาดำ,29.97
ปัตตานี,ภาคใต้ตอนล่างฝั่งอ่าวไทย,มกราคม,กุ้งขาว,3.3
ปัตตานี,ภาคใต้ตอนล่างฝั่งอ่าวไทย,มกราคม,กุ้งกุลาดำ,0
นราธิวาส,ภาคใต้ตอนล่างฝั่งอ่าวไทย,มกราคม,กุ้งขาว,0
นราธิวาส,ภาคใต้ตอนล่างฝั่งอ่าวไทย,มกราคม,กุ้งกุลาดำ,0
ชัยภูมิ,ภาคตะวันออกเฉียงเหนือ,มกราคม,กุ้งขาว,0
ชัยภูมิ,ภาคตะวันออกเฉียงเหนือ,มกราคม,กุ้งกุลาดำ,0
อุดรธานี,ภาคตะวันออกเฉียงเหนือ,มกราคม,กุ้งขาว,0.2
อุดรธานี,ภาคตะวันออกเฉียงเหนือ,มกราคม,กุ้งกุลาดำ,0
จันทบุรี,ภาคตะวันออก,กุมภาพันธ์,กุ้งขาว,1447.9
จันทบุรี,ภาคตะวันออก,กุมภาพันธ์,กุ้งกุลาดำ,16.44
ตราด,ภาคตะวันออก,กุมภาพันธ์,กุ้งขาว,639.9
ตราด,ภาคตะวันออก,กุมภาพันธ์,กุ้งกุลาดำ,0
ระยอง,ภาคตะวันออก,กุมภาพันธ์,กุ้งขาว,411.81
ระยอง,ภาคตะวันออก,กุมภาพันธ์,กุ้งกุลาดำ,5.5
ฉะเชิงเทรา,ภาคตะวันออก,กุมภาพันธ์,กุ้งขาว,886.16
ฉะเชิงเทรา,ภาคตะวันออก,กุมภาพันธ์,กุ้งกุลาดำ,5.2
นครนายก,ภาคตะวันออก,กุมภาพันธ์,กุ้งขาว,70.79
นครนายก,ภาคตะวันออก,กุมภาพันธ์,กุ้งกุลาดำ,0
ปราจีนบุรี,ภาคตะวันออก,กุมภาพันธ์,กุ้งขาว,76.53
ปราจีนบุรี,ภาคตะวันออก,กุมภาพันธ์,กุ้งกุลาดำ,0
ชลบุรี,ภาคตะวันออก,กุมภาพันธ์,กุ้งขาว,0.06
ชลบุรี,ภาคตะวันออก,กุมภาพันธ์,กุ้งกุลาดำ,0
ปทุมธานี,ภาคกลาง,กุมภาพันธ์,กุ้งขาว,19.4
ปทุมธานี,ภาคกลาง,กุมภาพันธ์,กุ้งกุลาดำ,3.7
กรุงเทพมหานคร,ภาคกลาง,กุมภาพันธ์,กุ้งขาว,5.95
กรุงเทพมหานคร,ภาคกลาง,กุมภาพันธ์,กุ้งกุลาดำ,0.02
กาญจนบุรี,ภาคกลาง,กุมภาพันธ์,กุ้งขาว,35.91
กาญจนบุรี,ภาคกลาง,กุมภาพันธ์,กุ้งกุลาดำ,0
นนทบุรี,ภาคกลาง,กุมภาพันธ์,กุ้งขาว,12.35
นนทบุรี,ภาคกลาง,กุมภาพันธ์,กุ้งกุลาดำ,0
นครปฐม,ภาคกลาง,กุมภาพันธ์,กุ้งขาว,586.23
นครปฐม,ภาคกลาง,กุมภาพันธ์,กุ้งกุลาดำ,0
สุพรรณบุรี,ภาคกลาง,กุมภาพันธ์,กุ้งขาว,84.57
สุพรรณบุรี,ภาคกลาง,กุมภาพันธ์,กุ้งกุลาดำ,0
สมุทรปราการ,ภาคกลาง,กุมภาพันธ์,กุ้งขาว,16
สมุทรปราการ,ภาคกลาง,กุมภาพันธ์,กุ้งกุลาดำ,0
สมุทรสงคราม,ภาคกลาง,กุมภาพันธ์,กุ้งขาว,104.68
สมุทรสงคราม,ภาคกลาง,กุมภาพันธ์,กุ้งกุลาดำ,0
สมุทรสาคร,ภาคกลาง,กุมภาพันธ์,กุ้งขาว,209
สมุทรสาคร,ภาคกลาง,กุมภาพันธ์,กุ้งกุลาดำ,0
เพชรบุรี,ภาคกลาง,กุมภาพันธ์,กุ้งขาว,220.37
เพชรบุรี,ภาคกลาง,กุมภาพันธ์,กุ้งกุลาดำ,0
พระนครศรีอยุธยา,ภาคกลาง,กุมภาพันธ์,กุ้งขาว,45.6
พระนครศรีอยุธยา,ภาคกลาง,กุมภาพันธ์,กุ้งกุลาดำ,0
ราชบุรี,ภาคกลาง,กุมภาพันธ์,กุ้งขาว,417.98
ราชบุรี,ภาคกลาง,กุมภาพันธ์,กุ้งกุลาดำ,0
ชุมพร,ภาคใต้ตอนบน,กุมภาพันธ์,กุ้งขาว,402.17
ชุมพร,ภาคใต้ตอนบน,กุมภาพันธ์,กุ้งกุลาดำ,128.33
ประจวบคีรีขันธ์,ภาคใต้ตอนบน,กุมภาพันธ์,กุ้งขาว,1164.36
ประจวบคีรีขันธ์,ภาคใต้ตอนบน,กุมภาพันธ์,กุ้งกุลาดำ,29
สุราษฎร์ธานี,ภาคใต้ตอนบน,กุมภาพันธ์,กุ้งขาว,3313.99
สุราษฎร์ธานี,ภาคใต้ตอนบน,กุมภาพันธ์,กุ้งกุลาดำ,73.27
ระนอง,ภาคใต้ตอนบน,กุมภาพันธ์,กุ้งขาว,713.87
ระนอง,ภาคใต้ตอนบน,กุมภาพันธ์,กุ้งกุลาดำ,59.94
ภูเก็ต,ภาคใต้ฝั่งอันดามัน,กุมภาพันธ์,กุ้งขาว,94.94
ภูเก็ต,ภาคใต้ฝั่งอันดามัน,กุมภาพันธ์,กุ้งกุลาดำ,126.61
สตูล,ภาคใต้ฝั่งอันดามัน,กุมภาพันธ์,กุ้งขาว,967.97
สตูล,ภาคใต้ฝั่งอันดามัน,กุมภาพันธ์,กุ้งกุลาดำ,135.42
ตรัง,ภาคใต้ฝั่งอันดามัน,กุมภาพันธ์,กุ้งขาว,1511.49
ตรัง,ภาคใต้ฝั่งอันดามัน,กุมภาพันธ์,กุ้งกุลาดำ,39.44
พังงา,ภาคใต้ฝั่งอันดามัน,กุมภาพันธ์,กุ้งขาว,532.9
พังงา,ภาคใต้ฝั่งอันดามัน,กุมภาพันธ์,กุ้งกุลาดำ,329.45
กระบี่,ภาคใต้ฝั่งอันดามัน,กุมภาพันธ์,กุ้งขาว,768.45
กระบี่,ภาคใต้ฝั่งอันดามัน,กุมภาพันธ์,กุ้งกุลาดำ,220.49
พัทลุง,ภาคใต้ตอนล่างฝั่งอ่าวไทย,กุมภาพันธ์,กุ้งขาว,11.73
พัทลุง,ภาคใต้ตอนล่างฝั่งอ่าวไทย,กุมภาพันธ์,กุ้งกุลาดำ,0
สงขลา,ภาคใต้ตอนล่างฝั่งอ่าวไทย,กุมภาพันธ์,กุ้งขาว,299.54
สงขลา,ภาคใต้ตอนล่างฝั่งอ่าวไทย,กุมภาพันธ์,กุ้งกุลาดำ,24.88
นครศรีธรรมราช,ภาคใต้ตอนล่างฝั่งอ่าวไทย,กุมภาพันธ์,กุ้งขาว,382.47
นครศรีธรรมราช,ภาคใต้ตอนล่างฝั่งอ่าวไทย,กุมภาพันธ์,กุ้งกุลาดำ,39.2
ปัตตานี,ภาคใต้ตอนล่างฝั่งอ่าวไทย,กุมภาพันธ์,กุ้งขาว,16.2
ปัตตานี,ภาคใต้ตอนล่างฝั่งอ่าวไทย,กุมภาพันธ์,กุ้งกุลาดำ,0
นราธิวาส,ภาคใต้ตอนล่างฝั่งอ่าวไทย,กุมภาพันธ์,กุ้งขาว,3.98
นราธิวาส,ภาคใต้ตอนล่างฝั่งอ่าวไทย,กุมภาพันธ์,กุ้งกุลาดำ,0
ชัยภูมิ,ภาคตะวันออกเฉียงเหนือ,กุมภาพันธ์,กุ้งขาว,0
ชัยภูมิ,ภาคตะวันออกเฉียงเหนือ,กุมภาพันธ์,กุ้งกุลาดำ,0
อุดรธานี,ภาคตะวันออกเฉียงเหนือ,กุมภาพันธ์,กุ้งขาว,0
อุดรธานี,ภาคตะวันออกเฉียงเหนือ,กุมภาพันธ์,กุ้งกุลาดำ,0
จันทบุรี,ภาคตะวันออก,มีนาคม,กุ้งขาว,1646.47
จันทบุรี,ภาคตะวันออก,มีนาคม,กุ้งกุลาดำ,14.59
ตราด,ภาคตะวันออก,มีนาคม,กุ้งขาว,852.63
ตราด,ภาคตะวันออก,มีนาคม,กุ้งกุลาดำ,0
ระยอง,ภาคตะวันออก,มีนาคม,กุ้งขาว,833.88
ระยอง,ภาคตะวันออก,มีนาคม,กุ้งกุลาดำ,4.2
ฉะเชิงเทรา,ภาคตะวันออก,มีนาคม,กุ้งขาว,946
ฉะเชิงเทรา,ภาคตะวันออก,มีนาคม,กุ้งกุลาดำ,2.75
นครนายก,ภาคตะวันออก,มีนาคม,กุ้งขาว,79.7
นครนายก,ภาคตะวันออก,มีนาคม,กุ้งกุลาดำ,0
ปราจีนบุรี,ภาคตะวันออก,มีนาคม,กุ้งขาว,78.66
ปราจีนบุรี,ภาคตะวันออก,มีนาคม,กุ้งกุลาดำ,0
ชลบุรี,ภาคตะวันออก,มีนาคม,กุ้งขาว,0.97
ชลบุรี,ภาคตะวันออก,มีนาคม,กุ้งกุลาดำ,0
ปทุมธานี,ภาคกลาง,มีนาคม,กุ้งขาว,26.74
ปทุมธานี,ภาคกลาง,มีนาคม,กุ้งกุลาดำ,0
กรุงเทพมหานคร,ภาคกลาง,มีนาคม,กุ้งขาว,0
กรุงเทพมหานคร,ภาคกลาง,มีนาคม,กุ้งกุลาดำ,0.33
กาญจนบุรี,ภาคกลาง,มีนาคม,กุ้งขาว,7.4
กาญจนบุรี,ภาคกลาง,มีนาคม,กุ้งกุลาดำ,0
นนทบุรี,ภาคกลาง,มีนาคม,กุ้งขาว,19.44
นนทบุรี,ภาคกลาง,มีนาคม,กุ้งกุลาดำ,0
นครปฐม,ภาคกลาง,มีนาคม,กุ้งขาว,594.42
นครปฐม,ภาคกลาง,มีนาคม,กุ้งกุลาดำ,0
สุพรรณบุรี,ภาคกลาง,มีนาคม,กุ้งขาว,202.39
สุพรรณบุรี,ภาคกลาง,มีนาคม,กุ้งกุลาดำ,0
สมุทรปราการ,ภาคกลาง,มีนาคม,กุ้งขาว,44
สมุทรปราการ,ภาคกลาง,มีนาคม,กุ้งกุลาดำ,0
สมุทรสงคราม,ภาคกลาง,มีนาคม,กุ้งขาว,78.41
สมุทรสงคราม,ภาคกลาง,มีนาคม,กุ้งกุลาดำ,0
สมุทรสาคร,ภาคกลาง,มีนาคม,กุ้งขาว,147.56
สมุทรสาคร,ภาคกลาง,มีนาคม,กุ้งกุลาดำ,5
เพชรบุรี,ภาคกลาง,มีนาคม,กุ้งขาว,547.45
เพชรบุรี,ภาคกลาง,มีนาคม,กุ้งกุลาดำ,3.5
พระนครศรีอยุธยา,ภาคกลาง,มีนาคม,กุ้งขาว,19.7
พระนครศรีอยุธยา,ภาคกลาง,มีนาคม,กุ้งกุลาดำ,0
ราชบุรี,ภาคกลาง,มีนาคม,กุ้งขาว,659.85
ราชบุรี,ภาคกลาง,มีนาคม,กุ้งกุลาดำ,0
ชุมพร,ภาคใต้ตอนบน,มีนาคม,กุ้งขาว,692.27
ชุมพร,ภาคใต้ตอนบน,มีนาคม,กุ้งกุลาดำ,318.23
ประจวบคีรีขันธ์,ภาคใต้ตอนบน,มีนาคม,กุ้งขาว,896.01
ประจวบคีรีขันธ์,ภาคใต้ตอนบน,มีนาคม,กุ้งกุลาดำ,73.85
สุราษฎร์ธานี,ภาคใต้ตอนบน,มีนาคม,กุ้งขาว,3728.61
สุราษฎร์ธานี,ภาคใต้ตอนบน,มีนาคม,กุ้งกุลาดำ,181.45
ระนอง,ภาคใต้ตอนบน,มีนาคม,กุ้งขาว,429.09
ระนอง,ภาคใต้ตอนบน,มีนาคม,กุ้งกุลาดำ,47.57
ภูเก็ต,ภาคใต้ฝั่งอันดามัน,มีนาคม,กุ้งขาว,157.27
ภูเก็ต,ภาคใต้ฝั่งอันดามัน,มีนาคม,กุ้งกุลาดำ,30.86
สตูล,ภาคใต้ฝั่งอันดามัน,มีนาคม,กุ้งขาว,864.12
สตูล,ภาคใต้ฝั่งอันดามัน,มีนาคม,กุ้งกุลาดำ,41.25
ตรัง,ภาคใต้ฝั่งอันดามัน,มีนาคม,กุ้งขาว,1237.93
ตรัง,ภาคใต้ฝั่งอันดามัน,มีนาคม,กุ้งกุลาดำ,75.74
พังงา,ภาคใต้ฝั่งอันดามัน,มีนาคม,กุ้งขาว,963.62
พังงา,ภาคใต้ฝั่งอันดามัน,มีนาคม,กุ้งกุลาดำ,385.34
กระบี่,ภาคใต้ฝั่งอันดามัน,มีนาคม,กุ้งขาว,789.5
กระบี่,ภาคใต้ฝั่งอันดามัน,มีนาคม,กุ้งกุลาดำ,201.37
พัทลุง,ภาคใต้ตอนล่างฝั่งอ่าวไทย,มีนาคม,กุ้งขาว,81.94
พัทลุง,ภาคใต้ตอนล่างฝั่งอ่าวไทย,มีนาคม,กุ้งกุลาดำ,0
สงขลา,ภาคใต้ตอนล่างฝั่งอ่าวไทย,มีนาคม,กุ้งขาว,668.78
สงขลา,ภาคใต้ตอนล่างฝั่งอ่าวไทย,มีนาคม,กุ้งกุลาดำ,38.82
นครศรีธรรมราช,ภาคใต้ตอนล่างฝั่งอ่าวไทย,มีนาคม,กุ้งขาว,613.49
นครศรีธรรมราช,ภาคใต้ตอนล่างฝั่งอ่าวไทย,มีนาคม,กุ้งกุลาดำ,59.93
ปัตตานี,ภาคใต้ตอนล่างฝั่งอ่าวไทย,มีนาคม,กุ้งขาว,52.8
ปัตตานี,ภาคใต้ตอนล่างฝั่งอ่าวไทย,มีนาคม,กุ้งกุลาดำ,0
นราธิวาส,ภาคใต้ตอนล่างฝั่งอ่าวไทย,มีนาคม,กุ้งขาว,29.24
นราธิวาส,ภาคใต้ตอนล่างฝั่งอ่าวไทย,มีนาคม,กุ้งกุลาดำ,0
ชัยภูมิ,ภาคตะวันออกเฉียงเหนือ,มีนาคม,กุ้งขาว,0
ชัยภูมิ,ภาคตะวันออกเฉียงเหนือ,มีนาคม,กุ้งกุลาดำ,0
อุดรธานี,ภาคตะวันออกเฉียงเหนือ,มีนาคม,กุ้งขาว,0
อุดรธานี,ภาคตะวันออกเฉียงเหนือ,มีนาคม,กุ้งกุลาดำ,0
จันทบุรี,ภาคตะวันออก,เมษายน,กุ้งขาว,1815
จันทบุรี,ภาคตะวันออก,เมษายน,กุ้งกุลาดำ,32.61
ตราด,ภาคตะวันออก,เมษายน,กุ้งขาว,846.12
ตราด,ภาคตะวันออก,เมษายน,กุ้งกุลาดำ,0
ระยอง,ภาคตะวันออก,เมษายน,กุ้งขาว,648.98
ระยอง,ภาคตะวันออก,เมษายน,กุ้งกุลาดำ,0
ฉะเชิงเทรา,ภาคตะวันออก,เมษายน,กุ้งขาว,972.22
ฉะเชิงเทรา,ภาคตะวันออก,เมษายน,กุ้งกุลาดำ,3.5
นครนายก,ภาคตะวันออก,เมษายน,กุ้งขาว,131.27
นครนายก,ภาคตะวันออก,เมษายน,กุ้งกุลาดำ,0
ปราจีนบุรี,ภาคตะวันออก,เมษายน,กุ้งขาว,189.13
ปราจีนบุรี,ภาคตะวันออก,เมษายน,กุ้งกุลาดำ,0
ชลบุรี,ภาคตะวันออก,เมษายน,กุ้งขาว,0.1
ชลบุรี,ภาคตะวันออก,เมษายน,กุ้งกุลาดำ,0
ปทุมธานี,ภาคกลาง,เมษายน,กุ้งขาว,5.68
ปทุมธานี,ภาคกลาง,เมษายน,กุ้งกุลาดำ,2.57
กรุงเทพมหานคร,ภาคกลาง,เมษายน,กุ้งขาว,4
กรุงเทพมหานคร,ภาคกลาง,เมษายน,กุ้งกุลาดำ,0.01
กาญจนบุรี,ภาคกลาง,เมษายน,กุ้งขาว,75.9
กาญจนบุรี,ภาคกลาง,เมษายน,กุ้งกุลาดำ,0
นนทบุรี,ภาคกลาง,เมษายน,กุ้งขาว,10.73
นนทบุรี,ภาคกลาง,เมษายน,กุ้งกุลาดำ,0
นครปฐม,ภาคกลาง,เมษายน,กุ้งขาว,216.29
นครปฐม,ภาคกลาง,เมษายน,กุ้งกุลาดำ,0
สุพรรณบุรี,ภาคกลาง,เมษายน,กุ้งขาว,330.38
สุพรรณบุรี,ภาคกลาง,เมษายน,กุ้งกุลาดำ,0
สมุทรปราการ,ภาคกลาง,เมษายน,กุ้งขาว,46
สมุทรปราการ,ภาคกลาง,เมษายน,กุ้งกุลาดำ,0
สมุทรสงคราม,ภาคกลาง,เมษายน,กุ้งขาว,136.39
สมุทรสงคราม,ภาคกลาง,เมษายน,กุ้งกุลาดำ,0
สมุทรสาคร,ภาคกลาง,เมษายน,กุ้งขาว,185.76
สมุทรสาคร,ภาคกลาง,เมษายน,กุ้งกุลาดำ,0
เพชรบุรี,ภาคกลาง,เมษายน,กุ้งขาว,403.42
เพชรบุรี,ภาคกลาง,เมษายน,กุ้งกุลาดำ,10
พระนครศรีอยุธยา,ภาคกลาง,เมษายน,กุ้งขาว,34.5
พระนครศรีอยุธยา,ภาคกลาง,เมษายน,กุ้งกุลาดำ,0
ราชบุรี,ภาคกลาง,เมษายน,กุ้งขาว,549.39
ราชบุรี,ภาคกลาง,เมษายน,กุ้งกุลาดำ,0
ชุมพร,ภาคใต้ตอนบน,เมษายน,กุ้งขาว,766.83
ชุมพร,ภาคใต้ตอนบน,เมษายน,กุ้งกุลาดำ,174.41
ประจวบคีรีขันธ์,ภาคใต้ตอนบน,เมษายน,กุ้งขาว,672.59
ประจวบคีรีขันธ์,ภาคใต้ตอนบน,เมษายน,กุ้งกุลาดำ,30.38
สุราษฎร์ธานี,ภาคใต้ตอนบน,เมษายน,กุ้งขาว,4799.19
สุราษฎร์ธานี,ภาคใต้ตอนบน,เมษายน,กุ้งกุลาดำ,252.25
ระนอง,ภาคใต้ตอนบน,เมษายน,กุ้งขาว,355.8
ระนอง,ภาคใต้ตอนบน,เมษายน,กุ้งกุลาดำ,30.32
ภูเก็ต,ภาคใต้ฝั่งอันดามัน,เมษายน,กุ้งขาว,199.87
ภูเก็ต,ภาคใต้ฝั่งอันดามัน,เมษายน,กุ้งกุลาดำ,33.43
สตูล,ภาคใต้ฝั่งอันดามัน,เมษายน,กุ้งขาว,538.71
สตูล,ภาคใต้ฝั่งอันดามัน,เมษายน,กุ้งกุลาดำ,58.76
ตรัง,ภาคใต้ฝั่งอันดามัน,เมษายน,กุ้งขาว,1228.49
ตรัง,ภาคใต้ฝั่งอันดามัน,เมษายน,กุ้งกุลาดำ,89.56
พังงา,ภาคใต้ฝั่งอันดามัน,เมษายน,กุ้งขาว,628.9
พังงา,ภาคใต้ฝั่งอันดามัน,เมษายน,กุ้งกุลาดำ,185.05
กระบี่,ภาคใต้ฝั่งอันดามัน,เมษายน,กุ้งขาว,469.41
กระบี่,ภาคใต้ฝั่งอันดามัน,เมษายน,กุ้งกุลาดำ,145.63
พัทลุง,ภาคใต้ตอนล่างฝั่งอ่าวไทย,เมษายน,กุ้งขาว,84
พัทลุง,ภาคใต้ตอนล่างฝั่งอ่าวไทย,เมษายน,กุ้งกุลาดำ,0
สงขลา,ภาคใต้ตอนล่างฝั่งอ่าวไทย,เมษายน,กุ้งขาว,795.81
สงขลา,ภาคใต้ตอนล่างฝั่งอ่าวไทย,เมษายน,กุ้งกุลาดำ,33.94
นครศรีธรรมราช,ภาคใต้ตอนล่างฝั่งอ่าวไทย,เมษายน,กุ้งขาว,1063.82
นครศรีธรรมราช,ภาคใต้ตอนล่างฝั่งอ่าวไทย,เมษายน,กุ้งกุลาดำ,18.86
ปัตตานี,ภาคใต้ตอนล่างฝั่งอ่าวไทย,เมษายน,กุ้งขาว,116.32
ปัตตานี,ภาคใต้ตอนล่างฝั่งอ่าวไทย,เมษายน,กุ้งกุลาดำ,0
นราธิวาส,ภาคใต้ตอนล่างฝั่งอ่าวไทย,เมษายน,กุ้งขาว,16.7
นราธิวาส,ภาคใต้ตอนล่างฝั่งอ่าวไทย,เมษายน,กุ้งกุลาดำ,0
ชัยภูมิ,ภาคตะวันออกเฉียงเหนือ,เมษายน,กุ้งขาว,0
ชัยภูมิ,ภาคตะวันออกเฉียงเหนือ,เมษายน,กุ้งกุลาดำ,0
อุดรธานี,ภาคตะวันออกเฉียงเหนือ,เมษายน,กุ้งขาว,0
อุดรธานี,ภาคตะวันออกเฉียงเหนือ,เมษายน,กุ้งกุลาดำ,0
จันทบุรี,ภาคตะวันออก,พฤษภาคม,กุ้งขาว,1975.28
จันทบุรี,ภาคตะวันออก,พฤษภาคม,กุ้งกุลาดำ,37.26
ตราด,ภาคตะวันออก,พฤษภาคม,กุ้งขาว,930.88
ตราด,ภาคตะวันออก,พฤษภาคม,กุ้งกุลาดำ,2.32
ระยอง,ภาคตะวันออก,พฤษภาคม,กุ้งขาว,608.51
ระยอง,ภาคตะวันออก,พฤษภาคม,กุ้งกุลาดำ,0
ฉะเชิงเทรา,ภาคตะวันออก,พฤษภาคม,กุ้งขาว,1295.54
ฉะเชิงเทรา,ภาคตะวันออก,พฤษภาคม,กุ้งกุลาดำ,0
นครนายก,ภาคตะวันออก,พฤษภาคม,กุ้งขาว,45.23
นครนายก,ภาคตะวันออก,พฤษภาคม,กุ้งกุลาดำ,0
ปราจีนบุรี,ภาคตะวันออก,พฤษภาคม,กุ้งขาว,97.47
ปราจีนบุรี,ภาคตะวันออก,พฤษภาคม,กุ้งกุลาดำ,0
ชลบุรี,ภาคตะวันออก,พฤษภาคม,กุ้งขาว,0
ชลบุรี,ภาคตะวันออก,พฤษภาคม,กุ้งกุลาดำ,0
ปทุมธานี,ภาคกลาง,พฤษภาคม,กุ้งขาว,34.64
ปทุมธานี,ภาคกลาง,พฤษภาคม,กุ้งกุลาดำ,1.2
กรุงเทพมหานคร,ภาคกลาง,พฤษภาคม,กุ้งขาว,0
กรุงเทพมหานคร,ภาคกลาง,พฤษภาคม,กุ้งกุลาดำ,0.13
กาญจนบุรี,ภาคกลาง,พฤษภาคม,กุ้งขาว,8.5
กาญจนบุรี,ภาคกลาง,พฤษภาคม,กุ้งกุลาดำ,0
นนทบุรี,ภาคกลาง,พฤษภาคม,กุ้งขาว,18.8
นนทบุรี,ภาคกลาง,พฤษภาคม,กุ้งกุลาดำ,0
นครปฐม,ภาคกลาง,พฤษภาคม,กุ้งขาว,636.48
นครปฐม,ภาคกลาง,พฤษภาคม,กุ้งกุลาดำ,0
สุพรรณบุรี,ภาคกลาง,พฤษภาคม,กุ้งขาว,216.86
สุพรรณบุรี,ภาคกลาง,พฤษภาคม,กุ้งกุลาดำ,0
สมุทรปราการ,ภาคกลาง,พฤษภาคม,กุ้งขาว,40
สมุทรปราการ,ภาคกลาง,พฤษภาคม,กุ้งกุลาดำ,0
สมุทรสงคราม,ภาคกลาง,พฤษภาคม,กุ้งขาว,156.27
สมุทรสงคราม,ภาคกลาง,พฤษภาคม,กุ้งกุลาดำ,0
สมุทรสาคร,ภาคกลาง,พฤษภาคม,กุ้งขาว,125.72
สมุทรสาคร,ภาคกลาง,พฤษภาคม,กุ้งกุลาดำ,0
เพชรบุรี,ภาคกลาง,พฤษภาคม,กุ้งขาว,631.27
เพชรบุรี,ภาคกลาง,พฤษภาคม,กุ้งกุลาดำ,3
พระนครศรีอยุธยา,ภาคกลาง,พฤษภาคม,กุ้งขาว,33.34
พระนครศรีอยุธยา,ภาคกลาง,พฤษภาคม,กุ้งกุลาดำ,0
ราชบุรี,ภาคกลาง,พฤษภาคม,กุ้งขาว,611.58
ราชบุรี,ภาคกลาง,พฤษภาคม,กุ้งกุลาดำ,0
ชุมพร,ภาคใต้ตอนบน,พฤษภาคม,กุ้งขาว,1225.15
ชุมพร,ภาคใต้ตอนบน,พฤษภาคม,กุ้งกุลาดำ,131.69
ประจวบคีรีขันธ์,ภาคใต้ตอนบน,พฤษภาคม,กุ้งขาว,1149.82
ประจวบคีรีขันธ์,ภาคใต้ตอนบน,พฤษภาคม,กุ้งกุลาดำ,47.82
สุราษฎร์ธานี,ภาคใต้ตอนบน,พฤษภาคม,กุ้งขาว,6187.24
สุราษฎร์ธานี,ภาคใต้ตอนบน,พฤษภาคม,กุ้งกุลาดำ,278.69
ระนอง,ภาคใต้ตอนบน,พฤษภาคม,กุ้งขาว,489.02
ระนอง,ภาคใต้ตอนบน,พฤษภาคม,กุ้งกุลาดำ,17.35
ภูเก็ต,ภาคใต้ฝั่งอันดามัน,พฤษภาคม,กุ้งขาว,253.61
ภูเก็ต,ภาคใต้ฝั่งอันดามัน,พฤษภาคม,กุ้งกุลาดำ,80.77
สตูล,ภาคใต้ฝั่งอันดามัน,พฤษภาคม,กุ้งขาว,688.57
สตูล,ภาคใต้ฝั่งอันดามัน,พฤษภาคม,กุ้งกุลาดำ,158.4
ตรัง,ภาคใต้ฝั่งอันดามัน,พฤษภาคม,กุ้งขาว,1383.8
ตรัง,ภาคใต้ฝั่งอันดามัน,พฤษภาคม,กุ้งกุลาดำ,51.34
พังงา,ภาคใต้ฝั่งอันดามัน,พฤษภาคม,กุ้งขาว,791.09
พังงา,ภาคใต้ฝั่งอันดามัน,พฤษภาคม,กุ้งกุลาดำ,242.49
กระบี่,ภาคใต้ฝั่งอันดามัน,พฤษภาคม,กุ้งขาว,764.29
กระบี่,ภาคใต้ฝั่งอันดามัน,พฤษภาคม,กุ้งกุลาดำ,205.66
พัทลุง,ภาคใต้ตอนล่างฝั่งอ่าวไทย,พฤษภาคม,กุ้งขาว,53
พัทลุง,ภาคใต้ตอนล่างฝั่งอ่าวไทย,พฤษภาคม,กุ้งกุลาดำ,0
สงขลา,ภาคใต้ตอนล่างฝั่งอ่าวไทย,พฤษภาคม,กุ้งขาว,1145.03
สงขลา,ภาคใต้ตอนล่างฝั่งอ่าวไทย,พฤษภาคม,กุ้งกุลาดำ,56.18
นครศรีธรรมราช,ภาคใต้ตอนล่างฝั่งอ่าวไทย,พฤษภาคม,กุ้งขาว,1187.39
นครศรีธรรมราช,ภาคใต้ตอนล่างฝั่งอ่าวไทย,พฤษภาคม,กุ้งกุลาดำ,46.14
ปัตตานี,ภาคใต้ตอนล่างฝั่งอ่าวไทย,พฤษภาคม,กุ้งขาว,219.18
ปัตตานี,ภาคใต้ตอนล่างฝั่งอ่าวไทย,พฤษภาคม,กุ้งกุลาดำ,0
นราธิวาส,ภาคใต้ตอนล่างฝั่งอ่าวไทย,พฤษภาคม,กุ้งขาว,0
นราธิวาส,ภาคใต้ตอนล่างฝั่งอ่าวไทย,พฤษภาคม,กุ้งกุลาดำ,0
ชัยภูมิ,ภาคตะวันออกเฉียงเหนือ,พฤษภาคม,กุ้งขาว,0
ชัยภูมิ,ภาคตะวันออกเฉียงเหนือ,พฤษภาคม,กุ้งกุลาดำ,0
อุดรธานี,ภาคตะวันออกเฉียงเหนือ,พฤษภาคม,กุ้งขาว,2
อุดรธานี,ภาคตะวันออกเฉียงเหนือ,พฤษภาคม,กุ้งกุลาดำ,0
จันทบุรี,ภาคตะวันออก,มิถุนายน,กุ้งขาว,2035.88
จันทบุรี,ภาคตะวันออก,มิถุนายน,กุ้งกุลาดำ,108.21
ตราด,ภาคตะวันออก,มิถุนายน,กุ้งขาว,1026.54
ตราด,ภาคตะวันออก,มิถุนายน,กุ้งกุลาดำ,0
ระยอง,ภาคตะวันออก,มิถุนายน,กุ้งขาว,413.8
ระยอง,ภาคตะวันออก,มิถุนายน,กุ้งกุลาดำ,4.9
ฉะเชิงเทรา,ภาคตะวันออก,มิถุนายน,กุ้งขาว,610.29
ฉะเชิงเทรา,ภาคตะวันออก,มิถุนายน,กุ้งกุลาดำ,34.2
นครนายก,ภาคตะวันออก,มิถุนายน,กุ้งขาว,32.4
นครนายก,ภาคตะวันออก,มิถุนายน,กุ้งกุลาดำ,0
ปราจีนบุรี,ภาคตะวันออก,มิถุนายน,กุ้งขาว,146.23
ปราจีนบุรี,ภาคตะวันออก,มิถุนายน,กุ้งกุลาดำ,0.3
ชลบุรี,ภาคตะวันออก,มิถุนายน,กุ้งขาว,25.45
ชลบุรี,ภาคตะวันออก,มิถุนายน,กุ้งกุลาดำ,0
ปทุมธานี,ภาคกลาง,มิถุนายน,กุ้งขาว,25.24
ปทุมธานี,ภาคกลาง,มิถุนายน,กุ้งกุลาดำ,0
กรุงเทพมหานคร,ภาคกลาง,มิถุนายน,กุ้งขาว,2.1
กรุงเทพมหานคร,ภาคกลาง,มิถุนายน,กุ้งกุลาดำ,0
กาญจนบุรี,ภาคกลาง,มิถุนายน,กุ้งขาว,7.63
กาญจนบุรี,ภาคกลาง,มิถุนายน,กุ้งกุลาดำ,0
นนทบุรี,ภาคกลาง,มิถุนายน,กุ้งขาว,32.03
นนทบุรี,ภาคกลาง,มิถุนายน,กุ้งกุลาดำ,0
นครปฐม,ภาคกลาง,มิถุนายน,กุ้งขาว,636.02
นครปฐม,ภาคกลาง,มิถุนายน,กุ้งกุลาดำ,3.7
สุพรรณบุรี,ภาคกลาง,มิถุนายน,กุ้งขาว,213.75
สุพรรณบุรี,ภาคกลาง,มิถุนายน,กุ้งกุลาดำ,0
สมุทรปราการ,ภาคกลาง,มิถุนายน,กุ้งขาว,40
สมุทรปราการ,ภาคกลาง,มิถุนายน,กุ้งกุลาดำ,0
สมุทรสงคราม,ภาคกลาง,มิถุนายน,กุ้งขาว,132.05
สมุทรสงคราม,ภาคกลาง,มิถุนายน,กุ้งกุลาดำ,0
สมุทรสาคร,ภาคกลาง,มิถุนายน,กุ้งขาว,204.12
สมุทรสาคร,ภาคกลาง,มิถุนายน,กุ้งกุลาดำ,0
เพชรบุรี,ภาคกลาง,มิถุนายน,กุ้งขาว,361.43
เพชรบุรี,ภาคกลาง,มิถุนายน,กุ้งกุลาดำ,0
พระนครศรีอยุธยา,ภาคกลาง,มิถุนายน,กุ้งขาว,71.59
พระนครศรีอยุธยา,ภาคกลาง,มิถุนายน,กุ้งกุลาดำ,0
ราชบุรี,ภาคกลาง,มิถุนายน,กุ้งขาว,432.92
ราชบุรี,ภาคกลาง,มิถุนายน,กุ้งกุลาดำ,0
ชุมพร,ภาคใต้ตอนบน,มิถุนายน,กุ้งขาว,1428
ชุมพร,ภาคใต้ตอนบน,มิถุนายน,กุ้งกุลาดำ,113.28
ประจวบคีรีขันธ์,ภาคใต้ตอนบน,มิถุนายน,กุ้งขาว,1088.3
ประจวบคีรีขันธ์,ภาคใต้ตอนบน,มิถุนายน,กุ้งกุลาดำ,20.41
สุราษฎร์ธานี,ภาคใต้ตอนบน,มิถุนายน,กุ้งขาว,5021.51
สุราษฎร์ธานี,ภาคใต้ตอนบน,มิถุนายน,กุ้งกุลาดำ,118.99
ระนอง,ภาคใต้ตอนบน,มิถุนายน,กุ้งขาว,992.32
ระนอง,ภาคใต้ตอนบน,มิถุนายน,กุ้งกุลาดำ,39.29
ภูเก็ต,ภาคใต้ฝั่งอันดามัน,มิถุนายน,กุ้งขาว,171.83
ภูเก็ต,ภาคใต้ฝั่งอันดามัน,มิถุนายน,กุ้งกุลาดำ,86.04
สตูล,ภาคใต้ฝั่งอันดามัน,มิถุนายน,กุ้งขาว,699.93
สตูล,ภาคใต้ฝั่งอันดามัน,มิถุนายน,กุ้งกุลาดำ,135.02
ตรัง,ภาคใต้ฝั่งอันดามัน,มิถุนายน,กุ้งขาว,1149.18
ตรัง,ภาคใต้ฝั่งอันดามัน,มิถุนายน,กุ้งกุลาดำ,15.6
พังงา,ภาคใต้ฝั่งอันดามัน,มิถุนายน,กุ้งขาว,735.03
พังงา,ภาคใต้ฝั่งอันดามัน,มิถุนายน,กุ้งกุลาดำ,158.96
กระบี่,ภาคใต้ฝั่งอันดามัน,มิถุนายน,กุ้งขาว,932.24
กระบี่,ภาคใต้ฝั่งอันดามัน,มิถุนายน,กุ้งกุลาดำ,150.86
พัทลุง,ภาคใต้ตอนล่างฝั่งอ่าวไทย,มิถุนายน,กุ้งขาว,37.14
พัทลุง,ภาคใต้ตอนล่างฝั่งอ่าวไทย,มิถุนายน,กุ้งกุลาดำ,0
สงขลา,ภาคใต้ตอนล่างฝั่งอ่าวไทย,มิถุนายน,กุ้งขาว,798.67
สงขลา,ภาคใต้ตอนล่างฝั่งอ่าวไทย,มิถุนายน,กุ้งกุลาดำ,65.89
นครศรีธรรมราช,ภาคใต้ตอนล่างฝั่งอ่าวไทย,มิถุนายน,กุ้งขาว,978.14
นครศรีธรรมราช,ภาคใต้ตอนล่างฝั่งอ่าวไทย,มิถุนายน,กุ้งกุลาดำ,110.33
ปัตตานี,ภาคใต้ตอนล่างฝั่งอ่าวไทย,มิถุนายน,กุ้งขาว,147.85
ปัตตานี,ภาคใต้ตอนล่างฝั่งอ่าวไทย,มิถุนายน,กุ้งกุลาดำ,0
นราธิวาส,ภาคใต้ตอนล่างฝั่งอ่าวไทย,มิถุนายน,กุ้งขาว,10
นราธิวาส,ภาคใต้ตอนล่างฝั่งอ่าวไทย,มิถุนายน,กุ้งกุลาดำ,7.87
ชัยภูมิ,ภาคตะวันออกเฉียงเหนือ,มิถุนายน,กุ้งขาว,0
ชัยภูมิ,ภาคตะวันออกเฉียงเหนือ,มิถุนายน,กุ้งกุลาดำ,0
อุดรธานี,ภาคตะวันออกเฉียงเหนือ,มิถุนายน,กุ้งขาว,0.35
อุดรธานี,ภาคตะวันออกเฉียงเหนือ,มิถุนายน,กุ้งกุลาดำ,0
จันทบุรี,ภาคตะวันออก,กรกฎาคม,กุ้งขาว,1384.11
จันทบุรี,ภาคตะวันออก,กรกฎาคม,กุ้งกุลาดำ,158.35
ตราด,ภาคตะวันออก,กรกฎาคม,กุ้งขาว,874.91
ตราด,ภาคตะวันออก,กรกฎาคม,กุ้งกุลาดำ,3
ระยอง,ภาคตะวันออก,กรกฎาคม,กุ้งขาว,474.79
ระยอง,ภาคตะวันออก,กรกฎาคม,กุ้งกุลาดำ,0
ฉะเชิงเทรา,ภาคตะวันออก,กรกฎาคม,กุ้งขาว,615.39
ฉะเชิงเทรา,ภาคตะวันออก,กรกฎาคม,กุ้งกุลาดำ,0
นครนายก,ภาคตะวันออก,กรกฎาคม,กุ้งขาว,79.14
นครนายก,ภาคตะวันออก,กรกฎาคม,กุ้งกุลาดำ,0
ปราจีนบุรี,ภาคตะวันออก,กรกฎาคม,กุ้งขาว,244.78
ปราจีนบุรี,ภาคตะวันออก,กรกฎาคม,กุ้งกุลาดำ,2.18
ชลบุรี,ภาคตะวันออก,กรกฎาคม,กุ้งขาว,0
ชลบุรี,ภาคตะวันออก,กรกฎาคม,กุ้งกุลาดำ,0
ปทุมธานี,ภาคกลาง,กรกฎาคม,กุ้งขาว,40.7
ปทุมธานี,ภาคกลาง,กรกฎาคม,กุ้งกุลาดำ,0
กรุงเทพมหานคร,ภาคกลาง,กรกฎาคม,กุ้งขาว,0
กรุงเทพมหานคร,ภาคกลาง,กรกฎาคม,กุ้งกุลาดำ,0
กาญจนบุรี,ภาคกลาง,กรกฎาคม,กุ้งขาว,43.42
กาญจนบุรี,ภาคกลาง,กรกฎาคม,กุ้งกุลาดำ,0
นนทบุรี,ภาคกลาง,กรกฎาคม,กุ้งขาว,23.98
นนทบุรี,ภาคกลาง,กรกฎาคม,กุ้งกุลาดำ,0
นครปฐม,ภาคกลาง,กรกฎาคม,กุ้งขาว,427.65
นครปฐม,ภาคกลาง,กรกฎาคม,กุ้งกุลาดำ,0
สุพรรณบุรี,ภาคกลาง,กรกฎาคม,กุ้งขาว,94.66
สุพรรณบุรี,ภาคกลาง,กรกฎาคม,กุ้งกุลาดำ,0
สมุทรปราการ,ภาคกลาง,กรกฎาคม,กุ้งขาว,50
สมุทรปราการ,ภาคกลาง,กรกฎาคม,กุ้งกุลาดำ,0
สมุทรสงคราม,ภาคกลาง,กรกฎาคม,กุ้งขาว,95.65
สมุทรสงคราม,ภาคกลาง,กรกฎาคม,กุ้งกุลาดำ,0
สมุทรสาคร,ภาคกลาง,กรกฎาคม,กุ้งขาว,358.76
สมุทรสาคร,ภาคกลาง,กรกฎาคม,กุ้งกุลาดำ,0
เพชรบุรี,ภาคกลาง,กรกฎาคม,กุ้งขาว,406.11
เพชรบุรี,ภาคกลาง,กรกฎาคม,กุ้งกุลาดำ,0
พระนครศรีอยุธยา,ภาคกลาง,กรกฎาคม,กุ้งขาว,64.4
พระนครศรีอยุธยา,ภาคกลาง,กรกฎาคม,กุ้งกุลาดำ,0
ราชบุรี,ภาคกลาง,กรกฎาคม,กุ้งขาว,497.61
ราชบุรี,ภาคกลาง,กรกฎาคม,กุ้งกุลาดำ,0
ชุมพร,ภาคใต้ตอนบน,กรกฎาคม,กุ้งขาว,1310.11
ชุมพร,ภาคใต้ตอนบน,กรกฎาคม,กุ้งกุลาดำ,136.31
ประจวบคีรีขันธ์,ภาคใต้ตอนบน,กรกฎาคม,กุ้งขาว,921.58
ประจวบคีรีขันธ์,ภาคใต้ตอนบน,กรกฎาคม,กุ้งกุลาดำ,12.77
สุราษฎร์ธานี,ภาคใต้ตอนบน,กรกฎาคม,กุ้งขาว,4497.23
สุราษฎร์ธานี,ภาคใต้ตอนบน,กรกฎาคม,กุ้งกุลาดำ,194.3
ระนอง,ภาคใต้ตอนบน,กรกฎาคม,กุ้งขาว,446.16
ระนอง,ภาคใต้ตอนบน,กรกฎาคม,กุ้งกุลาดำ,33.45
ภูเก็ต,ภาคใต้ฝั่งอันดามัน,กรกฎาคม,กุ้งขาว,280.98
ภูเก็ต,ภาคใต้ฝั่งอันดามัน,กรกฎาคม,กุ้งกุลาดำ,132.02
สตูล,ภาคใต้ฝั่งอันดามัน,กรกฎาคม,กุ้งขาว,895.69
สตูล,ภาคใต้ฝั่งอันดามัน,กรกฎาคม,กุ้งกุลาดำ,57.21
ตรัง,ภาคใต้ฝั่งอันดามัน,กรกฎาคม,กุ้งขาว,1767.72
ตรัง,ภาคใต้ฝั่งอันดามัน,กรกฎาคม,กุ้งกุลาดำ,69.41
พังงา,ภาคใต้ฝั่งอันดามัน,กรกฎาคม,กุ้งขาว,1028.74
พังงา,ภาคใต้ฝั่งอันดามัน,กรกฎาคม,กุ้งกุลาดำ,204.99
กระบี่,ภาคใต้ฝั่งอันดามัน,กรกฎาคม,กุ้งขาว,1037.47
กระบี่,ภาคใต้ฝั่งอันดามัน,กรกฎาคม,กุ้งกุลาดำ,150.97
พัทลุง,ภาคใต้ตอนล่างฝั่งอ่าวไทย,กรกฎาคม,กุ้งขาว,66.9
พัทลุง,ภาคใต้ตอนล่างฝั่งอ่าวไทย,กรกฎาคม,กุ้งกุลาดำ,0
สงขลา,ภาคใต้ตอนล่างฝั่งอ่าวไทย,กรกฎาคม,กุ้งขาว,1095.87
สงขลา,ภาคใต้ตอนล่างฝั่งอ่าวไทย,กรกฎาคม,กุ้งกุลาดำ,104.95
นครศรีธรรมราช,ภาคใต้ตอนล่างฝั่งอ่าวไทย,กรกฎาคม,กุ้งขาว,1199.61
นครศรีธรรมราช,ภาคใต้ตอนล่างฝั่งอ่าวไทย,กรกฎาคม,กุ้งกุลาดำ,87.42
ปัตตานี,ภาคใต้ตอนล่างฝั่งอ่าวไทย,กรกฎาคม,กุ้งขาว,288.7
ปัตตานี,ภาคใต้ตอนล่างฝั่งอ่าวไทย,กรกฎาคม,กุ้งกุลาดำ,0
นราธิวาส,ภาคใต้ตอนล่างฝั่งอ่าวไทย,กรกฎาคม,กุ้งขาว,30.2
นราธิวาส,ภาคใต้ตอนล่างฝั่งอ่าวไทย,กรกฎาคม,กุ้งกุลาดำ,0
ชัยภูมิ,ภาคตะวันออกเฉียงเหนือ,กรกฎาคม,กุ้งขาว,0
ชัยภูมิ,ภาคตะวันออกเฉียงเหนือ,กรกฎาคม,กุ้งกุลาดำ,0
อุดรธานี,ภาคตะวันออกเฉียงเหนือ,กรกฎาคม,กุ้งขาว,0
อุดรธานี,ภาคตะวันออกเฉียงเหนือ,กรกฎาคม,กุ้งกุลาดำ,0
จันทบุรี,ภาคตะวันออก,สิงหาคม,กุ้งขาว,1344.14
จันทบุรี,ภาคตะวันออก,สิงหาคม,กุ้งกุลาดำ,94.49
ตราด,ภาคตะวันออก,สิงหาคม,กุ้งขาว,732.49
ตราด,ภาคตะวันออก,สิงหาคม,กุ้งกุลาดำ,3.4
ระยอง,ภาคตะวันออก,สิงหาคม,กุ้งขาว,355.12
ระยอง,ภาคตะวันออก,สิงหาคม,กุ้งกุลาดำ,13.6
ฉะเชิงเทรา,ภาคตะวันออก,สิงหาคม,กุ้งขาว,1152.71
ฉะเชิงเทรา,ภาคตะวันออก,สิงหาคม,กุ้งกุลาดำ,0
นครนายก,ภาคตะวันออก,สิงหาคม,กุ้งขาว,82.7
นครนายก,ภาคตะวันออก,สิงหาคม,กุ้งกุลาดำ,0
ปราจีนบุรี,ภาคตะวันออก,สิงหาคม,กุ้งขาว,167.08
ปราจีนบุรี,ภาคตะวันออก,สิงหาคม,กุ้งกุลาดำ,0
ชลบุรี,ภาคตะวันออก,สิงหาคม,กุ้งขาว,0
ชลบุรี,ภาคตะวันออก,สิงหาคม,กุ้งกุลาดำ,0
ปทุมธานี,ภาคกลาง,สิงหาคม,กุ้งขาว,31.19
ปทุมธานี,ภาคกลาง,สิงหาคม,กุ้งกุลาดำ,0
กรุงเทพมหานคร,ภาคกลาง,สิงหาคม,กุ้งขาว,12.3
กรุงเทพมหานคร,ภาคกลาง,สิงหาคม,กุ้งกุลาดำ,0
กาญจนบุรี,ภาคกลาง,สิงหาคม,กุ้งขาว,44.5
กาญจนบุรี,ภาคกลาง,สิงหาคม,กุ้งกุลาดำ,0
นนทบุรี,ภาคกลาง,สิงหาคม,กุ้งขาว,26.21
นนทบุรี,ภาคกลาง,สิงหาคม,กุ้งกุลาดำ,0
นครปฐม,ภาคกลาง,สิงหาคม,กุ้งขาว,374.96
นครปฐม,ภาคกลาง,สิงหาคม,กุ้งกุลาดำ,0
สุพรรณบุรี,ภาคกลาง,สิงหาคม,กุ้งขาว,172.3
สุพรรณบุรี,ภาคกลาง,สิงหาคม,กุ้งกุลาดำ,0
สมุทรปราการ,ภาคกลาง,สิงหาคม,กุ้งขาว,17
สมุทรปราการ,ภาคกลาง,สิงหาคม,กุ้งกุลาดำ,0
สมุทรสงคราม,ภาคกลาง,สิงหาคม,กุ้งขาว,92.64
สมุทรสงคราม,ภาคกลาง,สิงหาคม,กุ้งกุลาดำ,3.52
สมุทรสาคร,ภาคกลาง,สิงหาคม,กุ้งขาว,176.21
สมุทรสาคร,ภาคกลาง,สิงหาคม,กุ้งกุลาดำ,0
เพชรบุรี,ภาคกลาง,สิงหาคม,กุ้งขาว,309.59
เพชรบุรี,ภาคกลาง,สิงหาคม,กุ้งกุลาดำ,0
พระนครศรีอยุธยา,ภาคกลาง,สิงหาคม,กุ้งขาว,39.14
พระนครศรีอยุธยา,ภาคกลาง,สิงหาคม,กุ้งกุลาดำ,0
ราชบุรี,ภาคกลาง,สิงหาคม,กุ้งขาว,732.33
ราชบุรี,ภาคกลาง,สิงหาคม,กุ้งกุลาดำ,0
ชุมพร,ภาคใต้ตอนบน,สิงหาคม,กุ้งขาว,1181.47
ชุมพร,ภาคใต้ตอนบน,สิงหาคม,กุ้งกุลาดำ,230.43
ประจวบคีรีขันธ์,ภาคใต้ตอนบน,สิงหาคม,กุ้งขาว,1029.86
ประจวบคีรีขันธ์,ภาคใต้ตอนบน,สิงหาคม,กุ้งกุลาดำ,2
สุราษฎร์ธานี,ภาคใต้ตอนบน,สิงหาคม,กุ้งขาว,4359.26
สุราษฎร์ธานี,ภาคใต้ตอนบน,สิงหาคม,กุ้งกุลาดำ,246.18
ระนอง,ภาคใต้ตอนบน,สิงหาคม,กุ้งขาว,290.65
ระนอง,ภาคใต้ตอนบน,สิงหาคม,กุ้งกุลาดำ,34.41
ภูเก็ต,ภาคใต้ฝั่งอันดามัน,สิงหาคม,กุ้งขาว,116.9
ภูเก็ต,ภาคใต้ฝั่งอันดามัน,สิงหาคม,กุ้งกุลาดำ,12.49
สตูล,ภาคใต้ฝั่งอันดามัน,สิงหาคม,กุ้งขาว,1300.57
สตูล,ภาคใต้ฝั่งอันดามัน,สิงหาคม,กุ้งกุลาดำ,58.28
ตรัง,ภาคใต้ฝั่งอันดามัน,สิงหาคม,กุ้งขาว,2030.18
ตรัง,ภาคใต้ฝั่งอันดามัน,สิงหาคม,กุ้งกุลาดำ,98.43
พังงา,ภาคใต้ฝั่งอันดามัน,สิงหาคม,กุ้งขาว,783.17
พังงา,ภาคใต้ฝั่งอันดามัน,สิงหาคม,กุ้งกุลาดำ,199.11
กระบี่,ภาคใต้ฝั่งอันดามัน,สิงหาคม,กุ้งขาว,762.56
กระบี่,ภาคใต้ฝั่งอันดามัน,สิงหาคม,กุ้งกุลาดำ,340.7
พัทลุง,ภาคใต้ตอนล่างฝั่งอ่าวไทย,สิงหาคม,กุ้งขาว,50.15
พัทลุง,ภาคใต้ตอนล่างฝั่งอ่าวไทย,สิงหาคม,กุ้งกุลาดำ,0
สงขลา,ภาคใต้ตอนล่างฝั่งอ่าวไทย,สิงหาคม,กุ้งขาว,1067.15
สงขลา,ภาคใต้ตอนล่างฝั่งอ่าวไทย,สิงหาคม,กุ้งกุลาดำ,183.65
นครศรีธรรมราช,ภาคใต้ตอนล่างฝั่งอ่าวไทย,สิงหาคม,กุ้งขาว,1359.92
นครศรีธรรมราช,ภาคใต้ตอนล่างฝั่งอ่าวไทย,สิงหาคม,กุ้งกุลาดำ,134.01
ปัตตานี,ภาคใต้ตอนล่างฝั่งอ่าวไทย,สิงหาคม,กุ้งขาว,72.03
ปัตตานี,ภาคใต้ตอนล่างฝั่งอ่าวไทย,สิงหาคม,กุ้งกุลาดำ,0
นราธิวาส,ภาคใต้ตอนล่างฝั่งอ่าวไทย,สิงหาคม,กุ้งขาว,18.4
นราธิวาส,ภาคใต้ตอนล่างฝั่งอ่าวไทย,สิงหาคม,กุ้งกุลาดำ,0
ชัยภูมิ,ภาคตะวันออกเฉียงเหนือ,สิงหาคม,กุ้งขาว,0
ชัยภูมิ,ภาคตะวันออกเฉียงเหนือ,สิงหาคม,กุ้งกุลาดำ,0
อุดรธานี,ภาคตะวันออกเฉียงเหนือ,สิงหาคม,กุ้งขาว,0
อุดรธานี,ภาคตะวันออกเฉียงเหนือ,สิงหาคม,กุ้งกุลาดำ,0
จันทบุรี,ภาคตะวันออก,กันยายน,กุ้งขาว,1545.49
จันทบุรี,ภาคตะวันออก,กันยายน,กุ้งกุลาดำ,97.61
ตราด,ภาคตะวันออก,กันยายน,กุ้งขาว,624.36
ตราด,ภาคตะวันออก,กันยายน,กุ้งกุลาดำ,0
ระยอง,ภาคตะวันออก,กันยายน,กุ้งขาว,312.95
ระยอง,ภาคตะวันออก,กันยายน,กุ้งกุลาดำ,47.52
ฉะเชิงเทรา,ภาคตะวันออก,กันยายน,กุ้งขาว,1605.32
ฉะเชิงเทรา,ภาคตะวันออก,กันยายน,กุ้งกุลาดำ,7.47
นครนายก,ภาคตะวันออก,กันยายน,กุ้งขาว,61.51
นครนายก,ภาคตะวันออก,กันยายน,กุ้งกุลาดำ,0
ปราจีนบุรี,ภาคตะวันออก,กันยายน,กุ้งขาว,96.23
ปราจีนบุรี,ภาคตะวันออก,กันยายน,กุ้งกุลาดำ,0
ชลบุรี,ภาคตะวันออก,กันยายน,กุ้งขาว,0
ชลบุรี,ภาคตะวันออก,กันยายน,กุ้งกุลาดำ,0
ปทุมธานี,ภาคกลาง,กันยายน,กุ้งขาว,9.44
ปทุมธานี,ภาคกลาง,กันยายน,กุ้งกุลาดำ,0
กรุงเทพมหานคร,ภาคกลาง,กันยายน,กุ้งขาว,0
กรุงเทพมหานคร,ภาคกลาง,กันยายน,กุ้งกุลาดำ,0.19
กาญจนบุรี,ภาคกลาง,กันยายน,กุ้งขาว,57.75
กาญจนบุรี,ภาคกลาง,กันยายน,กุ้งกุลาดำ,0
นนทบุรี,ภาคกลาง,กันยายน,กุ้งขาว,39.3
นนทบุรี,ภาคกลาง,กันยายน,กุ้งกุลาดำ,0
นครปฐม,ภาคกลาง,กันยายน,กุ้งขาว,456.2
นครปฐม,ภาคกลาง,กันยายน,กุ้งกุลาดำ,0
สุพรรณบุรี,ภาคกลาง,กันยายน,กุ้งขาว,221.44
สุพรรณบุรี,ภาคกลาง,กันยายน,กุ้งกุลาดำ,0
สมุทรปราการ,ภาคกลาง,กันยายน,กุ้งขาว,16
สมุทรปราการ,ภาคกลาง,กันยายน,กุ้งกุลาดำ,0
สมุทรสงคราม,ภาคกลาง,กันยายน,กุ้งขาว,100.2
สมุทรสงคราม,ภาคกลาง,กันยายน,กุ้งกุลาดำ,0
สมุทรสาคร,ภาคกลาง,กันยายน,กุ้งขาว,110.33
สมุทรสาคร,ภาคกลาง,กันยายน,กุ้งกุลาดำ,0
เพชรบุรี,ภาคกลาง,กันยายน,กุ้งขาว,550.92
เพชรบุรี,ภาคกลาง,กันยายน,กุ้งกุลาดำ,0
พระนครศรีอยุธยา,ภาคกลาง,กันยายน,กุ้งขาว,16.6
พระนครศรีอยุธยา,ภาคกลาง,กันยายน,กุ้งกุลาดำ,0
ราชบุรี,ภาคกลาง,กันยายน,กุ้งขาว,969.13
ราชบุรี,ภาคกลาง,กันยายน,กุ้งกุลาดำ,0
ชุมพร,ภาคใต้ตอนบน,กันยายน,กุ้งขาว,1080.34
ชุมพร,ภาคใต้ตอนบน,กันยายน,กุ้งกุลาดำ,221.29
ประจวบคีรีขันธ์,ภาคใต้ตอนบน,กันยายน,กุ้งขาว,2006.03
ประจวบคีรีขันธ์,ภาคใต้ตอนบน,กันยายน,กุ้งกุลาดำ,109.28
สุราษฎร์ธานี,ภาคใต้ตอนบน,กันยายน,กุ้งขาว,5517.01
สุราษฎร์ธานี,ภาคใต้ตอนบน,กันยายน,กุ้งกุลาดำ,165.93
ระนอง,ภาคใต้ตอนบน,กันยายน,กุ้งขาว,368.08
ระนอง,ภาคใต้ตอนบน,กันยายน,กุ้งกุลาดำ,22.24
ภูเก็ต,ภาคใต้ฝั่งอันดามัน,กันยายน,กุ้งขาว,226.95
ภูเก็ต,ภาคใต้ฝั่งอันดามัน,กันยายน,กุ้งกุลาดำ,18.96
สตูล,ภาคใต้ฝั่งอันดามัน,กันยายน,กุ้งขาว,1189.68
สตูล,ภาคใต้ฝั่งอันดามัน,กันยายน,กุ้งกุลาดำ,45.29
ตรัง,ภาคใต้ฝั่งอันดามัน,กันยายน,กุ้งขาว,1842
ตรัง,ภาคใต้ฝั่งอันดามัน,กันยายน,กุ้งกุลาดำ,101.74
พังงา,ภาคใต้ฝั่งอันดามัน,กันยายน,กุ้งขาว,862.2
พังงา,ภาคใต้ฝั่งอันดามัน,กันยายน,กุ้งกุลาดำ,311.74
กระบี่,ภาคใต้ฝั่งอันดามัน,กันยายน,กุ้งขาว,606.89
กระบี่,ภาคใต้ฝั่งอันดามัน,กันยายน,กุ้งกุลาดำ,415.27
พัทลุง,ภาคใต้ตอนล่างฝั่งอ่าวไทย,กันยายน,กุ้งขาว,67.9
พัทลุง,ภาคใต้ตอนล่างฝั่งอ่าวไทย,กันยายน,กุ้งกุลาดำ,0
สงขลา,ภาคใต้ตอนล่างฝั่งอ่าวไทย,กันยายน,กุ้งขาว,1142.18
สงขลา,ภาคใต้ตอนล่างฝั่งอ่าวไทย,กันยายน,กุ้งกุลาดำ,189.28
นครศรีธรรมราช,ภาคใต้ตอนล่างฝั่งอ่าวไทย,กันยายน,กุ้งขาว,1223.05
นครศรีธรรมราช,ภาคใต้ตอนล่างฝั่งอ่าวไทย,กันยายน,กุ้งกุลาดำ,158.86
ปัตตานี,ภาคใต้ตอนล่างฝั่งอ่าวไทย,กันยายน,กุ้งขาว,113
ปัตตานี,ภาคใต้ตอนล่างฝั่งอ่าวไทย,กันยายน,กุ้งกุลาดำ,0
นราธิวาส,ภาคใต้ตอนล่างฝั่งอ่าวไทย,กันยายน,กุ้งขาว,0
นราธิวาส,ภาคใต้ตอนล่างฝั่งอ่าวไทย,กันยายน,กุ้งกุลาดำ,0
ชัยภูมิ,ภาคตะวันออกเฉียงเหนือ,กันยายน,กุ้งขาว,0
ชัยภูมิ,ภาคตะวันออกเฉียงเหนือ,กันยายน,กุ้งกุลาดำ,0
อุดรธานี,ภาคตะวันออกเฉียงเหนือ,กันยายน,กุ้งขาว,2.55
อุดรธานี,ภาคตะวันออกเฉียงเหนือ,กันยายน,กุ้งกุลาดำ,0
จันทบุรี,ภาคตะวันออก,ตุลาคม,กุ้งขาว,1472.33
จันทบุรี,ภาคตะวันออก,ตุลาคม,กุ้งกุลาดำ,149.26
ตราด,ภาคตะวันออก,ตุลาคม,กุ้งขาว,654.18
ตราด,ภาคตะวันออก,ตุลาคม,กุ้งกุลาดำ,2.48
ระยอง,ภาคตะวันออก,ตุลาคม,กุ้งขาว,270.85
ระยอง,ภาคตะวันออก,ตุลาคม,กุ้งกุลาดำ,0
ฉะเชิงเทรา,ภาคตะวันออก,ตุลาคม,กุ้งขาว,990.52
ฉะเชิงเทรา,ภาคตะวันออก,ตุลาคม,กุ้งกุลาดำ,11.1
นครนายก,ภาคตะวันออก,ตุลาคม,กุ้งขาว,28.8
นครนายก,ภาคตะวันออก,ตุลาคม,กุ้งกุลาดำ,0
ปราจีนบุรี,ภาคตะวันออก,ตุลาคม,กุ้งขาว,76.84
ปราจีนบุรี,ภาคตะวันออก,ตุลาคม,กุ้งกุลาดำ,0
ชลบุรี,ภาคตะวันออก,ตุลาคม,กุ้งขาว,8.18
ชลบุรี,ภาคตะวันออก,ตุลาคม,กุ้งกุลาดำ,0
ปทุมธานี,ภาคกลาง,ตุลาคม,กุ้งขาว,8.04
ปทุมธานี,ภาคกลาง,ตุลาคม,กุ้งกุลาดำ,0
กรุงเทพมหานคร,ภาคกลาง,ตุลาคม,กุ้งขาว,2.5
กรุงเทพมหานคร,ภาคกลาง,ตุลาคม,กุ้งกุลาดำ,0
กาญจนบุรี,ภาคกลาง,ตุลาคม,กุ้งขาว,8.9
กาญจนบุรี,ภาคกลาง,ตุลาคม,กุ้งกุลาดำ,0
นนทบุรี,ภาคกลาง,ตุลาคม,กุ้งขาว,29.2
นนทบุรี,ภาคกลาง,ตุลาคม,กุ้งกุลาดำ,0
นครปฐม,ภาคกลาง,ตุลาคม,กุ้งขาว,471.27
นครปฐม,ภาคกลาง,ตุลาคม,กุ้งกุลาดำ,0
สุพรรณบุรี,ภาคกลาง,ตุลาคม,กุ้งขาว,135.9
สุพรรณบุรี,ภาคกลาง,ตุลาคม,กุ้งกุลาดำ,0
สมุทรปราการ,ภาคกลาง,ตุลาคม,กุ้งขาว,23.5
สมุทรปราการ,ภาคกลาง,ตุลาคม,กุ้งกุลาดำ,0
สมุทรสงคราม,ภาคกลาง,ตุลาคม,กุ้งขาว,63.37
สมุทรสงคราม,ภาคกลาง,ตุลาคม,กุ้งกุลาดำ,0
สมุทรสาคร,ภาคกลาง,ตุลาคม,กุ้งขาว,268.92
สมุทรสาคร,ภาคกลาง,ตุลาคม,กุ้งกุลาดำ,0
เพชรบุรี,ภาคกลาง,ตุลาคม,กุ้งขาว,444.18
เพชรบุรี,ภาคกลาง,ตุลาคม,กุ้งกุลาดำ,0
พระนครศรีอยุธยา,ภาคกลาง,ตุลาคม,กุ้งขาว,49.3
พระนครศรีอยุธยา,ภาคกลาง,ตุลาคม,กุ้งกุลาดำ,0
ราชบุรี,ภาคกลาง,ตุลาคม,กุ้งขาว,761.18
ราชบุรี,ภาคกลาง,ตุลาคม,กุ้งกุลาดำ,0
ชุมพร,ภาคใต้ตอนบน,ตุลาคม,กุ้งขาว,1261.84
ชุมพร,ภาคใต้ตอนบน,ตุลาคม,กุ้งกุลาดำ,315.23
ประจวบคีรีขันธ์,ภาคใต้ตอนบน,ตุลาคม,กุ้งขาว,2426.53
ประจวบคีรีขันธ์,ภาคใต้ตอนบน,ตุลาคม,กุ้งกุลาดำ,117.5
สุราษฎร์ธานี,ภาคใต้ตอนบน,ตุลาคม,กุ้งขาว,5689
สุราษฎร์ธานี,ภาคใต้ตอนบน,ตุลาคม,กุ้งกุลาดำ,279.25
ระนอง,ภาคใต้ตอนบน,ตุลาคม,กุ้งขาว,504.49
ระนอง,ภาคใต้ตอนบน,ตุลาคม,กุ้งกุลาดำ,6.48
ภูเก็ต,ภาคใต้ฝั่งอันดามัน,ตุลาคม,กุ้งขาว,184.23
ภูเก็ต,ภาคใต้ฝั่งอันดามัน,ตุลาคม,กุ้งกุลาดำ,114.1
สตูล,ภาคใต้ฝั่งอันดามัน,ตุลาคม,กุ้งขาว,781
สตูล,ภาคใต้ฝั่งอันดามัน,ตุลาคม,กุ้งกุลาดำ,82.47
ตรัง,ภาคใต้ฝั่งอันดามัน,ตุลาคม,กุ้งขาว,1598.54
ตรัง,ภาคใต้ฝั่งอันดามัน,ตุลาคม,กุ้งกุลาดำ,175.81
พังงา,ภาคใต้ฝั่งอันดามัน,ตุลาคม,กุ้งขาว,862.2
พังงา,ภาคใต้ฝั่งอันดามัน,ตุลาคม,กุ้งกุลาดำ,315.19
กระบี่,ภาคใต้ฝั่งอันดามัน,ตุลาคม,กุ้งขาว,703.53
กระบี่,ภาคใต้ฝั่งอันดามัน,ตุลาคม,กุ้งกุลาดำ,408.86
พัทลุง,ภาคใต้ตอนล่างฝั่งอ่าวไทย,ตุลาคม,กุ้งขาว,64.95
พัทลุง,ภาคใต้ตอนล่างฝั่งอ่าวไทย,ตุลาคม,กุ้งกุลาดำ,0
สงขลา,ภาคใต้ตอนล่างฝั่งอ่าวไทย,ตุลาคม,กุ้งขาว,1310.06
สงขลา,ภาคใต้ตอนล่างฝั่งอ่าวไทย,ตุลาคม,กุ้งกุลาดำ,347.96
นครศรีธรรมราช,ภาคใต้ตอนล่างฝั่งอ่าวไทย,ตุลาคม,กุ้งขาว,1422.28
นครศรีธรรมราช,ภาคใต้ตอนล่างฝั่งอ่าวไทย,ตุลาคม,กุ้งกุลาดำ,295.18
ปัตตานี,ภาคใต้ตอนล่างฝั่งอ่าวไทย,ตุลาคม,กุ้งขาว,237.1
ปัตตานี,ภาคใต้ตอนล่างฝั่งอ่าวไทย,ตุลาคม,กุ้งกุลาดำ,0
นราธิวาส,ภาคใต้ตอนล่างฝั่งอ่าวไทย,ตุลาคม,กุ้งขาว,15.5
นราธิวาส,ภาคใต้ตอนล่างฝั่งอ่าวไทย,ตุลาคม,กุ้งกุลาดำ,0
ชัยภูมิ,ภาคตะวันออกเฉียงเหนือ,ตุลาคม,กุ้งขาว,0
ชัยภูมิ,ภาคตะวันออกเฉียงเหนือ,ตุลาคม,กุ้งกุลาดำ,0
อุดรธานี,ภาคตะวันออกเฉียงเหนือ,ตุลาคม,กุ้งขาว,0
อุดรธานี,ภาคตะวันออกเฉียงเหนือ,ตุลาคม,กุ้งกุลาดำ,0
จันทบุรี,ภาคตะวันออก,พฤศจิกายน,กุ้งขาว,1141.29
จันทบุรี,ภาคตะวันออก,พฤศจิกายน,กุ้งกุลาดำ,177.08
ตราด,ภาคตะวันออก,พฤศจิกายน,กุ้งขาว,619.33
ตราด,ภาคตะวันออก,พฤศจิกายน,กุ้งกุลาดำ,0
ระยอง,ภาคตะวันออก,พฤศจิกายน,กุ้งขาว,358.59
ระยอง,ภาคตะวันออก,พฤศจิกายน,กุ้งกุลาดำ,11.1
ฉะเชิงเทรา,ภาคตะวันออก,พฤศจิกายน,กุ้งขาว,947.16
ฉะเชิงเทรา,ภาคตะวันออก,พฤศจิกายน,กุ้งกุลาดำ,0.21
นครนายก,ภาคตะวันออก,พฤศจิกายน,กุ้งขาว,22.2
นครนายก,ภาคตะวันออก,พฤศจิกายน,กุ้งกุลาดำ,0
ปราจีนบุรี,ภาคตะวันออก,พฤศจิกายน,กุ้งขาว,106.71
ปราจีนบุรี,ภาคตะวันออก,พฤศจิกายน,กุ้งกุลาดำ,0
ปทุมธานี,ภาคกลาง,พฤศจิกายน,กุ้งขาว,17.75
ปทุมธานี,ภาคกลาง,พฤศจิกายน,กุ้งกุลาดำ,0
กาญจนบุรี,ภาคกลาง,พฤศจิกายน,กุ้งขาว,3.67
กาญจนบุรี,ภาคกลาง,พฤศจิกายน,กุ้งกุลาดำ,0
นนทบุรี,ภาคกลาง,พฤศจิกายน,กุ้งขาว,7.5
นนทบุรี,ภาคกลาง,พฤศจิกายน,กุ้งกุลาดำ,0
นครปฐม,ภาคกลาง,พฤศจิกายน,กุ้งขาว,532.77
นครปฐม,ภาคกลาง,พฤศจิกายน,กุ้งกุลาดำ,0
สุพรรณบุรี,ภาคกลาง,พฤศจิกายน,กุ้งขาว,283.62
สุพรรณบุรี,ภาคกลาง,พฤศจิกายน,กุ้งกุลาดำ,0
สมุทรสงคราม,ภาคกลาง,พฤศจิกายน,กุ้งขาว,32.59
สมุทรสงคราม,ภาคกลาง,พฤศจิกายน,กุ้งกุลาดำ,0
สมุทรสาคร,ภาคกลาง,พฤศจิกายน,กุ้งขาว,86.3
สมุทรสาคร,ภาคกลาง,พฤศจิกายน,กุ้งกุลาดำ,0
เพชรบุรี,ภาคกลาง,พฤศจิกายน,กุ้งขาว,161.05
เพชรบุรี,ภาคกลาง,พฤศจิกายน,กุ้งกุลาดำ,0
พระนครศรีอยุธยา,ภาคกลาง,พฤศจิกายน,กุ้งขาว,34.7
พระนครศรีอยุธยา,ภาคกลาง,พฤศจิกายน,กุ้งกุลาดำ,0
ราชบุรี,ภาคกลาง,พฤศจิกายน,กุ้งขาว,510.61
ราชบุรี,ภาคกลาง,พฤศจิกายน,กุ้งกุลาดำ,0
ชุมพร,ภาคใต้ตอนบน,พฤศจิกายน,กุ้งขาว,996.53
ชุมพร,ภาคใต้ตอนบน,พฤศจิกายน,กุ้งกุลาดำ,277.87
ประจวบคีรีขันธ์,ภาคใต้ตอนบน,พฤศจิกายน,กุ้งขาว,2568.36
ประจวบคีรีขันธ์,ภาคใต้ตอนบน,พฤศจิกายน,กุ้งกุลาดำ,169.46
สุราษฎร์ธานี,ภาคใต้ตอนบน,พฤศจิกายน,กุ้งขาว,4594.6
สุราษฎร์ธานี,ภาคใต้ตอนบน,พฤศจิกายน,กุ้งกุลาดำ,392.31
ระนอง,ภาคใต้ตอนบน,พฤศจิกายน,กุ้งขาว,385.4
ระนอง,ภาคใต้ตอนบน,พฤศจิกายน,กุ้งกุลาดำ,50.75
ภูเก็ต,ภาคใต้ฝั่งอันดามัน,พฤศจิกายน,กุ้งขาว,212.18
ภูเก็ต,ภาคใต้ฝั่งอันดามัน,พฤศจิกายน,กุ้งกุลาดำ,104.89
สตูล,ภาคใต้ฝั่งอันดามัน,พฤศจิกายน,กุ้งขาว,533.3
สตูล,ภาคใต้ฝั่งอันดามัน,พฤศจิกายน,กุ้งกุลาดำ,57.98
ตรัง,ภาคใต้ฝั่งอันดามัน,พฤศจิกายน,กุ้งขาว,1557.39
ตรัง,ภาคใต้ฝั่งอันดามัน,พฤศจิกายน,กุ้งกุลาดำ,128.55
พังงา,ภาคใต้ฝั่งอันดามัน,พฤศจิกายน,กุ้งขาว,653.95
พังงา,ภาคใต้ฝั่งอันดามัน,พฤศจิกายน,กุ้งกุลาดำ,302.86
กระบี่,ภาคใต้ฝั่งอันดามัน,พฤศจิกายน,กุ้งขาว,620.33
กระบี่,ภาคใต้ฝั่งอันดามัน,พฤศจิกายน,กุ้งกุลาดำ,406.05
พัทลุง,ภาคใต้ตอนล่างฝั่งอ่าวไทย,พฤศจิกายน,กุ้งขาว,122.1
พัทลุง,ภาคใต้ตอนล่างฝั่งอ่าวไทย,พฤศจิกายน,กุ้งกุลาดำ,0
สงขลา,ภาคใต้ตอนล่างฝั่งอ่าวไทย,พฤศจิกายน,กุ้งขาว,1538.48
สงขลา,ภาคใต้ตอนล่างฝั่งอ่าวไทย,พฤศจิกายน,กุ้งกุลาดำ,374.4
นครศรีธรรมราช,ภาคใต้ตอนล่างฝั่งอ่าวไทย,พฤศจิกายน,กุ้งขาว,1175.58
นครศรีธรรมราช,ภาคใต้ตอนล่างฝั่งอ่าวไทย,พฤศจิกายน,กุ้งกุลาดำ,305.02
ปัตตานี,ภาคใต้ตอนล่างฝั่งอ่าวไทย,พฤศจิกายน,กุ้งขาว,244.87
ปัตตานี,ภาคใต้ตอนล่างฝั่งอ่าวไทย,พฤศจิกายน,กุ้งกุลาดำ,0
นราธิวาส,ภาคใต้ตอนล่างฝั่งอ่าวไทย,พฤศจิกายน,กุ้งขาว,34.9
นราธิวาส,ภาคใต้ตอนล่างฝั่งอ่าวไทย,พฤศจิกายน,กุ้งกุลาดำ,0
จันทบุรี,ภาคตะวันออก,ธันวาคม,กุ้งขาว,1312.81
จันทบุรี,ภาคตะวันออก,ธันวาคม,กุ้งกุลาดำ,111.17
ตราด,ภาคตะวันออก,ธันวาคม,กุ้งขาว,890.88
ตราด,ภาคตะวันออก,ธันวาคม,กุ้งกุลาดำ,2
ระยอง,ภาคตะวันออก,ธันวาคม,กุ้งขาว,446.48
ระยอง,ภาคตะวันออก,ธันวาคม,กุ้งกุลาดำ,1.2
ฉะเชิงเทรา,ภาคตะวันออก,ธันวาคม,กุ้งขาว,490.92
ฉะเชิงเทรา,ภาคตะวันออก,ธันวาคม,กุ้งกุลาดำ,0.4
นครนายก,ภาคตะวันออก,ธันวาคม,กุ้งขาว,28.6
นครนายก,ภาคตะวันออก,ธันวาคม,กุ้งกุลาดำ,0
ปราจีนบุรี,ภาคตะวันออก,ธันวาคม,กุ้งขาว,47.4
ปราจีนบุรี,ภาคตะวันออก,ธันวาคม,กุ้งกุลาดำ,0.6
ชลบุรี,ภาคตะวันออก,ธันวาคม,กุ้งขาว,0.04
ชลบุรี,ภาคตะวันออก,ธันวาคม,กุ้งกุลาดำ,0
ปทุมธานี,ภาคกลาง,ธันวาคม,กุ้งขาว,16.55
ปทุมธานี,ภาคกลาง,ธันวาคม,กุ้งกุลาดำ,0
กรุงเทพมหานคร,ภาคกลาง,ธันวาคม,กุ้งขาว,15
กรุงเทพมหานคร,ภาคกลาง,ธันวาคม,กุ้งกุลาดำ,0
กาญจนบุรี,ภาคกลาง,ธันวาคม,กุ้งขาว,12.97
กาญจนบุรี,ภาคกลาง,ธันวาคม,กุ้งกุลาดำ,0
นนทบุรี,ภาคกลาง,ธันวาคม,กุ้งขาว,31.83
นนทบุรี,ภาคกลาง,ธันวาคม,กุ้งกุลาดำ,0
นครปฐม,ภาคกลาง,ธันวาคม,กุ้งขาว,295.44
นครปฐม,ภาคกลาง,ธันวาคม,กุ้งกุลาดำ,0
สุพรรณบุรี,ภาคกลาง,ธันวาคม,กุ้งขาว,54.01
สุพรรณบุรี,ภาคกลาง,ธันวาคม,กุ้งกุลาดำ,0
สมุทรปราการ,ภาคกลาง,ธันวาคม,กุ้งขาว,13.5
สมุทรปราการ,ภาคกลาง,ธันวาคม,กุ้งกุลาดำ,0
สมุทรสงคราม,ภาคกลาง,ธันวาคม,กุ้งขาว,94.49
สมุทรสงคราม,ภาคกลาง,ธันวาคม,กุ้งกุลาดำ,0
สมุทรสาคร,ภาคกลาง,ธันวาคม,กุ้งขาว,142.94
สมุทรสาคร,ภาคกลาง,ธันวาคม,กุ้งกุลาดำ,0
เพชรบุรี,ภาคกลาง,ธันวาคม,กุ้งขาว,211.12
เพชรบุรี,ภาคกลาง,ธันวาคม,กุ้งกุลาดำ,0
พระนครศรีอยุธยา,ภาคกลาง,ธันวาคม,กุ้งขาว,18.5
พระนครศรีอยุธยา,ภาคกลาง,ธันวาคม,กุ้งกุลาดำ,0
ราชบุรี,ภาคกลาง,ธันวาคม,กุ้งขาว,408.41
ราชบุรี,ภาคกลาง,ธันวาคม,กุ้งกุลาดำ,0
ชุมพร,ภาคใต้ตอนบน,ธันวาคม,กุ้งขาว,951.8
ชุมพร,ภาคใต้ตอนบน,ธันวาคม,กุ้งกุลาดำ,152.06
ประจวบคีรีขันธ์,ภาคใต้ตอนบน,ธันวาคม,กุ้งขาว,2622.96
ประจวบคีรีขันธ์,ภาคใต้ตอนบน,ธันวาคม,กุ้งกุลาดำ,28.2
สุราษฎร์ธานี,ภาคใต้ตอนบน,ธันวาคม,กุ้งขาว,3880.53
สุราษฎร์ธานี,ภาคใต้ตอนบน,ธันวาคม,กุ้งกุลาดำ,100.7
ระนอง,ภาคใต้ตอนบน,ธันวาคม,กุ้งขาว,380.3
ระนอง,ภาคใต้ตอนบน,ธันวาคม,กุ้งกุลาดำ,39.66
ภูเก็ต,ภาคใต้ฝั่งอันดามัน,ธันวาคม,กุ้งขาว,94.17
ภูเก็ต,ภาคใต้ฝั่งอันดามัน,ธันวาคม,กุ้งกุลาดำ,30.55
สตูล,ภาคใต้ฝั่งอันดามัน,ธันวาคม,กุ้งขาว,696.49
สตูล,ภาคใต้ฝั่งอันดามัน,ธันวาคม,กุ้งกุลาดำ,145.76
ตรัง,ภาคใต้ฝั่งอันดามัน,ธันวาคม,กุ้งขาว,1876.78
ตรัง,ภาคใต้ฝั่งอันดามัน,ธันวาคม,กุ้งกุลาดำ,92.22
พังงา,ภาคใต้ฝั่งอันดามัน,ธันวาคม,กุ้งขาว,812.23
พังงา,ภาคใต้ฝั่งอันดามัน,ธันวาคม,กุ้งกุลาดำ,121.62
กระบี่,ภาคใต้ฝั่งอันดามัน,ธันวาคม,กุ้งขาว,720.38
กระบี่,ภาคใต้ฝั่งอันดามัน,ธันวาคม,กุ้งกุลาดำ,303.44
พัทลุง,ภาคใต้ตอนล่างฝั่งอ่าวไทย,ธันวาคม,กุ้งขาว,44.3
พัทลุง,ภาคใต้ตอนล่างฝั่งอ่าวไทย,ธันวาคม,กุ้งกุลาดำ,0
สงขลา,ภาคใต้ตอนล่างฝั่งอ่าวไทย,ธันวาคม,กุ้งขาว,617.82
สงขลา,ภาคใต้ตอนล่างฝั่งอ่าวไทย,ธันวาคม,กุ้งกุลาดำ,350.21
นครศรีธรรมราช,ภาคใต้ตอนล่างฝั่งอ่าวไทย,ธันวาคม,กุ้งขาว,549.49
นครศรีธรรมราช,ภาคใต้ตอนล่างฝั่งอ่าวไทย,ธันวาคม,กุ้งกุลาดำ,174.24
ปัตตานี,ภาคใต้ตอนล่างฝั่งอ่าวไทย,ธันวาคม,กุ้งขาว,14.01
ปัตตานี,ภาคใต้ตอนล่างฝั่งอ่าวไทย,ธันวาคม,กุ้งกุลาดำ,0.03
นราธิวาส,ภาคใต้ตอนล่างฝั่งอ่าวไทย,ธันวาคม,กุ้งขาว,12.6
นราธิวาส,ภาคใต้ตอนล่างฝั่งอ่าวไทย,ธันวาคม,กุ้งกุลาดำ,3.06
