Scientific name,อ่าวไทย,อันดามัน,ปี
Nemipterus hexodon,"2,793.29",,2563
Nemipterus bipunctatus,,"1,741.78",2563
Priacanthus tayenus,"2,705.29","7,180.33",2563
Saurida undosquamis,"1,551.66","3,568.16",2563
Saurida elongata,"6,013.39","4,289.28",2563
Rastrelliger brachysoma,"2,865.29","5,844.55",2563
Rastrelliger kanagurta,"7,620.72","2,278.20",2563
Sardinella gibbosa,"17,665.72","3,954.75",2563
Decapterus maruadsi,"9,529.62","7,996.00",2563
Selar crumenophthalmus,"3,301.22","10,528.00",2563
Encrasicholina heteroloba,"24,025.03","5,035.94",2563
Portunus pelagicus,"11,129.71","4,026.90",2563
Uroteuthis duvaucelii,"6,559.40","3,527.10",2563
Uroteuthis chinensis,"7,332.65",780.67,2563
Sepia aculeata ,"1,777.87",461.39,2563
Penaeus merguiensis,"1,990.89",738.98,2563
Metapenaeus affinis,"1,007.11",105.62,2563
Nemipterus hexodon,"4,661.47",,2564
Nemipterus bipunctatus,,"5,133.20",2564
Priacanthus tayenus,"6,392.96","4,679.61",2564
Saurida elongata,"3,486.54","1,809.13",2564
Saurida undosquamis,"8,629.48","3,188.00",2564
Encrasicholina heteroloba,"19,643","3,668.32",2564
Photololigo chinensis,"10,287.92","3,497.33",2564
Photololigo duvaucellii,"3,919.07","1,286.74",2564
Sepia aculeata,"1,163.06","1,007.73",2564
Portunus pelagicus,"14,328.29","5,169.07",2564
Penaeus merguiensis,"2,235.92","1,330.27",2564
Metapenaeus affinis,"1,670.39",212.25,2564
Metapenaeus ensis,36.56,33.99,2564
Nemipterus hexodon,"7,732",,2565
Nemipterus bipunctatus,,606,2565
Saurida elongata,"49,290","2,439",2565
Saurida undosquamis,"1,373","2,616",2565
Priacanthus tayenus,"3,900.50","2,665",2565
Penaeus merguiensis,"2,680","1,149",2565
Penaeus monodon,279.34,2.15,2565
Metapenaeus affinis,"1,442",224,2565
Metapenaeus ensis,118,28.7,2565
Portunus pelagicus,"16,953.77","3,547",2565
Uroteuthis duvaucelii,"5,695",731,2565
Uroteuthis chinensis,"13,530",265.26,2565
Sepia aculeata,"1,792.11",944.52,2565
Rastrelliger brachysoma,"8,482","7,977",2565
Rastrelliger kanagurta,"14,274","19,683",2565
Sardinella gibbosa,"17,220","6,195",2565
Encrasicholina heteroloba,"18,935","2,664",2565
Nemipterus hexodon,"2,336.79",,2566
Nemipterus bipunctatus,,"6,257.92",2566
Saurida elongata,"4,506.11","1,366.83",2566
Saurida undosquamis,"6,107.84","7,096.78",2566
Priacanthus tayenus,"7,432.31","2,581.48",2566
Penaeus merguiensis,"3,423.46",784.82,2566
Penaeus monodon,146.98,0.49,2566
Metapenaeus affinis,"1,166.91",32.21,2566
Metapenaeus ensis,622.38,87.33,2566
Portunus pelagicus,"14,396.24","3,231.03",2566
Uroteuthis duvaucelii,"4,901.00","1,053.45",2566
Uroteuthis chinensis,"7,916.26",492.23,2566
Sepia aculeata,"1,574.53",975.16,2566
Rastrelliger brachysoma,"9,131.67","1,775.02",2566
Rastrelliger kanagurta,"18,174.25","9,413.31",2566
Sardinella gibbosa,"62,781.45","2,123.90",2566
Selaroides leptolepis,"2,707.28","1,023.97",2566
Encrasicholina heteroloba,"17,470.37","3,975.56",2566
Nemipterus hexodon,"2,242",,2567
Nemipterus bipunctatus,,"2,494.70",2567
Saurida elongata,"5,770","1,418",2567
Saurida undosquamis,"2,400","11,028",2567
Priacanthus tayenus,"5,727","5,539",2567
Penaeus merguiensis,"9,976","2,540",2567
Penaeus monodon,168,,2567
Metapenaeus affinis,"3,554",131,2567
Metapenaeus ensis,"1,345","1,423",2567
Portunus pelagicus,"32,602","8,621",2567
Uroteuthis duvaucelii,"25,620","3,056",2567
Uroteuthis chinensis,"20,879","1,380",2567
Sepia aculeata,"3,418","1,021",2567
Rastrelliger brachysoma,"41,313","13,854",2567
Rastrelliger kanagurta,"21,092","15,758",2567
Sardinella gibbosa,"57,338","13,183",2567
Encrasicholina heteroloba,"59,566","9,567",2567