ปี,ประเภทการเพาะเลี้ยง,จังหวัด,ประเภทการเลี้ยง,จำนวนฟาร์ม,เนื้อที่เลี้ยง,ปริมาณ,มูลค่า
2559,เพาะเลี้ยงกุ้งทะเล,กรุงเทพมหานคร,กึ่งพัฒนา,971,16496,558,129368
2559,เพาะเลี้ยงกุ้งทะเล,จันทบุรี,กึ่งพัฒนา,186,13741,127,16486
2559,เพาะเลี้ยงกุ้งทะเล,สมุทรปราการ,กึ่งพัฒนา,1216,27400,977,219943
2559,เพาะเลี้ยงกุ้งทะเล,สมุทรสงคราม,กึ่งพัฒนา,317,15986,228,57922
2559,เพาะเลี้ยงกุ้งทะเล,สมุทรสาคร,กึ่งพัฒนา,560,17773,233,48437
2559,เพาะเลี้ยงกุ้งทะเล,เพชรบุรี,กึ่งพัฒนา,288,10283,1708,308342
2559,เพาะเลี้ยงกุ้งทะเล,กระบี่,พัฒนา,325,4865,12328,2176186
2559,เพาะเลี้ยงกุ้งทะเล,จังหวัดอื่นๆ,พัฒนา,3389,43695,42383,6373864
2559,เพาะเลี้ยงกุ้งทะเล,จันทบุรี,พัฒนา,1628,18963,35356,5814364
2559,เพาะเลี้ยงกุ้งทะเล,ฉะเชิงเทรา,พัฒนา,3213,18733,19889,3240546
2559,เพาะเลี้ยงกุ้งทะเล,ชลบุรี,พัฒนา,327,2211,1369,217022
2559,เพาะเลี้ยงกุ้งทะเล,ชุมพร,พัฒนา,342,5763,13887,2417435
2559,เพาะเลี้ยงกุ้งทะเล,ตรัง,พัฒนา,522,6135,18268,3142675
2559,เพาะเลี้ยงกุ้งทะเล,ตราด,พัฒนา,536,8524,22724,3862223
2559,เพาะเลี้ยงกุ้งทะเล,นครศรีธรรมราช,พัฒนา,1474,12946,15160,2557470
2559,เพาะเลี้ยงกุ้งทะเล,นราธิวาส,พัฒนา,10,156,312,50503
2559,เพาะเลี้ยงกุ้งทะเล,ประจวบคีรีขันธ์,พัฒนา,560,7164,16022,2724972
2559,เพาะเลี้ยงกุ้งทะเล,ปราจีนบุรี,พัฒนา,574,6277,6952,1093480
2559,เพาะเลี้ยงกุ้งทะเล,ปัตตานี,พัฒนา,95,1418,3239,539712
2559,เพาะเลี้ยงกุ้งทะเล,พังงา,พัฒนา,240,4217,10040,1785008
2559,เพาะเลี้ยงกุ้งทะเล,พัทลุง,พัฒนา,53,528,1081,179455
2559,เพาะเลี้ยงกุ้งทะเล,ภูเก็ต,พัฒนา,64,1040,2848,548846
2559,เพาะเลี้ยงกุ้งทะเล,ระนอง,พัฒนา,111,3476,9827,1694826
2559,เพาะเลี้ยงกุ้งทะเล,ระยอง,พัฒนา,355,6520,11200,1869842
2559,เพาะเลี้ยงกุ้งทะเล,สงขลา,พัฒนา,1308,8694,15715,2676200
2559,เพาะเลี้ยงกุ้งทะเล,สตูล,พัฒนา,306,5586,10704,1883947
2559,เพาะเลี้ยงกุ้งทะเล,สมุทรปราการ,พัฒนา,524,5214,2982,454161
2559,เพาะเลี้ยงกุ้งทะเล,สมุทรสงคราม,พัฒนา,97,1276,1566,252283
2559,เพาะเลี้ยงกุ้งทะเล,สมุทรสาคร,พัฒนา,781,9622,10320,1629891
2559,เพาะเลี้ยงกุ้งทะเล,สุราษฎร์ธานี,พัฒนา,688,17209,39936,6840023
2559,เพาะเลี้ยงกุ้งทะเล,เพชรบุรี,พัฒนา,490,5209,7105,1159018
2560,เพาะเลี้ยงกุ้งทะเล,กรุงเทพมหานคร,กึ่งพัฒนา,974,16572,392,117573
2560,เพาะเลี้ยงกุ้งทะเล,สมุทรปราการ,กึ่งพัฒนา,1139,26134,1207,245706
2560,เพาะเลี้ยงกุ้งทะเล,สมุทรสงคราม,กึ่งพัฒนา,308,15654,485,91458
2560,เพาะเลี้ยงกุ้งทะเล,สมุทรสาคร,กึ่งพัฒนา,505,16676,438,87890
2560,เพาะเลี้ยงกุ้งทะเล,เพชรบุรี,กึ่งพัฒนา,245,8217,1507,281222
2560,เพาะเลี้ยงกุ้งทะเล,กระบี่,พัฒนา,331,5035,12458,2397069
2560,เพาะเลี้ยงกุ้งทะเล,จังหวัดอื่นๆ,พัฒนา,3630,46061,43823,6674002
2560,เพาะเลี้ยงกุ้งทะเล,จันทบุรี,พัฒนา,1649,19014,35609,5875503
2560,เพาะเลี้ยงกุ้งทะเล,ฉะเชิงเทรา,พัฒนา,3290,20430,24473,4014738
2560,เพาะเลี้ยงกุ้งทะเล,ชลบุรี,พัฒนา,328,2352,1476,237878
2560,เพาะเลี้ยงกุ้งทะเล,ชุมพร,พัฒนา,334,5822,13712,2448687
2560,เพาะเลี้ยงกุ้งทะเล,ตรัง,พัฒนา,549,6992,23125,3937187
2560,เพาะเลี้ยงกุ้งทะเล,ตราด,พัฒนา,514,7842,23346,4067356
2560,เพาะเลี้ยงกุ้งทะเล,นครศรีธรรมราช,พัฒนา,1508,13476,17302,3023970
2560,เพาะเลี้ยงกุ้งทะเล,นราธิวาส,พัฒนา,9,164,252,40104
2560,เพาะเลี้ยงกุ้งทะเล,ประจวบคีรีขันธ์,พัฒนา,573,7271,18668,3226097
2560,เพาะเลี้ยงกุ้งทะเล,ปราจีนบุรี,พัฒนา,588,6398,8435,1336593
2560,เพาะเลี้ยงกุ้งทะเล,ปัตตานี,พัฒนา,92,1477,3400,634458
2560,เพาะเลี้ยงกุ้งทะเล,พังงา,พัฒนา,242,4295,12008,2334290
2560,เพาะเลี้ยงกุ้งทะเล,พัทลุง,พัฒนา,59,686,1407,224717
2560,เพาะเลี้ยงกุ้งทะเล,ภูเก็ต,พัฒนา,76,1086,2815,605945
2560,เพาะเลี้ยงกุ้งทะเล,ระนอง,พัฒนา,117,3366,10872,1969783
2560,เพาะเลี้ยงกุ้งทะเล,ระยอง,พัฒนา,357,6565,11569,1932432
2560,เพาะเลี้ยงกุ้งทะเล,สงขลา,พัฒนา,1318,9075,18280,3182918
2560,เพาะเลี้ยงกุ้งทะเล,สตูล,พัฒนา,266,4737,8777,1554282
2560,เพาะเลี้ยงกุ้งทะเล,สมุทรปราการ,พัฒนา,541,5311,3120,483600
2560,เพาะเลี้ยงกุ้งทะเล,สมุทรสงคราม,พัฒนา,100,1307,1771,300007
2560,เพาะเลี้ยงกุ้งทะเล,สมุทรสาคร,พัฒนา,789,9796,11423,1883567
2560,เพาะเลี้ยงกุ้งทะเล,สุราษฎร์ธานี,พัฒนา,630,17505,40463,7426014
2560,เพาะเลี้ยงกุ้งทะเล,เพชรบุรี,พัฒนา,500,5367,8074,1350015
2561,เพาะเลี้ยงกุ้งทะเล,กรุงเทพมหานคร,กึ่งพัฒนา,963,16489,670,173547
2561,เพาะเลี้ยงกุ้งทะเล,จันทบุรี,กึ่งพัฒนา,138,8487,76,9825
2561,เพาะเลี้ยงกุ้งทะเล,สมุทรปราการ,กึ่งพัฒนา,906,20052,1200,273049
2561,เพาะเลี้ยงกุ้งทะเล,สมุทรสงคราม,กึ่งพัฒนา,299,14576,1003,157619
2561,เพาะเลี้ยงกุ้งทะเล,สมุทรสาคร,กึ่งพัฒนา,450,12409,277,60290
2561,เพาะเลี้ยงกุ้งทะเล,เพชรบุรี,กึ่งพัฒนา,202,6017,959,177737
2561,เพาะเลี้ยงกุ้งทะเล,กระบี่,พัฒนา,337,4985,12796,2330434
2561,เพาะเลี้ยงกุ้งทะเล,จังหวัดอื่นๆ,พัฒนา,4518,56687,53027,7593287
2561,เพาะเลี้ยงกุ้งทะเล,จันทบุรี,พัฒนา,1605,18328,30739,4829887
2561,เพาะเลี้ยงกุ้งทะเล,ฉะเชิงเทรา,พัฒนา,3332,21241,25071,3855386
2561,เพาะเลี้ยงกุ้งทะเล,ชลบุรี,พัฒนา,321,2283,1409,205768
2561,เพาะเลี้ยงกุ้งทะเล,ชุมพร,พัฒนา,353,6176,15081,2749732
2561,เพาะเลี้ยงกุ้งทะเล,ตรัง,พัฒนา,574,7026,23396,3849417
2561,เพาะเลี้ยงกุ้งทะเล,ตราด,พัฒนา,505,7573,23616,3753483
2561,เพาะเลี้ยงกุ้งทะเล,นครศรีธรรมราช,พัฒนา,1542,13622,18134,3004645
2561,เพาะเลี้ยงกุ้งทะเล,นราธิวาส,พัฒนา,11,229,379,59525
2561,เพาะเลี้ยงกุ้งทะเล,ประจวบคีรีขันธ์,พัฒนา,636,8188,22751,3859513
2561,เพาะเลี้ยงกุ้งทะเล,ปราจีนบุรี,พัฒนา,660,7208,9923,1444914
2561,เพาะเลี้ยงกุ้งทะเล,ปัตตานี,พัฒนา,100,1501,3123,519764
2561,เพาะเลี้ยงกุ้งทะเล,พังงา,พัฒนา,252,4417,13571,2409729
2561,เพาะเลี้ยงกุ้งทะเล,พัทลุง,พัฒนา,54,620,1364,216420
2561,เพาะเลี้ยงกุ้งทะเล,ภูเก็ต,พัฒนา,50,1141,2885,662752
2561,เพาะเลี้ยงกุ้งทะเล,ระนอง,พัฒนา,111,3028,9733,1665439
2561,เพาะเลี้ยงกุ้งทะเล,ระยอง,พัฒนา,352,6501,11069,1662680
2561,เพาะเลี้ยงกุ้งทะเล,สงขลา,พัฒนา,1313,8883,17721,2897827
2561,เพาะเลี้ยงกุ้งทะเล,สตูล,พัฒนา,286,4819,9337,1687755
2561,เพาะเลี้ยงกุ้งทะเล,สมุทรปราการ,พัฒนา,533,5265,3049,411615
2561,เพาะเลี้ยงกุ้งทะเล,สมุทรสงคราม,พัฒนา,132,1971,2632,448942
2561,เพาะเลี้ยงกุ้งทะเล,สมุทรสาคร,พัฒนา,774,9027,10134,1521116
2561,เพาะเลี้ยงกุ้งทะเล,สุราษฎร์ธานี,พัฒนา,640,16844,41357,7447973
2561,เพาะเลี้ยงกุ้งทะเล,เพชรบุรี,พัฒนา,532,5841,8922,1185146
2562,เพาะเลี้ยงกุ้งทะเล,กรุงเทพมหานคร,กึ่งพัฒนา,974,16748,668,173445
2562,เพาะเลี้ยงกุ้งทะเล,จันทบุรี,กึ่งพัฒนา,127,7529,68,8744
2562,เพาะเลี้ยงกุ้งทะเล,สมุทรปราการ,กึ่งพัฒนา,898,19886,1403,327422
2562,เพาะเลี้ยงกุ้งทะเล,สมุทรสงคราม,กึ่งพัฒนา,317,15318,587,135567
2562,เพาะเลี้ยงกุ้งทะเล,สมุทรสาคร,กึ่งพัฒนา,394,10487,283,60018
2562,เพาะเลี้ยงกุ้งทะเล,เพชรบุรี,กึ่งพัฒนา,200,6045,941,172913
2562,เพาะเลี้ยงกุ้งทะเล,กระบี่,พัฒนา,343,5081,13772,2435440
2562,เพาะเลี้ยงกุ้งทะเล,จังหวัดอื่นๆ,พัฒนา,5620,70209,63094,8623400
2562,เพาะเลี้ยงกุ้งทะเล,จันทบุรี,พัฒนา,1579,17849,30408,4557803
2562,เพาะเลี้ยงกุ้งทะเล,ฉะเชิงเทรา,พัฒนา,3483,23224,28018,4077887
2562,เพาะเลี้ยงกุ้งทะเล,ชลบุรี,พัฒนา,328,2371,1448,202520
2562,เพาะเลี้ยงกุ้งทะเล,ชุมพร,พัฒนา,335,6068,14701,2466108
2562,เพาะเลี้ยงกุ้งทะเล,ตรัง,พัฒนา,562,6881,21893,3419176
2562,เพาะเลี้ยงกุ้งทะเล,ตราด,พัฒนา,476,7323,21888,3343756
2562,เพาะเลี้ยงกุ้งทะเล,นครศรีธรรมราช,พัฒนา,1799,15877,28358,4417507
2562,เพาะเลี้ยงกุ้งทะเล,นราธิวาส,พัฒนา,9,186,374,56974
2562,เพาะเลี้ยงกุ้งทะเล,ประจวบคีรีขันธ์,พัฒนา,705,9056,27002,4522754
2562,เพาะเลี้ยงกุ้งทะเล,ปราจีนบุรี,พัฒนา,1299,15267,8718,1197592
2562,เพาะเลี้ยงกุ้งทะเล,ปัตตานี,พัฒนา,96,1472,2939,447314
2562,เพาะเลี้ยงกุ้งทะเล,พังงา,พัฒนา,254,4513,14053,2378493
2562,เพาะเลี้ยงกุ้งทะเล,พัทลุง,พัฒนา,65,695,1600,242614
2562,เพาะเลี้ยงกุ้งทะเล,ภูเก็ต,พัฒนา,79,1132,3226,743298
2562,เพาะเลี้ยงกุ้งทะเล,ระนอง,พัฒนา,103,2646,8760,1420995
2562,เพาะเลี้ยงกุ้งทะเล,ระยอง,พัฒนา,335,6167,10176,1492401
2562,เพาะเลี้ยงกุ้งทะเล,สงขลา,พัฒนา,1281,8381,16930,2750486
2562,เพาะเลี้ยงกุ้งทะเล,สตูล,พัฒนา,266,4482,8474,1426698
2562,เพาะเลี้ยงกุ้งทะเล,สมุทรปราการ,พัฒนา,560,5720,3338,448080
2562,เพาะเลี้ยงกุ้งทะเล,สมุทรสงคราม,พัฒนา,139,2020,2918,485950
2562,เพาะเลี้ยงกุ้งทะเล,สมุทรสาคร,พัฒนา,798,9157,10480,1536344
2562,เพาะเลี้ยงกุ้งทะเล,สุราษฎร์ธานี,พัฒนา,625,16379,40238,6755550
2562,เพาะเลี้ยงกุ้งทะเล,เพชรบุรี,พัฒนา,559,6222,10036,1310014
2563,เพาะเลี้ยงกุ้งทะเล,กรุงเทพมหานคร,กึ่งพัฒนา,964,16366,514,140987
2563,เพาะเลี้ยงกุ้งทะเล,จันทบุรี,กึ่งพัฒนา,1562,20470,28,3440
2563,เพาะเลี้ยงกุ้งทะเล,สมุทรปราการ,กึ่งพัฒนา,1155,24930,1126,244586
2563,เพาะเลี้ยงกุ้งทะเล,สมุทรสงคราม,กึ่งพัฒนา,324,15595,729,124703
2563,เพาะเลี้ยงกุ้งทะเล,สมุทรสาคร,กึ่งพัฒนา,383,10112,375,80749
2563,เพาะเลี้ยงกุ้งทะเล,เพชรบุรี,กึ่งพัฒนา,70,3409,224,65562
2563,เพาะเลี้ยงกุ้งทะเล,กระบี่,พัฒนา,346,5169,14039,2484542
2563,เพาะเลี้ยงกุ้งทะเล,กรุงเทพมหานคร,พัฒนา,42,508,81,9963
2563,เพาะเลี้ยงกุ้งทะเล,จังหวัดอื่นๆ,พัฒนา,6894,77437,58959,7784204
2563,เพาะเลี้ยงกุ้งทะเล,จันทบุรี,พัฒนา,1589,16730,26432,4161205
2563,เพาะเลี้ยงกุ้งทะเล,ฉะเชิงเทรา,พัฒนา,3543,23855,23907,3415218
2563,เพาะเลี้ยงกุ้งทะเล,ชลบุรี,พัฒนา,463,3404,1923,260124
2563,เพาะเลี้ยงกุ้งทะเล,ชุมพร,พัฒนา,301,5324,14019,2313900
2563,เพาะเลี้ยงกุ้งทะเล,ตรัง,พัฒนา,559,6766,22346,3336630
2563,เพาะเลี้ยงกุ้งทะเล,ตราด,พัฒนา,459,7150,20044,3124603
2563,เพาะเลี้ยงกุ้งทะเล,นครศรีธรรมราช,พัฒนา,1920,15928,27437,4250724
2563,เพาะเลี้ยงกุ้งทะเล,นราธิวาส,พัฒนา,7,153,270,38035
2563,เพาะเลี้ยงกุ้งทะเล,ประจวบคีรีขันธ์,พัฒนา,752,9148,27087,4379870
2563,เพาะเลี้ยงกุ้งทะเล,ปราจีนบุรี,พัฒนา,1260,15405,8088,1027026
2563,เพาะเลี้ยงกุ้งทะเล,ปัตตานี,พัฒนา,92,1403,2809,414720
2563,เพาะเลี้ยงกุ้งทะเล,พังงา,พัฒนา,269,4728,15545,2517110
2563,เพาะเลี้ยงกุ้งทะเล,พัทลุง,พัฒนา,73,737,1508,219481
2563,เพาะเลี้ยงกุ้งทะเล,ภูเก็ต,พัฒนา,73,1075,3218,656689
2563,เพาะเลี้ยงกุ้งทะเล,ระนอง,พัฒนา,105,2683,9466,1434184
2563,เพาะเลี้ยงกุ้งทะเล,ระยอง,พัฒนา,293,5368,9291,1335951
2563,เพาะเลี้ยงกุ้งทะเล,สงขลา,พัฒนา,1172,7741,15946,2485956
2563,เพาะเลี้ยงกุ้งทะเล,สตูล,พัฒนา,256,4237,7963,1245522
2563,เพาะเลี้ยงกุ้งทะเล,สมุทรปราการ,พัฒนา,824,14509,7564,952761
2563,เพาะเลี้ยงกุ้งทะเล,สมุทรสงคราม,พัฒนา,153,2248,3120,512695
2563,เพาะเลี้ยงกุ้งทะเล,สมุทรสาคร,พัฒนา,983,10725,11349,1590688
2563,เพาะเลี้ยงกุ้งทะเล,สุราษฎร์ธานี,พัฒนา,628,16162,41046,6395302
2563,เพาะเลี้ยงกุ้งทะเล,เพชรบุรี,พัฒนา,775,9323,12220,1605383
2564,เพาะเลี้ยงกุ้งทะเล,กรุงเทพมหานคร,กึ่งพัฒนา,916,15634,436,117665
2564,เพาะเลี้ยงกุ้งทะเล,จันทบุรี,กึ่งพัฒนา,3,57,5,930
2564,เพาะเลี้ยงกุ้งทะเล,สมุทรปราการ,กึ่งพัฒนา,1136,21830,1216,260734
2564,เพาะเลี้ยงกุ้งทะเล,สมุทรสงคราม,กึ่งพัฒนา,372,17440,942,238394
2564,เพาะเลี้ยงกุ้งทะเล,สมุทรสาคร,กึ่งพัฒนา,352,9043,594,95816
2564,เพาะเลี้ยงกุ้งทะเล,เพชรบุรี,กึ่งพัฒนา,40,2398,69,11565
2564,เพาะเลี้ยงกุ้งทะเล,กระบี่,พัฒนา,317,4818,13728,2374630
2564,เพาะเลี้ยงกุ้งทะเล,กรุงเทพมหานคร,พัฒนา,22,298,44,6138
2564,เพาะเลี้ยงกุ้งทะเล,จังหวัดอื่นๆ,พัฒนา,7109,81128,60300,8261006
2564,เพาะเลี้ยงกุ้งทะเล,จันทบุรี,พัฒนา,1131,15095,26963,4322988
2564,เพาะเลี้ยงกุ้งทะเล,ฉะเชิงเทรา,พัฒนา,3574,24882,26528,3706485
2564,เพาะเลี้ยงกุ้งทะเล,ชลบุรี,พัฒนา,514,3983,2119,284121
2564,เพาะเลี้ยงกุ้งทะเล,ชุมพร,พัฒนา,306,5220,14281,2362147
2564,เพาะเลี้ยงกุ้งทะเล,ตรัง,พัฒนา,550,6552,20521,3236867
2564,เพาะเลี้ยงกุ้งทะเล,ตราด,พัฒนา,445,7076,21226,3270590
2564,เพาะเลี้ยงกุ้งทะเล,นครศรีธรรมราช,พัฒนา,1970,15736,25315,3768030
2564,เพาะเลี้ยงกุ้งทะเล,นราธิวาส,พัฒนา,8,84,222,33509
2564,เพาะเลี้ยงกุ้งทะเล,ประจวบคีรีขันธ์,พัฒนา,733,8737,25607,3792038
2564,เพาะเลี้ยงกุ้งทะเล,ปราจีนบุรี,พัฒนา,1154,14810,8153,1034226
2564,เพาะเลี้ยงกุ้งทะเล,ปัตตานี,พัฒนา,96,1291,2699,405218
2564,เพาะเลี้ยงกุ้งทะเล,พังงา,พัฒนา,253,4297,14402,2410173
2564,เพาะเลี้ยงกุ้งทะเล,พัทลุง,พัฒนา,73,703,1384,199628
2564,เพาะเลี้ยงกุ้งทะเล,ภูเก็ต,พัฒนา,73,990,3501,600983
2564,เพาะเลี้ยงกุ้งทะเล,ระนอง,พัฒนา,83,2168,7952,1215252
2564,เพาะเลี้ยงกุ้งทะเล,ระยอง,พัฒนา,268,4921,9221,1363014
2564,เพาะเลี้ยงกุ้งทะเล,สงขลา,พัฒนา,1094,7408,14909,2375468
2564,เพาะเลี้ยงกุ้งทะเล,สตูล,พัฒนา,268,4062,8797,1404715
2564,เพาะเลี้ยงกุ้งทะเล,สมุทรปราการ,พัฒนา,828,14795,7470,984048
2564,เพาะเลี้ยงกุ้งทะเล,สมุทรสงคราม,พัฒนา,139,2164,3161,525587
2564,เพาะเลี้ยงกุ้งทะเล,สมุทรสาคร,พัฒนา,1010,10544,11824,1619057
2564,เพาะเลี้ยงกุ้งทะเล,สุราษฎร์ธานี,พัฒนา,656,15030,42971,6882233
2564,เพาะเลี้ยงกุ้งทะเล,เพชรบุรี,พัฒนา,770,11434,11760,1526507
2565,เพาะเลี้ยงกุ้งทะเล,กรุงเทพมหานคร,กึ่งพัฒนา,951,16243,269,71804
2565,เพาะเลี้ยงกุ้งทะเล,จันทบุรี,กึ่งพัฒนา,3,57,12,2178
2565,เพาะเลี้ยงกุ้งทะเล,สมุทรปราการ,กึ่งพัฒนา,1187,22702,1621,497983
2565,เพาะเลี้ยงกุ้งทะเล,สมุทรสงคราม,กึ่งพัฒนา,385,17735,908,164331
2565,เพาะเลี้ยงกุ้งทะเล,สมุทรสาคร,กึ่งพัฒนา,402,10712,431,65418
2565,เพาะเลี้ยงกุ้งทะเล,เพชรบุรี,กึ่งพัฒนา,140,5672,298,42952
2565,เพาะเลี้ยงกุ้งทะเล,ประจวบคีรีขันธ์,กึ่งพัฒนา,136,2282,136,21736
2565,เพาะเลี้ยงกุ้งทะเล,กระบี่,พัฒนา,321,4927,14472,2587560
2565,เพาะเลี้ยงกุ้งทะเล,กรุงเทพมหานคร,พัฒนา,26,386,67,10914
2565,เพาะเลี้ยงกุ้งทะเล,จังหวัดอื่นๆ,พัฒนา,7529,87304,68325,10100235
2565,เพาะเลี้ยงกุ้งทะเล,จันทบุรี,พัฒนา,1020,14216,28212,4577746
2565,เพาะเลี้ยงกุ้งทะเล,ฉะเชิงเทรา,พัฒนา,3606,25534,29255,4582532
2565,เพาะเลี้ยงกุ้งทะเล,ชลบุรี,พัฒนา,519,4092,2332,343110
2565,เพาะเลี้ยงกุ้งทะเล,ชุมพร,พัฒนา,262,4406,14009,2443650
2565,เพาะเลี้ยงกุ้งทะเล,ตรัง,พัฒนา,557,6403,21348,3600555
2565,เพาะเลี้ยงกุ้งทะเล,ตราด,พัฒนา,425,6783,19635,3054235
2565,เพาะเลี้ยงกุ้งทะเล,นครศรีธรรมราช,พัฒนา,1877,13786,22236,3686265
2565,เพาะเลี้ยงกุ้งทะเล,นราธิวาส,พัฒนา,4,65,169,29100
2565,เพาะเลี้ยงกุ้งทะเล,ประจวบคีรีขันธ์,พัฒนา,739,8369,21085,3340438
2565,เพาะเลี้ยงกุ้งทะเล,ปราจีนบุรี,พัฒนา,1172,14866,8334,1212003
2565,เพาะเลี้ยงกุ้งทะเล,ปัตตานี,พัฒนา,80,1044,2100,325995
2565,เพาะเลี้ยงกุ้งทะเล,พังงา,พัฒนา,250,4165,13340,2280800
2565,เพาะเลี้ยงกุ้งทะเล,พัทลุง,พัฒนา,70,525,1001,170770
2565,เพาะเลี้ยงกุ้งทะเล,ภูเก็ต,พัฒนา,75,1055,3837,755940
2565,เพาะเลี้ยงกุ้งทะเล,ระนอง,พัฒนา,80,1868,7208,1201148
2565,เพาะเลี้ยงกุ้งทะเล,ระยอง,พัฒนา,263,4011,8606,1424080
2565,เพาะเลี้ยงกุ้งทะเล,สงขลา,พัฒนา,1007,6790,13156,2222165
2565,เพาะเลี้ยงกุ้งทะเล,สตูล,พัฒนา,201,2838,8672,1424875
2565,เพาะเลี้ยงกุ้งทะเล,สมุทรปราการ,พัฒนา,915,16093,8529,1253337
2565,เพาะเลี้ยงกุ้งทะเล,สมุทรสงคราม,พัฒนา,141,2045,3009,508615
2565,เพาะเลี้ยงกุ้งทะเล,สมุทรสาคร,พัฒนา,1010,8471,11135,1851750
2565,เพาะเลี้ยงกุ้งทะเล,สุราษฎร์ธานี,พัฒนา,623,14762,44639,7892923
2565,เพาะเลี้ยงกุ้งทะเล,เพชรบุรี,พัฒนา,632,6217,11270,1588133
2566,เพาะเลี้ยงกุ้งทะเล,ตราด,พัฒนา,405,6150,18264,2619988
2566,เพาะเลี้ยงกุ้งทะเล,จันทบุรี,กึ่งพัฒนา,3,57,3,539
2566,เพาะเลี้ยงกุ้งทะเล,จันทบุรี,พัฒนา,1027,13598,28946,4061343
2566,เพาะเลี้ยงกุ้งทะเล,ระยอง,พัฒนา,249,3663,8476,1201984
2566,เพาะเลี้ยงกุ้งทะเล,ชลบุรี,พัฒนา,499,4034,2130,273513
2566,เพาะเลี้ยงกุ้งทะเล,ฉะเชิงเทรา,พัฒนา,3727,27238,28570,3806251
2566,เพาะเลี้ยงกุ้งทะเล,ปราจีนบุรี,พัฒนา,1263,19663,8849,1071073
2566,เพาะเลี้ยงกุ้งทะเล,สมุทรปราการ,กึ่งพัฒนา,1297,25270,1868,412400
2566,เพาะเลี้ยงกุ้งทะเล,สมุทรปราการ,พัฒนา,877,15327,7918,1020076
2566,เพาะเลี้ยงกุ้งทะเล,กรุงเทพมหานคร,กึ่งพัฒนา,528,10337,238,68482
2566,เพาะเลี้ยงกุ้งทะเล,กรุงเทพมหานคร,พัฒนา,23,330,55,8436
2566,เพาะเลี้ยงกุ้งทะเล,สมุทรสาคร,กึ่งพัฒนา,406,10901,475,72021
2566,เพาะเลี้ยงกุ้งทะเล,สมุทรสาคร,พัฒนา,1007,8295,10697,1604637
2566,เพาะเลี้ยงกุ้งทะเล,สมุทรสงคราม,กึ่งพัฒนา,403,18884,646,121379
2566,เพาะเลี้ยงกุ้งทะเล,สมุทรสงคราม,พัฒนา,118,2108,3353,506759
2566,เพาะเลี้ยงกุ้งทะเล,เพชรบุรี,กึ่งพัฒนา,140,4831,430,52901
2566,เพาะเลี้ยงกุ้งทะเล,เพชรบุรี,พัฒนา,600,5713,10218,1319034
2566,เพาะเลี้ยงกุ้งทะเล,ประจวบคีรีขันธ์,กึ่งพัฒนา,163,2522,159,21880
2566,เพาะเลี้ยงกุ้งทะเล,ประจวบคีรีขันธ์,พัฒนา,729,8245,21627,3201037
2566,เพาะเลี้ยงกุ้งทะเล,ชุมพร,พัฒนา,268,4276,14463,2535806
2566,เพาะเลี้ยงกุ้งทะเล,สุราษฎร์ธานี,พัฒนา,651,15718,51498,8136969
2566,เพาะเลี้ยงกุ้งทะเล,นครศรีธรรมราช,กึ่งพัฒนา,395,6967,318,84307
2566,เพาะเลี้ยงกุ้งทะเล,นครศรีธรรมราช,พัฒนา,2378,14532,22124,3308384
2566,เพาะเลี้ยงกุ้งทะเล,สงขลา,พัฒนา,983,6684,13629,2136001
2566,เพาะเลี้ยงกุ้งทะเล,พัทลุง,พัฒนา,72,533,980,134926
2566,เพาะเลี้ยงกุ้งทะเล,ปัตตานี,พัฒนา,65,860,2060,295890
2566,เพาะเลี้ยงกุ้งทะเล,นราธิวาส,พัฒนา,5,64,222,35616
2566,เพาะเลี้ยงกุ้งทะเล,ระนอง,พัฒนา,79,1672,6690,987257
2566,เพาะเลี้ยงกุ้งทะเล,พังงา,พัฒนา,247,3863,13418,2234045
2566,เพาะเลี้ยงกุ้งทะเล,ภูเก็ต,พัฒนา,72,1009,3630,645913
2566,เพาะเลี้ยงกุ้งทะเล,กระบี่,พัฒนา,320,4604,14558,2509173
2566,เพาะเลี้ยงกุ้งทะเล,ตรัง,พัฒนา,533,5277,19447,2987380
2566,เพาะเลี้ยงกุ้งทะเล,สตูล,พัฒนา,202,2550,8701,1435943
2566,เพาะเลี้ยงกุ้งทะเล,จังหวัดอื่น ๆ,พัฒนา,7899,91294,67884,8524132
2567,เพาะเลี้ยงกุ้งทะเล,เพชรบุรี,กึ่งพัฒนา,183,5819,962,138704
2567,เพาะเลี้ยงกุ้งทะเล,เพชรบุรี,พัฒนา,474,3390,6756,1034287
2567,เพาะเลี้ยงกุ้งทะเล,กระบี่,พัฒนา,312,4895,15525,2711133
2567,เพาะเลี้ยงกุ้งทะเล,กรุงเทพมหานคร,กึ่งพัฒนา,566,11094,283,68059
2567,เพาะเลี้ยงกุ้งทะเล,กรุงเทพมหานคร,พัฒนา,2,8,37,6105
2567,เพาะเลี้ยงกุ้งทะเล,กาญจนบุรี,กึ่งพัฒนา,7,192,98,12914
2567,เพาะเลี้ยงกุ้งทะเล,กาญจนบุรี,พัฒนา,14,173,465,86964
2567,เพาะเลี้ยงกุ้งทะเล,จันทบุรี,กึ่งพัฒนา,3,57,1,266
2567,เพาะเลี้ยงกุ้งทะเล,จันทบุรี,พัฒนา,888,12535,28042,4441898
2567,เพาะเลี้ยงกุ้งทะเล,ฉะเชิงเทรา,กึ่งพัฒนา,2102,17254,6246,864522
2567,เพาะเลี้ยงกุ้งทะเล,ฉะเชิงเทรา,พัฒนา,1793,12878,22815,3318455
2567,เพาะเลี้ยงกุ้งทะเล,ชลบุรี,กึ่งพัฒนา,455,5835,1501,191489
2567,เพาะเลี้ยงกุ้งทะเล,ชลบุรี,พัฒนา,59,728,861,125619
2567,เพาะเลี้ยงกุ้งทะเล,ชัยภูมิ,กึ่งพัฒนา,10,140,8,1266
2567,เพาะเลี้ยงกุ้งทะเล,ชุมพร,พัฒนา,255,3856,14410,2547600
2567,เพาะเลี้ยงกุ้งทะเล,ตรัง,พัฒนา,506,4920,21225,3321829
2567,เพาะเลี้ยงกุ้งทะเล,ตราด,พัฒนา,354,5471,15718,2247740
2567,เพาะเลี้ยงกุ้งทะเล,นครนายก,กึ่งพัฒนา,107,5380,2539,326896
2567,เพาะเลี้ยงกุ้งทะเล,นครนายก,พัฒนา,543,4570,6700,871000
2567,เพาะเลี้ยงกุ้งทะเล,นครปฐม,กึ่งพัฒนา,3074,35149,16993,2036781
2567,เพาะเลี้ยงกุ้งทะเล,นครปฐม,พัฒนา,1110,10194,12233,1712620
2567,เพาะเลี้ยงกุ้งทะเล,นครศรีธรรมราช,กึ่งพัฒนา,686,8945,396,79272
2567,เพาะเลี้ยงกุ้งทะเล,นครศรีธรรมราช,พัฒนา,1924,11698,20693,3361907
2567,เพาะเลี้ยงกุ้งทะเล,นนทบุรี,กึ่งพัฒนา,4,32,9,1001
2567,เพาะเลี้ยงกุ้งทะเล,นนทบุรี,พัฒนา,3,47,213,30490
2567,เพาะเลี้ยงกุ้งทะเล,นราธิวาส,พัฒนา,5,52,129,19590
2567,เพาะเลี้ยงกุ้งทะเล,ปทุมธานี,พัฒนา,51,873,1114,205788
2567,เพาะเลี้ยงกุ้งทะเล,ประจวบคีรีขันธ์,กึ่งพัฒนา,299,3512,361,51525
2567,เพาะเลี้ยงกุ้งทะเล,ประจวบคีรีขันธ์,พัฒนา,650,6928,17814,2859678
2567,เพาะเลี้ยงกุ้งทะเล,ปราจีนบุรี,กึ่งพัฒนา,1098,19675,5706,703063
2567,เพาะเลี้ยงกุ้งทะเล,ปราจีนบุรี,พัฒนา,200,2160,2592,357696
2567,เพาะเลี้ยงกุ้งทะเล,ปัตตานี,พัฒนา,59,716,1805,296495
2567,เพาะเลี้ยงกุ้งทะเล,พระนครศรีอยุธยา,พัฒนา,127,1115,986,123208
2567,เพาะเลี้ยงกุ้งทะเล,พังงา,พัฒนา,251,3964,12861,2256764
2567,เพาะเลี้ยงกุ้งทะเล,พัทลุง,พัฒนา,71,507,1060,163996
2567,เพาะเลี้ยงกุ้งทะเล,ภูเก็ต,พัฒนา,69,980,3416,617120
2567,เพาะเลี้ยงกุ้งทะเล,ระนอง,พัฒนา,71,1527,5985,993459
2567,เพาะเลี้ยงกุ้งทะเล,ระยอง,พัฒนา,217,3250,6902,1038044
2567,เพาะเลี้ยงกุ้งทะเล,ราชบุรี,กึ่งพัฒนา,1070,18868,9434,1318024
2567,เพาะเลี้ยงกุ้งทะเล,ราชบุรี,พัฒนา,128,1996,4337,640360
2567,เพาะเลี้ยงกุ้งทะเล,สงขลา,พัฒนา,973,6666,14212,2286879
2567,เพาะเลี้ยงกุ้งทะเล,สตูล,พัฒนา,210,2738,10837,1902943
2567,เพาะเลี้ยงกุ้งทะเล,สมุทรปราการ,กึ่งพัฒนา,1942,35988,6064,845934
2567,เพาะเลี้ยงกุ้งทะเล,สมุทรปราการ,พัฒนา,124,1762,2969,445346
2567,เพาะเลี้ยงกุ้งทะเล,สมุทรสงคราม,กึ่งพัฒนา,434,19611,450,81811
2567,เพาะเลี้ยงกุ้งทะเล,สมุทรสงคราม,พัฒนา,84,1529,3126,528542
2567,เพาะเลี้ยงกุ้งทะเล,สมุทรสาคร,กึ่งพัฒนา,671,14451,1046,170546
2567,เพาะเลี้ยงกุ้งทะเล,สมุทรสาคร,พัฒนา,776,5357,11549,1743445
2567,เพาะเลี้ยงกุ้งทะเล,สุพรรณบุรี,กึ่งพัฒนา,1307,13153,5325,782389
2567,เพาะเลี้ยงกุ้งทะเล,สุพรรณบุรี,พัฒนา,374,4428,5194,675938
2567,เพาะเลี้ยงกุ้งทะเล,สุราษฎร์ธานี,พัฒนา,688,16579,59832,10263866
2567,เพาะเลี้ยงกุ้งทะเล,อุดรธานี,พัฒนา,2,10,6,1105
