iso2,size_log,growth,volatility,active_share,uv_log,hhi,mix_0301,mix_0302,mix_0303,mix_0304,mix_0305,mix_0306,mix_0307,mix_0308,mix_1604,mix_1605,gdppc_log,pop_log,name_en,region,income,window_end,cluster,cluster_name
AE,19.770073753573847,-0.2715427196294151,0.4219767088393363,1.0,1.2761242568409938,0.7343133556225877,0.0041519732206387,0.0,0.1203494466023337,0.0066251964473008,0.0002818219184406,0.0077648310530273,0.0098148861560927,0.0,0.8482948474007042,0.0027169972014616,10.825233629406076,16.21216870219821,United Arab Emirates,"Middle East, North Africa, Afghanistan & Pakistan",High income,2026-04-01,0,A ตลาดหลัก: ใหญ่ ต่อเนื่อง ผันผวนต่ำ
AL,15.997724233555273,-0.0566391668301876,0.6863870538318819,0.9444444444444444,1.1963375544698815,0.999965156584042,0.0,1.742201150559241e-05,0.0,0.0,0.0,0.0,0.0,0.0,0.9999825779884944,0.0,9.33908608205352,14.681403594282491,Albania,Europe & Central Asia,Upper middle income,2026-04-01,1,B ตลาดปลากระป๋องราคาต่ำที่หดตัว
AO,16.205750751630063,0.1873594331633336,0.5784536583505436,0.9722222222222222,1.2506465631738788,1.0,0.0,0.0,0.0,0.0,0.0,0.0,0.0,0.0,1.0,0.0,7.908688219370273,17.450088223021286,Angola,Sub-Saharan Africa ,Lower middle income,2026-04-01,1,B ตลาดปลากระป๋องราคาต่ำที่หดตัว
AR,17.84432215730659,-0.4119438880311419,0.8293992207323018,0.9722222222222222,1.0819484555754568,0.9994502405046736,0.0002160411869199,0.0,0.0,0.0,0.0,3.7366366871693026e-05,2.153425725339406e-05,0.0,0.9997250581889552,0.0,9.54465196611633,17.637524804192147,Argentina,Latin America & Caribbean ,Upper middle income,2026-04-01,1,B ตลาดปลากระป๋องราคาต่ำที่หดตัว
AU,20.64440734825654,0.1259520244948958,0.1139761521550788,1.0,1.7265612855572705,0.6453666086739386,0.0008843697065013,0.0,0.0003952227360819,0.0065617853861549,0.0032068360860987,0.0866729756420538,0.037484757185562,0.0001621641939972,0.7946699425227429,0.0699619465408069,11.07612426778588,17.11851743566828,Australia,East Asia & Pacific,High income,2026-04-01,0,A ตลาดหลัก: ใหญ่ ต่อเนื่อง ผันผวนต่ำ
BA,17.09561470823734,0.3585001453577353,0.8526384375105847,0.9166666666666666,1.2795170341058248,1.0,0.0,0.0,0.0,0.0,0.0,0.0,0.0,0.0,1.0,0.0,9.148242542306251,14.96742756674621,Bosnia and Herzegovina,Europe & Central Asia,Upper middle income,2026-04-01,2,C ตลาดโตเร็ว ราคาต่อกก. สูง
BB,16.542755803913327,0.3212378745938081,0.4007499965940665,1.0,1.411237360518501,1.0,0.0,0.0,0.0,0.0,0.0,0.0,0.0,0.0,1.0,0.0,10.19977747853431,12.551317008586036,Barbados,Latin America & Caribbean ,High income,2026-04-01,2,C ตลาดโตเร็ว ราคาต่อกก. สูง
BD,15.06376323436698,0.0229963627908209,0.8226083092053353,1.0,1.3834300148531833,0.2100727732633221,0.2683454564777031,0.019809358808712,0.181693935419764,0.017925918786751,0.0014156698497119,0.2711325318387271,0.007431800685237,0.0718096689908595,0.1600317985721851,0.0004038605703487,7.860731249643071,18.972047539451584,Bangladesh,South Asia,Lower middle income,2026-04-01,2,C ตลาดโตเร็ว ราคาต่อกก. สูง
BE,15.867288954274194,0.2963408755402096,0.450298193712855,1.0,1.2206412624204914,0.7894212529821112,0.0168342033157036,0.0,0.0328262099926825,0.0065698780897631,0.0057320502751422,0.015135457570163,0.0090556628007185,0.0,0.8871066300277907,0.0267399079280362,10.943445088953794,16.288564743990783,Belgium,Europe & Central Asia,High income,2026-04-01,2,C ตลาดโตเร็ว ราคาต่อกก. สูง
BG,13.665534076204446,-0.2444623961206289,1.1875283573612316,0.8611111111111112,1.3268265472940983,0.6334388132601354,0.1851742588214132,0.0,0.0,0.0,0.0,0.0327493201428312,0.008771925717472,0.0,0.7733044953182835,0.0,9.775478981709472,15.67825972591434,Bulgaria,Europe & Central Asia,High income,2026-04-01,3,D ตลาดเล็ก ผันผวน ค้าไม่ต่อเนื่อง
BH,16.062923186097972,-0.1662728869898233,0.576977286901692,1.0,1.1801103940414128,0.5120449419994689,0.0418220110805155,1.3984247461692492e-05,0.2820648822531467,0.0065870228986407,0.0018063702762776,0.005376975167723,0.0030051165676963,0.0001962990550873,0.6562333849023169,0.0028939535511339,10.299479345505455,14.278407746166064,Bahrain,"Middle East, North Africa, Afghanistan & Pakistan",High income,2026-04-01,1,B ตลาดปลากระป๋องราคาต่ำที่หดตัว
BN,15.655534025500462,0.1258177079364651,0.470508978650714,1.0,1.8327420415779967,0.4383446959192688,0.0083816924924784,0.0,0.0099115616901315,0.0,0.0001941965971872,0.0640366915661681,4.9379308205420864e-05,0.0004097396612975,0.5410173042442536,0.3759994344402778,10.408902783226198,13.04487955964431,Brunei Darussalam,East Asia & Pacific,High income,2026-04-01,2,C ตลาดโตเร็ว ราคาต่อกก. สูง
BR,16.47154762460359,-0.2993668835940334,1.037115069344103,0.9444444444444444,0.9280020499925726,0.9981949477976166,0.0005586611598802,0.0,0.0,0.0,0.0,0.0,0.0,0.0,0.9990968506722596,0.0003444881678602,9.240922795514305,19.17209010148156,Brazil,Latin America & Caribbean ,Upper middle income,2026-04-01,1,B ตลาดปลากระป๋องราคาต่ำที่หดตัว
BS,16.377374830595524,0.1231140510570996,0.8157714629258704,0.8611111111111112,1.278080325902483,1.0,0.0,0.0,0.0,0.0,0.0,0.0,0.0,0.0,1.0,0.0,10.5829273815058,12.902422193035248,"Bahamas, The",Latin America & Caribbean ,High income,2026-04-01,3,D ตลาดเล็ก ผันผวน ค้าไม่ต่อเนื่อง
BT,13.129773712921544,0.4935795470057446,0.7249280862080881,1.0,0.6062551166401993,0.9516007920626932,0.0,0.0,0.0,0.0,0.0,0.0248154084659871,0.0,0.0,0.9751845915340128,0.0,8.349496415043264,13.581715480016586,Bhutan,South Asia,Lower middle income,2026-04-01,1,B ตลาดปลากระป๋องราคาต่ำที่หดตัว
CA,20.260498376485117,0.0906984656471704,0.133657154999283,1.0,1.7146336565722256,0.5275902914319297,0.0034166015210928,0.0,0.0034993018435859,0.0278021276442767,0.0026330245789567,0.1044872380349893,0.0616796461129312,0.0,0.7103889791998919,0.0860930810642753,10.915373999659543,17.53546051093627,Canada,North America,High income,2026-04-01,0,A ตลาดหลัก: ใหญ่ ต่อเนื่อง ผันผวนต่ำ
CG,15.710088218330116,0.2621061770542514,0.7519986696019559,0.8333333333333334,0.5992326015137873,0.9999663117282872,1.6844419590825396e-05,0.0,0.0,0.0,0.0,0.0,0.0,0.0,0.9999831555804092,0.0,7.81692028097681,15.661278457260751,"Congo, Rep.",Sub-Saharan Africa ,Lower middle income,2026-04-01,3,D ตลาดเล็ก ผันผวน ค้าไม่ต่อเนื่อง
CH,18.51315255769508,0.0742619650067368,0.3189268689615498,1.0,1.6635457755647638,0.9805444393953286,0.0002041828694777,0.0,0.000104297487446,0.0004764469589424,0.0009774923564471,0.0013715221533532,0.0060722581636725,0.0,0.9902040714730148,0.0005897285376458,11.5871240453218,16.013355165264404,Switzerland,Europe & Central Asia,High income,2026-04-01,0,A ตลาดหลัก: ใหญ่ ต่อเนื่อง ผันผวนต่ำ
CI,13.332954167438954,1.1069932521531336,1.4798970797062856,0.6666666666666666,1.0842269515817726,0.7428565909836145,0.0710483118405862,0.0,0.0,0.0,0.0727235840959828,0.0003543498679754,0.0,0.0,0.8558737541954554,0.0,7.911284986702227,17.279189033210702,Cote d'Ivoire,Sub-Saharan Africa ,Lower middle income,2026-04-01,3,D ตลาดเล็ก ผันผวน ค้าไม่ต่อเนื่อง
CL,19.029722115506942,0.465922092418416,0.3692009854811026,1.0,1.3531362509639349,0.976554232331465,0.0,0.0,0.0,0.0,0.0,0.0030110928659754,0.000507367258908,0.0,0.9881678964440116,0.0083136434311049,9.720703805270718,16.799411668508693,Chile,Latin America & Caribbean ,High income,2026-04-01,0,A ตลาดหลัก: ใหญ่ ต่อเนื่อง ผันผวนต่ำ
CN,20.963504134874192,0.0457466899173687,0.1618141709938474,1.0,1.7823903201622104,0.4870295319546246,0.0132697804038077,1.6103807023209515e-06,0.0575925055478616,0.0060692573994433,0.0013288984801778,0.6795091601329296,0.112635082354513,0.008316413994549,0.0894078341337081,0.0318694571723074,9.495001603298617,21.066128326625343,China,East Asia & Pacific,Upper middle income,2026-04-01,0,A ตลาดหลัก: ใหญ่ ต่อเนื่อง ผันผวนต่ำ
CR,16.14230613114642,0.2234663621479379,0.6720596439104795,0.9722222222222222,1.1021195210639767,0.8015989792649485,0.0,0.0,0.1116709003532258,0.0,0.0,0.0,0.0,0.0,0.8883290996467742,0.0,9.844442335303391,15.450598673133408,Costa Rica,Latin America & Caribbean ,High income,2026-04-01,1,B ตลาดปลากระป๋องราคาต่ำที่หดตัว
CY,16.378034798975797,0.0741063577107256,0.5591909793875647,1.0,1.7863147983783108,0.5462473246604027,0.0122825235380558,0.0,0.0,0.0,0.0,0.0299285736472586,0.6909056080618252,0.0,0.2603999850211647,0.0064833097316954,10.56293089894196,14.121731223863836,Cyprus,Europe & Central Asia,High income,2026-04-01,2,C ตลาดโตเร็ว ราคาต่อกก. สูง
CZ,14.230402372069255,0.2178435662368713,0.855800449705871,1.0,1.832618214519924,0.4112279016261926,0.4878027977518496,0.0,0.0,0.0,3.2934732679559364e-06,0.0619291122033152,0.032531207247504,0.0,0.4102770251777136,0.0074565641463494,10.368093994821676,16.2047345252441,Czechia,Europe & Central Asia,High income,2026-04-01,2,C ตลาดโตเร็ว ราคาต่อกก. สูง
DE,17.845164062971325,0.2966648436778347,0.3533571107024018,1.0,1.8894378224540156,0.4125736404196558,0.0244571494775812,0.0,0.0,0.00613837306972,0.0152814435759139,0.0103553483504208,0.1785822026845854,0.0,0.591100580825479,0.1740849020162995,10.934957619034956,18.24055588864204,Germany,Europe & Central Asia,High income,2026-04-01,0,A ตลาดหลัก: ใหญ่ ต่อเนื่อง ผันผวนต่ำ
DK,16.610760075599927,-0.4132356753314173,0.6507036418357638,1.0,1.6288875830764864,0.7110079620772658,0.0003757705267774,0.0,0.0,3.0554701468139908e-06,0.0,3.348430638334222e-05,0.0132487118147056,0.0,0.8281321747239415,0.1582068031580452,11.170808089674908,15.603427989341384,Denmark,Europe & Central Asia,High income,2026-04-01,1,B ตลาดปลากระป๋องราคาต่ำที่หดตัว
DO,17.43638114783301,-0.1625552062613458,0.3932585899631259,1.0,1.1901706752076175,0.9979347317422712,0.0009790021717199,0.0,0.0,0.0,0.0,5.464688810121123e-05,0.0,0.0,0.9989663509401788,0.0,9.294282713351858,16.25153827714322,Dominican Republic,Latin America & Caribbean ,Upper middle income,2026-04-01,1,B ตลาดปลากระป๋องราคาต่ำที่หดตัว
EE,15.92148915788126,0.0237693294695219,0.3030397652470463,1.0,2.419062296515105,0.910983764734946,0.0,0.0,0.0,0.0,0.9533121246640917,0.0,0.0,0.0,0.0466878753359083,0.0,10.35546578294303,14.132028598660506,Estonia,Europe & Central Asia,High income,2026-04-01,2,C ตลาดโตเร็ว ราคาต่อกก. สูง
EG,19.65882653914673,0.8256376818331236,0.4615663687090177,1.0,1.0582678575572682,0.994214364480218,0.0004971250583599,0.0,0.0,0.0013550885212402,0.0,0.0010256363378129,4.441524632500304e-06,0.0,0.9971014135316636,1.629502629086093e-05,8.113269008603684,18.57373017191003,"Egypt, Arab Rep.","Middle East, North Africa, Afghanistan & Pakistan",Lower middle income,2026-04-01,0,A ตลาดหลัก: ใหญ่ ต่อเนื่อง ผันผวนต่ำ
ES,17.132269342017995,-0.7588894208078044,1.1896424764794091,1.0,1.4040401432480936,0.6677606960000174,0.0238164765695712,0.0,0.0911433870662971,0.0175140114982757,1.5231308206095527e-06,0.0021056722494917,0.0014197421774291,0.0,0.8097070641115637,0.0542921231965507,10.472396264528529,17.7042411900094,Spain,Europe & Central Asia,High income,2026-04-01,1,B ตลาดปลากระป๋องราคาต่ำที่หดตัว
FI,16.944439777690558,0.240876605626939,0.5598483622148154,1.0,1.5327285340742034,0.9978679033876356,0.0008078191770837,0.0,0.0,0.0,1.97072149060619e-07,0.0001471123679828,0.0001118322518961,0.0,0.9989330391308882,0.0,10.880977707897094,15.541826385445546,Finland,Europe & Central Asia,High income,2026-04-01,2,C ตลาดโตเร็ว ราคาต่อกก. สูง
FJ,15.423864613437573,-1.5174008990995644,1.189435777820628,0.8888888888888888,1.1051393320711551,0.951817680940226,0.0,1.998164551313869e-07,0.0,0.0,0.0,0.0208357689592733,0.0035588582036144,0.0,0.9753824053031164,0.0002227677175408,8.768067314334736,13.741631482688586,Fiji,East Asia & Pacific,Upper middle income,2026-04-01,1,B ตลาดปลากระป๋องราคาต่ำที่หดตัว
FM,15.46813342133686,-0.0690177667560492,0.5150692620796942,1.0,1.4507168403327448,0.9946542094369208,0.0,0.0,0.0,0.0,0.0,0.0,0.0,0.0,0.9973199218998374,0.0026800781001625,8.35507195381394,11.636558025415503,"Micronesia, Fed. Sts.",East Asia & Pacific,Upper middle income,2026-04-01,2,C ตลาดโตเร็ว ราคาต่อกก. สูง
FR,17.032941030854357,0.3257579278682066,0.8322309810962001,1.0,1.702765993354703,0.52430985761,0.0717138872582095,7.530756731892698e-06,0.0406947256762241,0.005243573374764,0.0064257662653661,0.0318701502717238,0.0298383050615132,0.0,0.7104760218938103,0.1037300394416567,10.738635126651344,18.043098077467423,France,Europe & Central Asia,High income,2026-04-01,2,C ตลาดโตเร็ว ราคาต่อกก. สูง
GB,18.90420993655886,0.0571429688386735,0.24289494437146,1.0,1.8574494618041515,0.5223138614338392,0.0059447840769136,0.0,0.0123370401708387,0.0004808675241927,0.0077967823191675,0.105318274159132,0.0938234019292475,0.0,0.7052698214032459,0.0690290284172619,10.88446641515752,18.05368125629442,United Kingdom,Europe & Central Asia,High income,2026-04-01,0,A ตลาดหลัก: ใหญ่ ต่อเนื่อง ผันผวนต่ำ
GE,16.127271696684566,0.6640117680310859,0.6232091128505031,1.0,1.33799594553223,0.998142082640476,0.0006338940901463,0.0,0.0,0.0,1.770281062866291e-06,0.000214345008828,3.923432719425369e-06,0.0,0.9990703824697598,7.56847174836439e-05,9.101381752721446,15.153800421198136,Georgia,Europe & Central Asia,Upper middle income,2026-04-01,2,C ตลาดโตเร็ว ราคาต่อกก. สูง
GH,16.109968349232307,0.7339969120705082,0.8975486891159433,0.9166666666666666,1.2306053128189505,0.9775776530427784,0.002186896940964,0.0,0.0,0.0,0.0054912352597476,0.0036208988753144,0.0,0.0,0.988700968923974,0.0,7.791213625590123,17.354363723577247,Ghana,Sub-Saharan Africa ,Lower middle income,2026-04-01,2,C ตลาดโตเร็ว ราคาต่อกก. สูง
GR,16.95089826991773,0.1483352166608725,0.6389282079725942,1.0,1.7123688193009894,0.924932112936933,1.5028600520472148e-05,0.0,0.0,0.0,0.0,0.001304486751714,0.0,0.0,0.9609943638354538,0.0376861208123117,10.11156409179176,16.15780989615078,Greece,Europe & Central Asia,High income,2026-04-01,2,C ตลาดโตเร็ว ราคาต่อกก. สูง
GT,16.457244973342757,-0.171424259788546,0.4067873162257897,1.0,0.9189927759845518,1.0,0.0,0.0,0.0,0.0,0.0,0.0,0.0,0.0,1.0,0.0,8.724352822222906,16.72820676070013,Guatemala,Latin America & Caribbean ,Upper middle income,2026-04-01,1,B ตลาดปลากระป๋องราคาต่ำที่หดตัว
GU,14.591785122150752,-0.0582360397611924,0.8073897470087803,0.8888888888888888,1.5751690018457496,0.9153132651098008,0.0138231539089615,0.0,0.0,0.0,0.0,0.0,0.0,0.0,0.9561487860883822,0.0300280600026562,,12.030390995682554,Guam,East Asia & Pacific,High income,2026-04-01,2,C ตลาดโตเร็ว ราคาต่อกก. สูง
GY,15.58533478554985,0.375896528120093,0.5446924940732136,0.9722222222222222,0.925463103762446,1.0,0.0,0.0,0.0,0.0,0.0,0.0,0.0,0.0,1.0,0.0,10.29806864937607,13.630489761498437,Guyana,Latin America & Caribbean ,High income,2026-04-01,1,B ตลาดปลากระป๋องราคาต่ำที่หดตัว
HK,19.26961105694632,-0.0369823156346334,0.123062241624141,1.0,1.8367768550480288,0.2400634173052553,0.0059103233962345,0.0444649738507446,0.0390428868094661,0.0262841878076459,0.043716531150074,0.3706100890726326,0.0566904735674049,0.0032238001611299,0.2731301564221393,0.1369265777625277,10.901814476573362,15.8336217601175,"Hong Kong SAR, China",East Asia & Pacific,High income,2026-04-01,0,A ตลาดหลัก: ใหญ่ ต่อเนื่อง ผันผวนต่ำ
HN,16.081485720623707,0.1216259971374638,0.6370653973387597,0.9444444444444444,0.9322930147920032,1.0,0.0,0.0,0.0,0.0,0.0,0.0,0.0,0.0,1.0,0.0,8.136213926962379,16.19743377200745,Honduras,Latin America & Caribbean ,Lower middle income,2026-04-01,1,B ตลาดปลากระป๋องราคาต่ำที่หดตัว
HU,13.896230877852943,0.342917243899623,1.0755867774254522,0.9722222222222222,2.0734205883869583,0.3814858859468535,0.1657131250170987,0.0,0.0,0.0,0.0,0.0641923594248861,0.0145741410373331,0.0,0.5570455232341391,0.1984748512865426,10.056442442753424,16.07331426588614,Hungary,Europe & Central Asia,High income,2026-04-01,2,C ตลาดโตเร็ว ราคาต่อกก. สูง
ID,16.663606996156506,0.4284156049561926,0.461039674407856,1.0,1.370238463481383,0.7496106042786931,0.024933998504225,0.0,0.048684935133633,0.0009895468109914,0.0035717503389449,0.0,0.0,0.0,0.8619891143286861,0.0598306548835194,8.502168168954181,19.46268010879732,Indonesia,East Asia & Pacific,Upper middle income,2026-04-01,2,C ตลาดโตเร็ว ราคาต่อกก. สูง
IE,15.153982996455069,0.3301150183727304,0.898984269325543,0.8888888888888888,1.7928153396076865,0.7857260538725623,0.0069956941980128,0.0,0.0144497138238999,0.0,9.286758819800716e-05,0.0974769023822471,9.518322002129052e-05,0.0,0.8808896387876208,0.0,11.634213047994296,15.501129577835645,Ireland,Europe & Central Asia,High income,2026-04-01,2,C ตลาดโตเร็ว ราคาต่อกก. สูง
IL,19.556751200576223,0.1033932846689016,0.3475949187101141,1.0,1.4704343967069056,0.941920751294279,0.003099657365412,0.0,0.0002762344629334,0.0,0.0027968302685538,0.0082264022475287,0.0095426858673876,0.0,0.97041883015992,0.005639359628264,10.9007409714981,16.11831562676187,Israel,"Middle East, North Africa, Afghanistan & Pakistan",High income,2026-04-01,0,A ตลาดหลัก: ใหญ่ ต่อเนื่อง ผันผวนต่ำ
IN,15.849145781730684,0.6383588969915599,0.6270651680385221,1.0,1.5749216277744882,0.3014245652778372,0.3949658305529204,0.0,0.0835850934308532,0.1103282441044318,7.9297778013118e-05,0.0420773856991703,0.0163442820309955,0.0,0.352462899910706,0.0001569664929093,7.860181840149165,21.09547455831868,India,South Asia,Lower middle income,2026-04-01,2,C ตลาดโตเร็ว ราคาต่อกก. สูง
IQ,17.242409702625558,-0.3721484291155998,0.6027856154517196,0.9722222222222222,1.2361246774099457,0.8498413507768159,0.0183200642688937,0.0,0.0620342967749829,0.0,0.0,3.720737629834748e-05,1.206875775022816e-05,0.0,0.9195963628220748,0.0,8.711708488695376,17.645064907150424,Iraq,"Middle East, North Africa, Afghanistan & Pakistan",Upper middle income,2026-04-01,1,B ตลาดปลากระป๋องราคาต่ำที่หดตัว
IR,14.98972676235199,0.2156605682525397,0.8974190983606705,0.9444444444444444,2.0314268100944335,0.5031113315216547,0.5570708825287665,0.0,0.0,0.0,0.0,0.0004541078386018,0.0032227682651002,0.0001933232971213,0.4390589180704101,0.0,8.554521651974477,18.33258956236535,"Iran, Islamic Rep.","Middle East, North Africa, Afghanistan & Pakistan",Upper middle income,2026-04-01,2,C ตลาดโตเร็ว ราคาต่อกก. สูง
IS,15.217326925522892,-0.2103738658900759,0.9559883667477154,0.8055555555555556,1.5856021958750552,0.8097046355299842,0.0,0.0,0.1064872076221763,0.0,0.0,0.0,0.0,0.0,0.8935127923778236,0.0,11.360510004663812,12.864902670821849,Iceland,Europe & Central Asia,High income,2026-04-01,3,D ตลาดเล็ก ผันผวน ค้าไม่ต่อเนื่อง
IT,19.55871342577548,0.3027104326316188,0.3081191640706107,1.0,2.0354654132048515,0.6099075263461741,0.0015991424558361,0.0,0.051817989245575,0.0095654825814033,0.0005347570680204,0.0381255083735559,0.7727763767296271,0.0,0.0801963515370715,0.0453843920089103,10.607318023109016,17.892246053276516,Italy,Europe & Central Asia,High income,2026-04-01,0,A ตลาดหลัก: ใหญ่ ต่อเนื่อง ผันผวนต่ำ
JM,17.373606418393972,0.5404767245182239,0.4255148948903456,1.0,0.9873623623320218,1.0,0.0,0.0,0.0,0.0,0.0,0.0,0.0,0.0,1.0,0.0,8.955939866294782,14.85902407497839,Jamaica,Latin America & Caribbean ,Upper middle income,2026-04-01,0,A ตลาดหลัก: ใหญ่ ต่อเนื่อง ผันผวนต่ำ
JO,17.94705971071099,0.3298603738657683,0.4453800297412863,1.0,1.388596615298682,0.9628793900206858,0.0068178029779119,0.0,0.0096176557115539,0.0005299133035586,0.0003473178954468,0.0008610336236817,3.165980741943631e-05,0.0,0.9811925917110852,0.0006020249693423,8.531869177574379,16.26244496826465,Jordan,"Middle East, North Africa, Afghanistan & Pakistan",Upper middle income,2026-04-01,0,A ตลาดหลัก: ใหญ่ ต่อเนื่อง ผันผวนต่ำ
JP,21.696558672478183,-0.1227673455209319,0.1236045828644619,1.0,1.9175465293555896,0.2643974806048073,0.0009680505622677,6.722729860117801e-07,0.0171143114179621,0.1328219244467909,0.0130294107518056,0.0947107082352839,0.0636683878395073,0.0071529391340191,0.4001112925274757,0.2704223028119014,10.428130321249062,18.635593482873812,Japan,East Asia & Pacific,High income,2026-04-01,0,A ตลาดหลัก: ใหญ่ ต่อเนื่อง ผันผวนต่ำ
KE,15.104317779947428,-0.9783995897142344,1.1270482700241689,0.9722222222222222,1.2470042083395518,0.9673927585663874,0.0165082019702721,0.0,0.0,0.0,0.0,6.08217374317137e-05,8.262467491369197e-06,0.0,0.9834227138248048,0.0,7.665501260444164,17.84856365941559,Kenya,Sub-Saharan Africa ,Lower middle income,2026-04-01,1,B ตลาดปลากระป๋องราคาต่ำที่หดตัว
KH,19.041704933019545,-0.8524260595485654,0.4650524889103636,1.0,0.7722729601740322,0.523839891777101,0.0016981440952808,0.0412250078765324,0.0479139145467069,0.0047506762794634,0.0048604638099826,0.0266225029764983,0.1017705057061535,0.000406582732687,0.710722019463332,0.0600301825133627,7.873932601373376,16.685611635711275,Cambodia,East Asia & Pacific,Lower middle income,2026-04-01,1,B ตลาดปลากระป๋องราคาต่ำที่หดตัว
KR,19.90133718121377,-0.0599997531181493,0.1206734252834871,1.0,1.92342331313362,0.2217360371789866,0.0055180279331994,6.969218046192888e-05,0.0096321327734754,0.0345608168426685,0.0119334464779741,0.1848709277920236,0.3133472541125719,0.0514179597716612,0.1245249094203889,0.2641248326955748,10.497881229328884,17.761955569608137,"Korea, Rep.",East Asia & Pacific,High income,2026-04-01,0,A ตลาดหลัก: ใหญ่ ต่อเนื่อง ผันผวนต่ำ
KW,17.794232779964215,0.0713742939767442,0.390992479871521,0.9722222222222222,1.4483154212691076,0.895767229770689,0.0093443606792626,0.0,0.0307240244073963,0.0066541025171917,0.0028770460901637,0.0044430818181811,7.0702755219068965e-06,0.0,0.945866610316439,8.37038958434189e-05,10.399881163053545,15.404187035593148,Kuwait,"Middle East, North Africa, Afghanistan & Pakistan",High income,2026-04-01,0,A ตลาดหลัก: ใหญ่ ต่อเนื่อง ผันผวนต่ำ
KZ,14.665814497422115,0.2303228906558194,1.1912013837576751,0.8333333333333334,1.1487330375331388,0.8033949620388238,0.093063266129587,0.0,0.0,0.0,0.0,0.0153145334656783,0.0002751412307283,0.0,0.8913470591740061,0.0,9.55779723435538,16.840440937648825,Kazakhstan,Europe & Central Asia,Upper middle income,2026-04-01,3,D ตลาดเล็ก ผันผวน ค้าไม่ต่อเนื่อง
LA,17.730334873237624,0.6567823841608236,0.35663163990082,1.0,0.8318076644976846,0.3684806284718998,0.1536653669593273,0.0607993075020769,0.0336398897305966,0.0010599902559236,0.0108555594609903,0.0733688825228917,0.0547040177554969,0.0011809669874983,0.574668009872549,0.0360580089526492,7.661046539634995,15.865757427349209,Lao PDR,East Asia & Pacific,Lower middle income,2026-04-01,0,A ตลาดหลัก: ใหญ่ ต่อเนื่อง ผันผวนต่ำ
LB,18.096856588452837,0.2839273034577848,0.4992915178252377,1.0,1.4518842574300157,0.9698459316444225,0.0010811606419696,0.0,0.000542844885685,0.0,2.766329039756917e-07,0.0010697451213552,0.005126317770107,0.0,0.9847649806793638,0.0074146742686151,8.405875264327408,15.574395878591798,Lebanon,"Middle East, North Africa, Afghanistan & Pakistan",Lower middle income,2026-04-01,0,A ตลาดหลัก: ใหญ่ ต่อเนื่อง ผันผวนต่ำ
LC,15.862779243129092,0.4283991104552447,0.603874139580693,0.9166666666666666,1.5757395001712218,1.0,0.0,0.0,0.0,0.0,0.0,0.0,0.0,0.0,1.0,0.0,9.581466485892776,12.09928889533216,St. Lucia,Latin America & Caribbean ,Upper middle income,2026-04-01,2,C ตลาดโตเร็ว ราคาต่อกก. สูง
LK,17.433062251724603,0.4820316987104517,0.6750791827540925,1.0,0.6399114484117449,0.8611459490904527,0.0027047576378873,0.0,0.0,0.0,0.9266854723344108,0.0201455420343079,0.0,0.0063441982357853,0.0441200297576085,0.0,8.42186222651125,16.902727521640443,Sri Lanka,South Asia,Upper middle income,2026-04-01,1,B ตลาดปลากระป๋องราคาต่ำที่หดตัว
LY,20.0486502955448,0.095493106021566,0.2419466342708052,1.0,1.3778581680208135,0.9996964027769112,0.0001495210952912,0.0,0.0,0.0,0.0,2.1432360226814428e-06,1.5698567469567584e-07,0.0,0.9998481786830116,0.0,8.790141871540236,15.814422804856262,Libya,"Middle East, North Africa, Afghanistan & Pakistan",Upper middle income,2026-04-01,0,A ตลาดหลัก: ใหญ่ ต่อเนื่อง ผันผวนต่ำ
MA,11.790325667190736,1.6376351257134392,2.794500442875974,0.7222222222222222,1.9329344105475803,0.4889014153527081,0.5170573693647759,0.0,0.0,0.0,0.0,0.0076802477325034,0.0046537895087393,0.0,0.4706085933939813,0.0,8.331633036645623,17.455230570984448,Morocco,"Middle East, North Africa, Afghanistan & Pakistan",Lower middle income,2026-04-01,3,D ตลาดเล็ก ผันผวน ค้าไม่ต่อเนื่อง
ME,15.254215220025047,0.206029859705823,1.268929161063623,0.75,1.2488126668186137,1.0,0.0,0.0,0.0,0.0,0.0,0.0,0.0,0.0,1.0,0.0,9.493274875543763,13.34314413952935,Montenegro,Europe & Central Asia,Upper middle income,2026-04-01,3,D ตลาดเล็ก ผันผวน ค้าไม่ต่อเนื่อง
MH,14.69971535334932,0.2722163738754456,0.9968498489113604,0.8333333333333334,1.410998906166121,1.0,0.0,0.0,0.0,0.0,0.0,0.0,0.0,0.0,1.0,0.0,8.934624344776042,10.533375393456884,Marshall Islands,East Asia & Pacific,Upper middle income,2026-04-01,3,D ตลาดเล็ก ผันผวน ค้าไม่ต่อเนื่อง
MK,16.570528734852246,0.2811583627587662,0.6576068053645086,1.0,1.3148264998519543,0.9953674702891734,0.0022650555362657,0.0,0.0,0.0,0.0,4.001093631623232e-05,1.6459297965996436e-05,0.0,0.997678474229452,0.0,9.136893661523072,14.416739250425303,North Macedonia,Europe & Central Asia,Upper middle income,2026-04-01,2,C ตลาดโตเร็ว ราคาต่อกก. สูง
MM,18.701826790328383,0.1768538404292555,0.1936929252008722,1.0,0.6791172639542356,0.4029691465365969,0.0127731096020666,0.0652189254706855,0.0224088506644079,0.0106989199825739,0.00601871181591,0.5468521376985568,0.0126050491364137,1.8330467731246473e-06,0.3140142929401942,0.0094081696424178,7.214541216712384,17.81371292935685,Myanmar,East Asia & Pacific,Lower middle income,2026-04-01,0,A ตลาดหลัก: ใหญ่ ต่อเนื่อง ผันผวนต่ำ
MN,15.58081569874146,1.1841820187820684,0.9688715601802436,0.8055555555555556,1.4268420301186509,0.9994148921129806,0.0,0.0,0.0,0.0,0.0,0.0,0.0,0.0,0.9997073604185656,0.0002926395814342,8.81739112999449,15.07533085057594,Mongolia,East Asia & Pacific,Upper middle income,2026-04-01,3,D ตลาดเล็ก ผันผวน ค้าไม่ต่อเนื่อง
MO,14.677174035979174,0.1593332116103428,0.2683703703226516,1.0,2.108623814390279,0.7495613484060755,0.0,0.000190311328485,0.0,4.878131147578757e-06,4.900099002404607e-06,0.8588000246619589,0.0029162432896003,0.0,0.104268083776819,0.0338155587129868,11.184487280578905,13.440089571204489,"Macao SAR, China",East Asia & Pacific,High income,2026-04-01,2,C ตลาดโตเร็ว ราคาต่อกก. สูง
MT,13.046472348241156,0.4016233154414765,1.7132057377875471,0.8888888888888888,1.64193375149532,0.6295217592784956,0.238920537981856,0.0,0.0,0.0,0.0,0.0037475083750953,0.0007447892800367,0.0,0.7565871643630118,0.0,10.692481907506956,13.251366784155945,Malta,"Middle East, North Africa, Afghanistan & Pakistan",High income,2026-04-01,3,D ตลาดเล็ก ผันผวน ค้าไม่ต่อเนื่อง
MU,15.82777528767594,0.0499229396968472,0.4406829143618049,1.0,0.9372826519408476,0.608437446144028,0.027230895801264,0.0,0.0517241629947739,0.1518665663611001,0.0007281871707942,0.0056100480976911,0.0,0.0,0.7628401395743765,0.0,9.391906271952736,14.035271595021802,Mauritius,Sub-Saharan Africa ,Upper middle income,2026-04-01,1,B ตลาดปลากระป๋องราคาต่ำที่หดตัว
MV,14.10089294266001,-0.1546702623327464,1.1728362191578856,0.9722222222222222,0.9131314455538396,0.4092570175984705,0.0548211429096254,0.0,0.2967491510520529,0.0079935908919872,0.0,0.0105909789605619,0.0625206688209722,0.0,0.5604095690286943,0.0069148983361059,9.501467854011016,13.176470808392498,Maldives,South Asia,Upper middle income,2026-04-01,1,B ตลาดปลากระป๋องราคาต่ำที่หดตัว
MX,17.178906570607538,0.7254034092235397,0.5908636490131679,1.0,1.742765570907023,0.493640437471097,0.0283584511379456,0.0,0.1355993356020841,0.0,0.0,4.191832789084046e-07,0.0,2.7694067346046863e-05,0.1680177828049862,0.6679963172043589,9.545958127526983,18.689646302623085,Mexico,Latin America & Caribbean ,Upper middle income,2026-04-01,2,C ตลาดโตเร็ว ราคาต่อกก. สูง
MY,19.38537432762496,-0.1879985794197569,0.1379435689314053,1.0,0.3295589477178608,0.2281724926184768,0.0201036031827197,0.3041534958985641,0.0103155894998972,0.0488745631661277,0.0376058875709107,0.1784856499946216,0.073709722168866,0.0025671146846571,0.3061495661201289,0.0180348077135066,9.382142406133784,17.38666652777361,Malaysia,East Asia & Pacific,Upper middle income,2026-04-01,0,A ตลาดหลัก: ใหญ่ ต่อเนื่อง ผันผวนต่ำ
MZ,16.12306111938993,0.3048245054490707,0.5658564533438988,1.0,0.8137805481271407,0.9999289567764638,0.0,0.0,0.0,0.0,3.5522873642796605e-05,0.0,0.0,0.0,0.9999644771263572,0.0,6.487647714306249,17.36028191132437,Mozambique,Sub-Saharan Africa ,Low income,2026-04-01,1,B ตลาดปลากระป๋องราคาต่ำที่หดตัว
NA,16.737392700982074,-0.604754844747118,0.7734327710980055,0.8888888888888888,0.8075335053914203,0.999971034888983,1.4482765258914166e-05,0.0,0.0,0.0,0.0,0.0,0.0,0.0,0.999985517234741,0.0,8.412243368186562,14.924116410874408,Namibia,Sub-Saharan Africa ,Lower middle income,2026-04-01,1,B ตลาดปลากระป๋องราคาต่ำที่หดตัว
NC,13.665161368806553,-0.3738070084830299,1.0683597845167607,0.9444444444444444,1.46941687549505,0.592400444655015,0.0137556521635024,0.0,0.0,0.0,0.0,0.0760105050179369,0.0228449931918827,0.0,0.7536801106769553,0.1337087389497226,10.28237567798587,12.586695046451004,New Caledonia,East Asia & Pacific,High income,2026-04-01,1,B ตลาดปลากระป๋องราคาต่ำที่หดตัว
NG,15.542314580753482,0.3558677064625558,0.4152244316184926,1.0,1.18838443668977,0.6768183721652739,0.0050320086455437,0.0,0.0,0.0,0.8070395328898488,0.0314210987649798,0.0,0.0,0.1565022617523852,5.097947242394026e-06,6.988561158182107,19.26517243357987,Nigeria,Sub-Saharan Africa ,Lower middle income,2026-04-01,2,C ตลาดโตเร็ว ราคาต่อกก. สูง
NI,15.999757881478075,0.3385937893479626,0.7218753635156029,0.8611111111111112,0.7360251900470846,1.0,0.0,0.0,0.0,0.0,0.0,0.0,0.0,0.0,1.0,0.0,7.954328870948547,15.749368368495412,Nicaragua,Latin America & Caribbean ,Lower middle income,2026-04-01,3,D ตลาดเล็ก ผันผวน ค้าไม่ต่อเนื่อง
NL,17.750914770925483,0.1130842700280039,0.3093102210031266,1.0,1.5436173125228891,0.7208165235580766,0.0081221199202438,0.0,0.0004431246179191,0.0081900502728938,0.0242173270807635,0.0155989186054251,0.055544001880605,0.0,0.8455632784724321,0.0423211791497173,11.11936897909982,16.705520305898293,Netherlands,Europe & Central Asia,High income,2026-04-01,0,A ตลาดหลัก: ใหญ่ ต่อเนื่อง ผันผวนต่ำ
NO,16.974851555656585,0.4127426482499456,0.5327253814353805,1.0,1.6272661781583195,0.887718197115796,0.0002205667165485,0.0,0.0386768232296753,0.0,0.0090271321772385,0.0052143778638909,0.0021814692306396,0.0,0.9413275613630644,0.0033520694189426,11.406330337720568,15.533314684415792,Norway,Europe & Central Asia,High income,2026-04-01,2,C ตลาดโตเร็ว ราคาต่อกก. สูง
NP,14.114024287143891,0.945688743799221,0.8595270703832458,1.0,1.5236863363971436,0.5491598127521438,0.2934989469727761,0.0,0.0024288267853857,0.0041738369472501,0.0,0.0099126838542359,0.003726358228334,0.0,0.6803289973737379,0.0059303498382801,7.286385106851251,17.2050082308369,Nepal,South Asia,Lower middle income,2026-04-01,2,C ตลาดโตเร็ว ราคาต่อกก. สูง
NZ,18.735891565260083,0.0174017775697787,0.2022552377408471,1.0,1.647913771777254,0.7011805017913281,0.0,0.0,6.702671133663294e-05,0.0080682018614079,0.0004391746898494,0.0355484861268532,0.0030755920547574,0.0,0.8270620542118768,0.1257394643439184,10.80836060284596,15.481328803834485,New Zealand,East Asia & Pacific,High income,2026-04-01,0,A ตลาดหลัก: ใหญ่ ต่อเนื่อง ผันผวนต่ำ
OM,17.359672443568826,-0.2928631522900483,0.537459219027261,1.0,1.2531844610832592,0.8597573671901481,0.0070777487101219,0.0,0.0520658311735994,0.0132199424534347,6.473755903093875e-06,0.0019803143348319,5.19339912931485e-06,0.0,0.9256444961729794,0.0,9.917648179744711,15.479727901145155,Oman,"Middle East, North Africa, Afghanistan & Pakistan",High income,2026-04-01,1,B ตลาดปลากระป๋องราคาต่ำที่หดตัว
PA,17.273261789072667,-0.1545226045951034,0.4212446332528463,1.0,1.1589492851996148,0.9928458699673128,0.0,0.0,0.0,0.0035441764371664,0.0,0.0,0.0,0.0,0.9964102100541236,4.561350870983306e-05,9.860643663443586,15.323043532902751,Panama,Latin America & Caribbean ,High income,2026-04-01,1,B ตลาดปลากระป๋องราคาต่ำที่หดตัว
PE,18.9518419819694,0.5508446097270812,0.4020269873633778,1.0,1.5151507320275444,0.9970032307677142,0.0007655703639886,0.0,4.939307888108344e-07,0.0,8.745161230195945e-07,4.878332160743856e-05,0.0006843159242647,0.0,0.9984999619432274,0.0,9.050910391136666,17.34825793725037,Peru,Latin America & Caribbean ,Upper middle income,2026-04-01,0,A ตลาดหลัก: ใหญ่ ต่อเนื่อง ผันผวนต่ำ
PF,14.832028392287658,0.0437152375875821,0.8777997943514408,0.75,1.3783718809769738,1.0,0.0,0.0,0.0,0.0,0.0,0.0,0.0,0.0,1.0,0.0,10.018595184694655,12.54897771845048,French Polynesia,East Asia & Pacific,High income,2026-04-01,3,D ตลาดเล็ก ผันผวน ค้าไม่ต่อเนื่อง
PG,16.762166283437374,0.6299879899900686,0.8894875628415024,0.9166666666666666,0.5328547132055031,0.9999226754375792,0.0,0.0,0.0,0.0,0.0,0.0,0.0,0.0,0.999961336223902,3.866377609806285e-05,7.976764147427887,16.174145305907796,Papua New Guinea,East Asia & Pacific,Lower middle income,2026-04-01,1,B ตลาดปลากระป๋องราคาต่ำที่หดตัว
PH,17.942604170097518,-0.1371721146376725,0.2742735254331579,1.0,1.2268797728620349,0.6363651285733223,0.0116241308109665,0.0,0.0221365878450674,0.1036321307975943,4.033487034303805e-06,0.037626940612528,0.0026054724402098,0.0009930038416714,0.7890049459055419,0.032372754259386,8.290366527436277,18.56775216772966,Philippines,East Asia & Pacific,Upper middle income,2026-04-01,0,A ตลาดหลัก: ใหญ่ ต่อเนื่อง ผันผวนต่ำ
PK,13.200615194390029,1.0210051700146614,0.8949106185075977,1.0,1.862573757329487,0.4168161294012174,0.5064268148072282,0.0,0.000154620660893,0.0,0.0,0.06110292519235,0.0384417353357354,0.0,0.3938739040037933,0.0,7.299444299310096,19.342035289055666,Pakistan,"Middle East, North Africa, Afghanistan & Pakistan",Lower middle income,2026-04-01,2,C ตลาดโตเร็ว ราคาต่อกก. สูง
PL,15.04994008846184,0.0633201100446099,0.7763301758045611,1.0,2.2229027375620265,0.3538385619232439,0.4278218177785546,0.0,0.0,0.0,7.469115533191066e-06,0.1527468639223209,0.0340913803202829,0.0,0.3824986232246588,0.0028338456386495,10.130765173254584,17.414444325117902,Poland,Europe & Central Asia,High income,2026-04-01,2,C ตลาดโตเร็ว ราคาต่อกก. สูง
PT,15.155900857972236,0.9160139601608834,1.303556444116744,0.9722222222222222,1.4672921441605702,0.6978323144640463,0.0139877477437764,0.0,0.1194989885981575,0.0,7.87324418386877e-07,0.0003665403487435,0.0342556243079304,0.0,0.8259221805733741,0.0059681311035995,10.286308429024189,16.185257073031835,Portugal,Europe & Central Asia,High income,2026-04-01,2,C ตลาดโตเร็ว ราคาต่อกก. สูง
PY,15.12550126634093,-0.202834978874772,1.0048255966603332,0.7777777777777778,1.0473773918482807,1.0,0.0,0.0,0.0,0.0,0.0,0.0,0.0,0.0,1.0,0.0,8.77285926232437,15.75124814147412,Paraguay,Latin America & Caribbean ,Upper middle income,2026-04-01,3,D ตลาดเล็ก ผันผวน ค้าไม่ต่อเนื่อง
QA,17.552076559248274,-0.2602497935649707,0.4245080072002557,1.0,0.9976463045234524,0.49017887266949,0.0031851084627784,0.0,0.3227289213493962,0.0385671417321932,0.0014325540713231,0.0094016304091261,0.0007987156804516,0.0,0.6200171760529469,0.0038687522417843,11.234336413121456,14.865570354216782,Qatar,"Middle East, North Africa, Afghanistan & Pakistan",High income,2026-04-01,1,B ตลาดปลากระป๋องราคาต่ำที่หดตัว
RO,15.20990651460354,-0.7062070941673503,1.0828156955418475,1.0,1.178178737075858,0.7864369827807143,0.0718929617905555,0.0,0.0,0.0,9.934190306599042e-07,0.0234161941658712,4.313883703309193e-05,0.0,0.8833263885052199,0.0213203232822894,9.907490013071868,16.762672353216125,Romania,Europe & Central Asia,High income,2026-04-01,1,B ตลาดปลากระป๋องราคาต่ำที่หดตัว
RS,17.439333473379374,-0.1454957571692572,0.4092744448167912,1.0,1.2839595568096214,0.9971809276383042,0.0012277700817607,0.0,0.0,0.0,0.0,8.92999803119479e-05,9.422413044762792e-05,0.0,0.9985887058074796,0.0,9.52352785975523,15.700529013828485,Serbia,Europe & Central Asia,Upper middle income,2026-04-01,1,B ตลาดปลากระป๋องราคาต่ำที่หดตัว
RU,18.650000698573432,0.2375449527907632,0.4685462628971573,1.0,1.4854934672960665,0.7415703155079938,0.015707228492881,0.0,0.0,0.0620645070672013,0.0189879464303868,0.0273080275734186,0.0035316310730056,0.0,0.8579890192628117,0.0144116401002948,9.613262079109674,18.78302711092474,Russian Federation,Europe & Central Asia,High income,2026-04-01,0,A ตลาดหลัก: ใหญ่ ต่อเนื่อง ผันผวนต่ำ
SA,19.805741701692934,-0.0053120258513027,0.231514122861832,1.0,1.408225409195429,0.9857467194236637,0.0020957526199014,0.0,0.0037549523584276,6.618242931152297e-05,5.8166698776988905e-08,7.45926310882922e-05,0.0011706869666531,0.0,0.9928377748279192,0.0,10.478070378654628,17.3794014538834,Saudi Arabia,"Middle East, North Africa, Afghanistan & Pakistan",High income,2026-04-01,0,A ตลาดหลัก: ใหญ่ ต่อเนื่อง ผันผวนต่ำ
SC,17.173427908239198,0.1626329685377263,0.8670776251417983,0.8888888888888888,0.8240185394186532,0.9884765156629618,0.0,0.0,0.9942048440356618,0.0,0.0,0.0057656863937789,0.0,0.0,2.4356845113252032e-05,5.112725445991846e-06,9.818176146203912,11.706467173116646,Seychelles,Sub-Saharan Africa ,High income,2026-04-01,1,B ตลาดปลากระป๋องราคาต่ำที่หดตัว
SE,16.472610497976635,-0.2631245962087875,0.4329101746279349,1.0,1.455352328592847,0.7778437268940444,0.0033460890357824,0.0,0.0,0.0,0.0131140370278446,0.0014640056409957,0.00057869990875,0.0,0.8754495905823381,0.1060475778042889,10.954706127532544,16.173502826720043,Sweden,Europe & Central Asia,High income,2026-04-01,1,B ตลาดปลากระป๋องราคาต่ำที่หดตัว
SG,18.787412657803664,0.0667669035145449,0.1453772489137499,1.0,1.3823332634219356,0.3143775743838862,0.0117714301774378,0.0232899703034788,0.0326713100229906,0.0531021926103792,0.0189866407161162,0.2263466034913925,0.0090932765478561,0.0002621672501512,0.4899288081144484,0.1345476007657488,11.460542757910217,15.613394567183342,Singapore,East Asia & Pacific,High income,2026-04-01,0,A ตลาดหลัก: ใหญ่ ต่อเนื่อง ผันผวนต่ำ
SO,17.38720648784144,0.0587960103997368,0.8560206094177596,0.8611111111111112,1.5969068212714743,1.0,0.0,0.0,0.0,0.0,0.0,0.0,0.0,0.0,1.0,0.0,6.444987645775389,16.7604310527624,"Somalia, Fed. Rep.",Sub-Saharan Africa ,Low income,2026-04-01,2,C ตลาดโตเร็ว ราคาต่อกก. สูง
SR,15.21990849179442,0.282288744684445,0.8274451790616189,0.8611111111111112,1.0196274907655538,1.0,0.0,0.0,0.0,0.0,0.0,0.0,0.0,0.0,1.0,0.0,8.848191841054817,13.360483813178272,Suriname,Latin America & Caribbean ,Upper middle income,2026-04-01,3,D ตลาดเล็ก ผันผวน ค้าไม่ต่อเนื่อง
SV,15.133455616533722,-0.0607388080607043,0.7110446811984837,0.8888888888888888,0.8606436368686841,1.0,0.0,0.0,0.0,0.0,0.0,0.0,0.0,0.0,1.0,0.0,8.613067425115718,15.662104270015824,El Salvador,Latin America & Caribbean ,Upper middle income,2026-04-01,1,B ตลาดปลากระป๋องราคาต่ำที่หดตัว
SY,17.48550358464023,1.4487721208593545,0.8362975484954138,0.9444444444444444,1.3262443974936526,1.0,0.0,0.0,0.0,0.0,0.0,0.0,0.0,0.0,1.0,0.0,,17.021210359021207,Syrian Arab Republic,"Middle East, North Africa, Afghanistan & Pakistan",Low income,2026-04-01,2,C ตลาดโตเร็ว ราคาต่อกก. สูง
TR,17.325945672852548,0.769588394253722,0.654486771286184,1.0,1.2818532803613876,0.9710600038540068,0.0084477707956226,0.0,0.0,0.0,0.0,0.0,4.834319906200602e-06,0.0,0.9853681831383728,0.0061792117460983,9.673616152965664,18.26424516740227,Turkiye,Europe & Central Asia,Upper middle income,2026-04-01,2,C ตลาดโตเร็ว ราคาต่อกก. สูง
TT,16.82569893142789,0.229926143259472,0.3420007702257548,1.0,1.3152801251840809,1.0,0.0,0.0,0.0,0.0,0.0,0.0,0.0,0.0,1.0,0.0,9.83806389528244,14.129103768595169,Trinidad and Tobago,Latin America & Caribbean ,High income,2026-04-01,0,A ตลาดหลัก: ใหญ่ ต่อเนื่อง ผันผวนต่ำ
TZ,14.77617446507788,0.9855167816056288,0.9000175727976815,0.8333333333333334,0.4670994030120999,0.95551057800231,0.0015967710810474,0.0,0.016137656756852,0.0,0.0049102150133582,0.0,0.0,0.0,0.9773553571487422,0.0,7.0838966858072085,18.04322212221617,Tanzania,Sub-Saharan Africa ,Lower middle income,2026-04-01,3,D ตลาดเล็ก ผันผวน ค้าไม่ต่อเนื่อง
UA,17.64953547267101,0.551069719216738,0.3643949515268473,1.0,1.2252614159718258,0.9369242156264668,0.0014399911161224,0.0,0.0,0.0,0.0,0.0038994395135863,0.009328244696295,0.0,0.9677345917504288,0.0175977329235675,8.592601649881207,17.44941154102371,Ukraine,Europe & Central Asia,Upper middle income,2026-04-01,0,A ตลาดหลัก: ใหญ่ ต่อเนื่อง ผันผวนต่ำ
US,21.932394119146956,0.0250264478368509,0.1587372883350307,1.0,1.8094135833518807,0.4227599046226449,0.003006184395304,0.0001066796284798,0.0054008196247543,0.0338809874714812,0.0020947619712141,0.1110449961483505,0.0346209537540979,0.0001571262171458,0.605147059443298,0.2045404313458739,11.36407347079314,19.64446734315918,United States,North America,High income,2026-04-01,0,A ตลาดหลัก: ใหญ่ ต่อเนื่อง ผันผวนต่ำ
UZ,12.807279823353882,-0.0533818716163911,2.4818423597562247,0.7222222222222222,1.7595366848108582,0.3163035091734622,0.2908416082213658,0.0,0.0,0.0,0.0146650909195057,0.3344662579024319,5.907955554392261e-05,0.0,0.3455790521371048,0.0143889112640478,8.112963795676952,17.409030953579343,Uzbekistan,Europe & Central Asia,Lower middle income,2026-04-01,3,D ตลาดเล็ก ผันผวน ค้าไม่ต่อเนื่อง
VN,18.996021885903236,-0.0493168341876014,0.3165774382685108,1.0,0.9955706226814534,0.4351485350252315,0.0080216394155197,5.0614914279087634e-08,0.6245031961272536,0.0478087232535256,0.0102527993388205,0.0860592799460268,0.0136983601159805,0.0,0.185814081719621,0.0238418694683376,8.458856187822017,18.430509146580512,Viet Nam,East Asia & Pacific,Upper middle income,2026-04-01,0,A ตลาดหลัก: ใหญ่ ต่อเนื่อง ผันผวนต่ำ
VU,14.942067838320405,0.1855120750059755,0.7799241678125812,0.9166666666666666,0.7770574158457803,1.0,0.0,0.0,0.0,0.0,0.0,0.0,0.0,0.0,1.0,0.0,8.283968251903687,12.700088778095612,Vanuatu,East Asia & Pacific,Lower middle income,2026-04-01,1,B ตลาดปลากระป๋องราคาต่ำที่หดตัว
YE,18.21055175170502,-0.0395833605708549,0.426100986752144,1.0,1.4057702397258127,1.0,0.0,0.0,0.0,0.0,0.0,0.0,0.0,0.0,1.0,0.0,,17.51886385876556,"Yemen, Rep.","Middle East, North Africa, Afghanistan & Pakistan",Low income,2026-04-01,0,A ตลาดหลัก: ใหญ่ ต่อเนื่อง ผันผวนต่ำ
ZA,19.124332615689298,-0.2671986239060377,0.374395096363483,1.0,1.057426671505016,0.9301111574534991,0.0026124648516393,0.0,0.0007514646092769,0.0,0.00033046795386,0.0075125774972599,0.0006668505042311,0.0,0.964089738990354,0.0240364355933787,8.743082858954319,17.974505931894125,South Africa,Sub-Saharan Africa ,Upper middle income,2026-04-01,0,A ตลาดหลัก: ใหญ่ ต่อเนื่อง ผันผวนต่ำ
ZW,15.1785158676783,0.6638437967595278,0.770928126368894,0.7222222222222222,0.6693332669183653,1.0,0.0,0.0,0.0,0.0,0.0,0.0,0.0,0.0,1.0,0.0,7.822506886994904,16.626981775110302,Zimbabwe,Sub-Saharan Africa ,Lower middle income,2026-04-01,3,D ตลาดเล็ก ผันผวน ค้าไม่ต่อเนื่อง
