iso2,size_log,growth,volatility,active_share,uv_log,hhi,mix_0301,mix_0302,mix_0303,mix_0304,mix_0305,mix_0306,mix_0307,mix_0308,mix_1604,mix_1605,gdppc_log,pop_log,name_en,region,income,window_end
AE,19.770073753573847,-0.2715427196294151,0.42197670883933636,1.0,1.2761242568409938,0.7343133556225877,0.004151973220638778,0.0,0.12034944660233375,0.006625196447300815,0.0002818219184406465,0.007764831053027378,0.009814886156092774,0.0,0.8482948474007042,0.0027169972014616634,10.825233629406076,16.21216870219821,United Arab Emirates,"Middle East, North Africa, Afghanistan & Pakistan",High income,2026-04-01
AL,15.997724233555273,-0.056639166830187666,0.6863870538318819,0.9444444444444444,1.1963375544698815,0.999965156584042,0.0,1.742201150559241e-05,0.0,0.0,0.0,0.0,0.0,0.0,0.9999825779884944,0.0,9.33908608205352,14.681403594282491,Albania,Europe & Central Asia,Upper middle income,2026-04-01
AO,16.205750751630063,0.18735943316333367,0.5784536583505436,0.9722222222222222,1.2506465631738788,1.0,0.0,0.0,0.0,0.0,0.0,0.0,0.0,0.0,1.0,0.0,7.908688219370273,17.450088223021286,Angola,Sub-Saharan Africa ,Lower middle income,2026-04-01
AR,17.84432215730659,-0.4119438880311419,0.8293992207323018,0.9722222222222222,1.0819484555754568,0.9994502405046736,0.0002160411869199273,0.0,0.0,0.0,0.0,3.7366366871693026e-05,2.153425725339406e-05,0.0,0.9997250581889551,0.0,9.54465196611633,17.637524804192147,Argentina,Latin America & Caribbean ,Upper middle income,2026-04-01
AU,20.64440734825654,0.12595202449489584,0.11397615215507886,1.0,1.7265612855572703,0.6453666086739386,0.0008843697065013223,0.0,0.00039522273608190125,0.006561785386154986,0.0032068360860987317,0.08667297564205381,0.037484757185562094,0.00016216419399729288,0.7946699425227429,0.06996194654080691,11.07612426778588,17.11851743566828,Australia,East Asia & Pacific,High income,2026-04-01
BA,17.09561470823734,0.35850014535773533,0.8526384375105847,0.9166666666666666,1.2795170341058248,1.0,0.0,0.0,0.0,0.0,0.0,0.0,0.0,0.0,1.0,0.0,9.148242542306253,14.96742756674621,Bosnia and Herzegovina,Europe & Central Asia,Upper middle income,2026-04-01
BB,16.542755803913327,0.3212378745938081,0.40074999659406657,1.0,1.411237360518501,1.0,0.0,0.0,0.0,0.0,0.0,0.0,0.0,0.0,1.0,0.0,10.19977747853431,12.551317008586036,Barbados,Latin America & Caribbean ,High income,2026-04-01
BD,15.06376323436698,0.02299636279082095,0.8226083092053353,1.0,1.3834300148531833,0.21007277326332216,0.26834545647770314,0.019809358808712003,0.18169393541976409,0.01792591878675105,0.0014156698497119458,0.27113253183872715,0.007431800685237031,0.07180966899085955,0.16003179857218516,0.00040386057034874975,7.860731249643071,18.972047539451584,Bangladesh,South Asia,Lower middle income,2026-04-01
BE,15.867288954274194,0.29634087554020966,0.45029819371285507,1.0,1.2206412624204914,0.7894212529821112,0.01683420331570364,0.0,0.0328262099926825,0.00656987808976311,0.005732050275142213,0.01513545757016304,0.009055662800718544,0.0,0.8871066300277907,0.026739907928036287,10.943445088953794,16.288564743990783,Belgium,Europe & Central Asia,High income,2026-04-01
BG,13.665534076204446,-0.2444623961206289,1.1875283573612316,0.8611111111111112,1.3268265472940983,0.6334388132601354,0.18517425882141322,0.0,0.0,0.0,0.0,0.03274932014283129,0.008771925717472033,0.0,0.7733044953182835,0.0,9.775478981709472,15.678259725914339,Bulgaria,Europe & Central Asia,High income,2026-04-01
BH,16.062923186097972,-0.1662728869898233,0.576977286901692,1.0,1.1801103940414128,0.5120449419994689,0.04182201108051551,1.3984247461692493e-05,0.28206488225314674,0.006587022898640718,0.001806370276277608,0.005376975167723013,0.003005116567696361,0.00019629905508732824,0.6562333849023169,0.002893953551133959,10.299479345505455,14.278407746166065,Bahrain,"Middle East, North Africa, Afghanistan & Pakistan",High income,2026-04-01
BN,15.655534025500462,0.1258177079364651,0.470508978650714,1.0,1.8327420415779967,0.43834469591926883,0.00838169249247847,0.0,0.009911561690131574,0.0,0.00019419659718726516,0.06403669156616817,4.9379308205420864e-05,0.00040973966129755063,0.5410173042442536,0.37599943444027784,10.408902783226198,13.04487955964431,Brunei Darussalam,East Asia & Pacific,High income,2026-04-01
BR,16.47154762460359,-0.2993668835940334,1.037115069344103,0.9444444444444444,0.9280020499925726,0.9981949477976166,0.0005586611598802278,0.0,0.0,0.0,0.0,0.0,0.0,0.0,0.9990968506722595,0.00034448816786020235,9.240922795514305,19.172090101481558,Brazil,Latin America & Caribbean ,Upper middle income,2026-04-01
BS,16.377374830595524,0.12311405105709966,0.8157714629258704,0.8611111111111112,1.278080325902483,1.0,0.0,0.0,0.0,0.0,0.0,0.0,0.0,0.0,1.0,0.0,10.5829273815058,12.902422193035248,"Bahamas, The",Latin America & Caribbean ,High income,2026-04-01
BT,13.129773712921544,0.4935795470057446,0.7249280862080881,1.0,0.6062551166401993,0.9516007920626932,0.0,0.0,0.0,0.0,0.0,0.024815408465987166,0.0,0.0,0.9751845915340128,0.0,8.349496415043264,13.581715480016586,Bhutan,South Asia,Lower middle income,2026-04-01
CA,20.260498376485117,0.09069846564717046,0.13365715499928305,1.0,1.7146336565722256,0.5275902914319297,0.0034166015210928703,0.0,0.0034993018435859006,0.027802127644276777,0.002633024578956715,0.10448723803498933,0.0616796461129312,0.0,0.7103889791998919,0.08609308106427535,10.915373999659545,17.53546051093627,Canada,North America,High income,2026-04-01
CG,15.710088218330116,0.2621061770542514,0.7519986696019559,0.8333333333333334,0.5992326015137873,0.9999663117282873,1.6844419590825396e-05,0.0,0.0,0.0,0.0,0.0,0.0,0.0,0.9999831555804092,0.0,7.81692028097681,15.661278457260751,"Congo, Rep.",Sub-Saharan Africa ,Lower middle income,2026-04-01
CH,18.51315255769508,0.0742619650067368,0.3189268689615498,1.0,1.6635457755647638,0.9805444393953286,0.00020418286947778823,0.0,0.00010429748744609458,0.0004764469589424456,0.0009774923564471048,0.0013715221533532823,0.006072258163672575,0.0,0.9902040714730148,0.0005897285376458364,11.5871240453218,16.013355165264404,Switzerland,Europe & Central Asia,High income,2026-04-01
CI,13.332954167438954,1.1069932521531336,1.4798970797062856,0.6666666666666666,1.0842269515817726,0.7428565909836145,0.07104831184058628,0.0,0.0,0.0,0.07272358409598284,0.000354349867975486,0.0,0.0,0.8558737541954554,0.0,7.911284986702227,17.279189033210702,Cote d'Ivoire,Sub-Saharan Africa ,Lower middle income,2026-04-01
CL,19.029722115506946,0.465922092418416,0.36920098548110264,1.0,1.3531362509639349,0.976554232331465,0.0,0.0,0.0,0.0,0.0,0.00301109286597541,0.0005073672589080271,0.0,0.9881678964440115,0.008313643431104967,9.720703805270718,16.799411668508693,Chile,Latin America & Caribbean ,High income,2026-04-01
CN,20.963504134874192,0.045746689917368785,0.16181417099384743,1.0,1.7823903201622104,0.4870295319546246,0.013269780403807711,1.6103807023209515e-06,0.05759250554786163,0.006069257399443317,0.0013288984801778292,0.6795091601329296,0.11263508235451301,0.008316413994549096,0.08940783413370815,0.03186945717230746,9.495001603298615,21.066128326625346,China,East Asia & Pacific,Upper middle income,2026-04-01
CR,16.14230613114642,0.22346636214793794,0.6720596439104795,0.9722222222222222,1.1021195210639767,0.8015989792649485,0.0,0.0,0.11167090035322583,0.0,0.0,0.0,0.0,0.0,0.8883290996467742,0.0,9.844442335303391,15.450598673133408,Costa Rica,Latin America & Caribbean ,High income,2026-04-01
CY,16.378034798975797,0.07410635771072568,0.5591909793875647,1.0,1.7863147983783108,0.5462473246604027,0.012282523538055864,0.0,0.0,0.0,0.0,0.029928573647258663,0.6909056080618252,0.0,0.26039998502116474,0.006483309731695444,10.56293089894196,14.121731223863835,Cyprus,Europe & Central Asia,High income,2026-04-01
CZ,14.230402372069257,0.21784356623687134,0.855800449705871,1.0,1.832618214519924,0.41122790162619266,0.48780279775184965,0.0,0.0,0.0,3.2934732679559364e-06,0.06192911220331527,0.03253120724750408,0.0,0.4102770251777136,0.007456564146349467,10.368093994821677,16.2047345252441,Czechia,Europe & Central Asia,High income,2026-04-01
DE,17.845164062971325,0.29666484367783474,0.35335711070240183,1.0,1.8894378224540156,0.41257364041965583,0.024457149477581208,0.0,0.0,0.006138373069720031,0.015281443575913949,0.010355348350420844,0.17858220268458547,0.0,0.591100580825479,0.17408490201629953,10.934957619034956,18.24055588864204,Germany,Europe & Central Asia,High income,2026-04-01
DK,16.610760075599927,-0.41323567533141736,0.6507036418357638,1.0,1.6288875830764864,0.7110079620772658,0.0003757705267774123,0.0,0.0,3.0554701468139908e-06,0.0,3.348430638334222e-05,0.01324871181470565,0.0,0.8281321747239415,0.1582068031580452,11.170808089674908,15.603427989341384,Denmark,Europe & Central Asia,High income,2026-04-01
DO,17.43638114783301,-0.16255520626134584,0.3932585899631259,1.0,1.1901706752076175,0.9979347317422711,0.0009790021717199246,0.0,0.0,0.0,0.0,5.4646888101211236e-05,0.0,0.0,0.9989663509401788,0.0,9.294282713351858,16.25153827714322,Dominican Republic,Latin America & Caribbean ,Upper middle income,2026-04-01
EE,15.92148915788126,0.023769329469521944,0.30303976524704634,1.0,2.419062296515105,0.9109837647349459,0.0,0.0,0.0,0.0,0.9533121246640917,0.0,0.0,0.0,0.046687875335908326,0.0,10.35546578294303,14.132028598660506,Estonia,Europe & Central Asia,High income,2026-04-01
EG,19.65882653914673,0.8256376818331236,0.4615663687090177,1.0,1.0582678575572682,0.994214364480218,0.0004971250583599093,0.0,0.0,0.001355088521240231,0.0,0.0010256363378129405,4.4415246325003036e-06,0.0,0.9971014135316635,1.629502629086093e-05,8.113269008603684,18.57373017191003,"Egypt, Arab Rep.","Middle East, North Africa, Afghanistan & Pakistan",Lower middle income,2026-04-01
ES,17.132269342017995,-0.7588894208078044,1.1896424764794091,1.0,1.4040401432480936,0.6677606960000174,0.023816476569571202,0.0,0.09114338706629714,0.01751401149827575,1.5231308206095527e-06,0.0021056722494917665,0.001419742177429161,0.0,0.8097070641115637,0.05429212319655074,10.472396264528527,17.7042411900094,Spain,Europe & Central Asia,High income,2026-04-01
FI,16.944439777690558,0.24087660562693902,0.5598483622148154,1.0,1.5327285340742034,0.9978679033876356,0.0008078191770837792,0.0,0.0,0.0,1.9707214906061896e-07,0.00014711236798288323,0.00011183225189612242,0.0,0.9989330391308882,0.0,10.880977707897094,15.541826385445546,Finland,Europe & Central Asia,High income,2026-04-01
FJ,15.423864613437571,-1.5174008990995644,1.1894357778206281,0.8888888888888888,1.1051393320711551,0.9518176809402261,0.0,1.998164551313869e-07,0.0,0.0,0.0,0.020835768959273363,0.003558858203614458,0.0,0.9753824053031163,0.00022276771754082693,8.768067314334736,13.741631482688586,Fiji,East Asia & Pacific,Upper middle income,2026-04-01
FM,15.46813342133686,-0.06901776675604922,0.5150692620796942,1.0,1.4507168403327448,0.9946542094369208,0.0,0.0,0.0,0.0,0.0,0.0,0.0,0.0,0.9973199218998374,0.00268007810016251,8.35507195381394,11.636558025415503,"Micronesia, Fed. Sts.",East Asia & Pacific,Upper middle income,2026-04-01
FR,17.032941030854357,0.3257579278682066,0.8322309810962001,1.0,1.702765993354703,0.52430985761,0.07171388725820958,7.530756731892698e-06,0.040694725676224196,0.005243573374764017,0.0064257662653661686,0.03187015027172386,0.029838305061513255,0.0,0.7104760218938103,0.10373003944165671,10.738635126651344,18.043098077467423,France,Europe & Central Asia,High income,2026-04-01
GB,18.90420993655886,0.05714296883867352,0.24289494437146003,1.0,1.8574494618041515,0.5223138614338392,0.005944784076913625,0.0,0.01233704017083872,0.000480867524192774,0.0077967823191675886,0.10531827415913207,0.09382340192924753,0.0,0.7052698214032459,0.06902902841726191,10.88446641515752,18.05368125629442,United Kingdom,Europe & Central Asia,High income,2026-04-01
GE,16.127271696684566,0.6640117680310859,0.6232091128505031,1.0,1.3379959455322301,0.9981420826404761,0.0006338940901463247,0.0,0.0,0.0,1.770281062866291e-06,0.00021434500882804914,3.923432719425369e-06,0.0,0.9990703824697598,7.56847174836439e-05,9.101381752721446,15.153800421198135,Georgia,Europe & Central Asia,Upper middle income,2026-04-01
GH,16.109968349232307,0.7339969120705082,0.8975486891159433,0.9166666666666666,1.2306053128189505,0.9775776530427783,0.002186896940964098,0.0,0.0,0.0,0.005491235259747649,0.003620898875314434,0.0,0.0,0.9887009689239739,0.0,7.791213625590123,17.354363723577247,Ghana,Sub-Saharan Africa ,Lower middle income,2026-04-01
GR,16.95089826991773,0.14833521666087252,0.6389282079725942,1.0,1.7123688193009894,0.924932112936933,1.5028600520472148e-05,0.0,0.0,0.0,0.0,0.001304486751714058,0.0,0.0,0.9609943638354538,0.037686120812311784,10.111564091791761,16.15780989615078,Greece,Europe & Central Asia,High income,2026-04-01
GT,16.457244973342757,-0.17142425978854603,0.40678731622578973,1.0,0.9189927759845518,1.0,0.0,0.0,0.0,0.0,0.0,0.0,0.0,0.0,1.0,0.0,8.724352822222906,16.72820676070013,Guatemala,Latin America & Caribbean ,Upper middle income,2026-04-01
GU,14.591785122150753,-0.05823603976119249,0.8073897470087803,0.8888888888888888,1.5751690018457496,0.9153132651098008,0.013823153908961583,0.0,0.0,0.0,0.0,0.0,0.0,0.0,0.9561487860883822,0.030028060002656256,,12.030390995682554,Guam,East Asia & Pacific,High income,2026-04-01
GY,15.58533478554985,0.375896528120093,0.5446924940732136,0.9722222222222222,0.925463103762446,1.0,0.0,0.0,0.0,0.0,0.0,0.0,0.0,0.0,1.0,0.0,10.29806864937607,13.630489761498435,Guyana,Latin America & Caribbean ,High income,2026-04-01
HK,19.26961105694632,-0.03698231563463347,0.12306224162414109,1.0,1.8367768550480288,0.2400634173052553,0.005910323396234572,0.04446497385074467,0.039042886809466125,0.026284187807645912,0.04371653115007403,0.3706100890726326,0.05669047356740499,0.003223800161129973,0.27313015642213934,0.1369265777625277,10.901814476573362,15.8336217601175,"Hong Kong SAR, China",East Asia & Pacific,High income,2026-04-01
HN,16.081485720623707,0.12162599713746385,0.6370653973387597,0.9444444444444444,0.9322930147920033,1.0,0.0,0.0,0.0,0.0,0.0,0.0,0.0,0.0,1.0,0.0,8.136213926962379,16.19743377200745,Honduras,Latin America & Caribbean ,Lower middle income,2026-04-01
HU,13.896230877852943,0.342917243899623,1.0755867774254522,0.9722222222222222,2.0734205883869583,0.38148588594685356,0.16571312501709878,0.0,0.0,0.0,0.0,0.06419235942488614,0.014574141037333148,0.0,0.5570455232341391,0.19847485128654263,10.056442442753424,16.07331426588614,Hungary,Europe & Central Asia,High income,2026-04-01
ID,16.663606996156506,0.42841560495619263,0.461039674407856,1.0,1.370238463481383,0.7496106042786931,0.024933998504225067,0.0,0.04868493513363307,0.0009895468109914686,0.003571750338944974,0.0,0.0,0.0,0.8619891143286861,0.05983065488351941,8.502168168954181,19.462680108797322,Indonesia,East Asia & Pacific,Upper middle income,2026-04-01
IE,15.153982996455069,0.33011501837273044,0.898984269325543,0.8888888888888888,1.7928153396076865,0.7857260538725623,0.006995694198012827,0.0,0.014449713823899901,0.0,9.286758819800715e-05,0.09747690238224715,9.518322002129051e-05,0.0,0.8808896387876208,0.0,11.634213047994296,15.501129577835643,Ireland,Europe & Central Asia,High income,2026-04-01
IL,19.556751200576223,0.10339328466890164,0.34759491871011416,1.0,1.4704343967069056,0.941920751294279,0.0030996573654120505,0.0,0.00027623446293341565,0.0,0.002796830268553865,0.008226402247528769,0.00954268586738769,0.0,0.97041883015992,0.005639359628264068,10.9007409714981,16.11831562676187,Israel,"Middle East, North Africa, Afghanistan & Pakistan",High income,2026-04-01
IN,15.849145781730684,0.6383588969915599,0.6270651680385221,1.0,1.5749216277744882,0.3014245652778372,0.39496583055292045,0.0,0.08358509343085321,0.1103282441044318,7.9297778013118e-05,0.04207738569917032,0.016344282030995562,0.0,0.35246289991070606,0.0001569664929093866,7.860181840149165,21.095474558318678,India,South Asia,Lower middle income,2026-04-01
IQ,17.242409702625558,-0.3721484291155998,0.6027856154517196,0.9722222222222222,1.2361246774099457,0.8498413507768159,0.0183200642688937,0.0,0.0620342967749829,0.0,0.0,3.720737629834748e-05,1.206875775022816e-05,0.0,0.9195963628220748,0.0,8.711708488695376,17.645064907150424,Iraq,"Middle East, North Africa, Afghanistan & Pakistan",Upper middle income,2026-04-01
IR,14.98972676235199,0.2156605682525397,0.8974190983606705,0.9444444444444444,2.0314268100944335,0.5031113315216547,0.5570708825287665,0.0,0.0,0.0,0.0,0.00045410783860186165,0.0032227682651002313,0.00019332329712135003,0.43905891807041014,0.0,8.554521651974477,18.33258956236535,"Iran, Islamic Rep.","Middle East, North Africa, Afghanistan & Pakistan",Upper middle income,2026-04-01
IS,15.217326925522892,-0.2103738658900759,0.9559883667477154,0.8055555555555556,1.5856021958750552,0.8097046355299842,0.0,0.0,0.10648720762217635,0.0,0.0,0.0,0.0,0.0,0.8935127923778236,0.0,11.360510004663812,12.864902670821849,Iceland,Europe & Central Asia,High income,2026-04-01
IT,19.55871342577548,0.30271043263161884,0.30811916407061074,1.0,2.0354654132048515,0.6099075263461741,0.0015991424558361325,0.0,0.05181798924557504,0.009565482581403315,0.0005347570680204405,0.03812550837355595,0.7727763767296271,0.0,0.08019635153707154,0.045384392008910375,10.607318023109016,17.892246053276516,Italy,Europe & Central Asia,High income,2026-04-01
JM,17.373606418393972,0.5404767245182239,0.42551489489034566,1.0,0.9873623623320218,1.0,0.0,0.0,0.0,0.0,0.0,0.0,0.0,0.0,1.0,0.0,8.955939866294782,14.85902407497839,Jamaica,Latin America & Caribbean ,Upper middle income,2026-04-01
JO,17.94705971071099,0.3298603738657683,0.4453800297412863,1.0,1.388596615298682,0.9628793900206858,0.006817802977911931,0.0,0.009617655711553994,0.0005299133035586613,0.00034731789544682106,0.0008610336236817042,3.165980741943631e-05,0.0,0.9811925917110851,0.00060202496934237,8.531869177574379,16.26244496826465,Jordan,"Middle East, North Africa, Afghanistan & Pakistan",Upper middle income,2026-04-01
JP,21.696558672478183,-0.12276734552093192,0.12360458286446194,1.0,1.9175465293555898,0.2643974806048073,0.0009680505622677173,6.722729860117801e-07,0.017114311417962137,0.13282192444679095,0.013029410751805633,0.0947107082352839,0.06366838783950733,0.007152939134019163,0.4001112925274757,0.27042230281190144,10.428130321249062,18.635593482873812,Japan,East Asia & Pacific,High income,2026-04-01
KE,15.104317779947428,-0.9783995897142345,1.1270482700241689,0.9722222222222222,1.2470042083395518,0.9673927585663874,0.01650820197027213,0.0,0.0,0.0,0.0,6.08217374317137e-05,8.262467491369197e-06,0.0,0.9834227138248048,0.0,7.665501260444164,17.84856365941559,Kenya,Sub-Saharan Africa ,Lower middle income,2026-04-01
KH,19.041704933019542,-0.8524260595485654,0.4650524889103636,1.0,0.7722729601740322,0.523839891777101,0.00169814409528082,0.041225007876532424,0.047913914546706966,0.00475067627946341,0.004860463809982686,0.026622502976498347,0.10177050570615359,0.00040658273268709443,0.710722019463332,0.06003018251336276,7.873932601373376,16.685611635711275,Cambodia,East Asia & Pacific,Lower middle income,2026-04-01
KR,19.901337181213766,-0.059999753118149396,0.12067342528348718,1.0,1.92342331313362,0.2217360371789866,0.005518027933199401,6.969218046192888e-05,0.009632132773475435,0.03456081684266852,0.011933446477974133,0.18487092779202366,0.3133472541125719,0.051417959771661276,0.1245249094203889,0.26412483269557485,10.497881229328884,17.761955569608137,"Korea, Rep.",East Asia & Pacific,High income,2026-04-01
KW,17.794232779964215,0.0713742939767442,0.390992479871521,0.9722222222222222,1.4483154212691076,0.895767229770689,0.009344360679262623,0.0,0.030724024407396366,0.0066541025171917316,0.002877046090163784,0.004443081818181197,7.0702755219068965e-06,0.0,0.945866610316439,8.37038958434189e-05,10.399881163053543,15.404187035593147,Kuwait,"Middle East, North Africa, Afghanistan & Pakistan",High income,2026-04-01
KZ,14.665814497422115,0.23032289065581943,1.1912013837576751,0.8333333333333334,1.1487330375331388,0.8033949620388238,0.09306326612958706,0.0,0.0,0.0,0.0,0.01531453346567838,0.00027514123072836405,0.0,0.8913470591740061,0.0,9.55779723435538,16.840440937648825,Kazakhstan,Europe & Central Asia,Upper middle income,2026-04-01
LA,17.730334873237624,0.6567823841608236,0.35663163990082,1.0,0.8318076644976846,0.36848062847189983,0.15366536695932737,0.06079930750207692,0.03363988973059663,0.0010599902559236451,0.010855559460990332,0.07336888252289173,0.0547040177554969,0.001180966987498317,0.574668009872549,0.036058008952649254,7.661046539634995,15.865757427349209,Lao PDR,East Asia & Pacific,Lower middle income,2026-04-01
LB,18.096856588452837,0.2839273034577848,0.4992915178252377,1.0,1.4518842574300155,0.9698459316444223,0.00108116064196965,0.0,0.0005428448856850109,0.0,2.766329039756917e-07,0.001069745121355252,0.00512631777010704,0.0,0.9847649806793638,0.007414674268615102,8.405875264327408,15.574395878591798,Lebanon,"Middle East, North Africa, Afghanistan & Pakistan",Lower middle income,2026-04-01
LC,15.862779243129093,0.42839911045524476,0.603874139580693,0.9166666666666666,1.5757395001712218,1.0,0.0,0.0,0.0,0.0,0.0,0.0,0.0,0.0,1.0,0.0,9.581466485892776,12.09928889533216,St. Lucia,Latin America & Caribbean ,Upper middle income,2026-04-01
LK,17.433062251724603,0.4820316987104517,0.6750791827540925,1.0,0.6399114484117449,0.8611459490904527,0.002704757637887379,0.0,0.0,0.0,0.9266854723344107,0.02014554203430793,0.0,0.006344198235785372,0.044120029757608585,0.0,8.42186222651125,16.902727521640443,Sri Lanka,South Asia,Upper middle income,2026-04-01
LY,20.0486502955448,0.09549310602156602,0.24194663427080523,1.0,1.3778581680208137,0.9996964027769112,0.0001495210952912108,0.0,0.0,0.0,0.0,2.1432360226814428e-06,1.5698567469567582e-07,0.0,0.9998481786830115,0.0,8.790141871540236,15.814422804856262,Libya,"Middle East, North Africa, Afghanistan & Pakistan",Upper middle income,2026-04-01
MA,11.790325667190736,1.6376351257134392,2.794500442875974,0.7222222222222222,1.9329344105475805,0.48890141535270815,0.5170573693647759,0.0,0.0,0.0,0.0,0.007680247732503467,0.0046537895087393755,0.0,0.4706085933939813,0.0,8.331633036645623,17.455230570984448,Morocco,"Middle East, North Africa, Afghanistan & Pakistan",Lower middle income,2026-04-01
ME,15.254215220025047,0.20602985970582302,1.268929161063623,0.75,1.2488126668186137,1.0,0.0,0.0,0.0,0.0,0.0,0.0,0.0,0.0,1.0,0.0,9.493274875543765,13.34314413952935,Montenegro,Europe & Central Asia,Upper middle income,2026-04-01
MH,14.699715353349319,0.27221637387544567,0.9968498489113604,0.8333333333333334,1.410998906166121,1.0,0.0,0.0,0.0,0.0,0.0,0.0,0.0,0.0,1.0,0.0,8.934624344776042,10.533375393456883,Marshall Islands,East Asia & Pacific,Upper middle income,2026-04-01
MK,16.570528734852246,0.2811583627587662,0.6576068053645086,1.0,1.3148264998519545,0.9953674702891734,0.0022650555362657113,0.0,0.0,0.0,0.0,4.0010936316232316e-05,1.6459297965996436e-05,0.0,0.9976784742294521,0.0,9.136893661523073,14.416739250425303,North Macedonia,Europe & Central Asia,Upper middle income,2026-04-01
MM,18.701826790328383,0.1768538404292555,0.1936929252008722,1.0,0.6791172639542356,0.4029691465365969,0.012773109602066604,0.06521892547068556,0.022408850664407978,0.010698919982573989,0.006018711815910076,0.5468521376985568,0.012605049136413707,1.8330467731246473e-06,0.31401429294019423,0.009408169642417854,7.214541216712384,17.81371292935685,Myanmar,East Asia & Pacific,Lower middle income,2026-04-01
MN,15.580815698741459,1.1841820187820684,0.9688715601802435,0.8055555555555556,1.4268420301186509,0.9994148921129806,0.0,0.0,0.0,0.0,0.0,0.0,0.0,0.0,0.9997073604185657,0.00029263958143422317,8.81739112999449,15.075330850575941,Mongolia,East Asia & Pacific,Upper middle income,2026-04-01
MO,14.677174035979174,0.15933321161034286,0.26837037032265165,1.0,2.108623814390279,0.7495613484060755,0.0,0.00019031132848506245,0.0,4.878131147578757e-06,4.900099002404607e-06,0.8588000246619589,0.002916243289600316,0.0,0.10426808377681904,0.03381555871298689,11.184487280578905,13.440089571204487,"Macao SAR, China",East Asia & Pacific,High income,2026-04-01
MT,13.046472348241155,0.4016233154414765,1.7132057377875471,0.8888888888888888,1.64193375149532,0.6295217592784956,0.23892053798185608,0.0,0.0,0.0,0.0,0.0037475083750953507,0.0007447892800367559,0.0,0.7565871643630118,0.0,10.692481907506956,13.251366784155943,Malta,"Middle East, North Africa, Afghanistan & Pakistan",High income,2026-04-01
MU,15.827775287675939,0.049922939696847274,0.4406829143618049,1.0,0.9372826519408475,0.608437446144028,0.02723089580126402,0.0,0.05172416299477391,0.15186656636110019,0.0007281871707942876,0.005610048097691118,0.0,0.0,0.7628401395743765,0.0,9.391906271952735,14.035271595021802,Mauritius,Sub-Saharan Africa ,Upper middle income,2026-04-01
MV,14.10089294266001,-0.1546702623327464,1.1728362191578856,0.9722222222222222,0.9131314455538396,0.4092570175984705,0.0548211429096254,0.0,0.29674915105205296,0.00799359089198728,0.0,0.010590978960561954,0.06252066882097221,0.0,0.5604095690286943,0.006914898336105909,9.501467854011015,13.176470808392498,Maldives,South Asia,Upper middle income,2026-04-01
MX,17.178906570607538,0.7254034092235397,0.5908636490131679,1.0,1.7427655709070233,0.493640437471097,0.02835845113794567,0.0,0.13559933560208418,0.0,0.0,4.191832789084046e-07,0.0,2.7694067346046863e-05,0.1680177828049862,0.6679963172043589,9.545958127526983,18.689646302623085,Mexico,Latin America & Caribbean ,Upper middle income,2026-04-01
MY,19.38537432762496,-0.18799857941975698,0.13794356893140539,1.0,0.3295589477178608,0.22817249261847689,0.020103603182719785,0.30415349589856416,0.010315589499897214,0.04887456316612779,0.03760588757091075,0.1784856499946216,0.07370972216886602,0.002567114684657184,0.30614956612012895,0.018034807713506667,9.382142406133784,17.38666652777361,Malaysia,East Asia & Pacific,Upper middle income,2026-04-01
MZ,16.12306111938993,0.30482450544907075,0.5658564533438988,1.0,0.8137805481271407,0.9999289567764638,0.0,0.0,0.0,0.0,3.5522873642796605e-05,0.0,0.0,0.0,0.9999644771263573,0.0,6.487647714306249,17.36028191132437,Mozambique,Sub-Saharan Africa ,Low income,2026-04-01
NA,16.737392700982074,-0.604754844747118,0.7734327710980055,0.8888888888888888,0.8075335053914203,0.999971034888983,1.4482765258914166e-05,0.0,0.0,0.0,0.0,0.0,0.0,0.0,0.999985517234741,0.0,8.412243368186562,14.924116410874408,Namibia,Sub-Saharan Africa ,Lower middle income,2026-04-01
NC,13.665161368806551,-0.37380700848302995,1.0683597845167607,0.9444444444444444,1.46941687549505,0.592400444655015,0.013755652163502406,0.0,0.0,0.0,0.0,0.07601050501793696,0.02284499319188275,0.0,0.7536801106769553,0.13370873894972268,10.28237567798587,12.586695046451004,New Caledonia,East Asia & Pacific,High income,2026-04-01
NG,15.542314580753482,0.3558677064625558,0.41522443161849265,1.0,1.18838443668977,0.6768183721652739,0.0050320086455437054,0.0,0.0,0.0,0.8070395328898488,0.03142109876497988,0.0,0.0,0.15650226175238524,5.097947242394026e-06,6.988561158182107,19.265172433579874,Nigeria,Sub-Saharan Africa ,Lower middle income,2026-04-01
NI,15.999757881478077,0.3385937893479626,0.7218753635156029,0.8611111111111112,0.7360251900470846,1.0,0.0,0.0,0.0,0.0,0.0,0.0,0.0,0.0,1.0,0.0,7.9543288709485465,15.749368368495412,Nicaragua,Latin America & Caribbean ,Lower middle income,2026-04-01
NL,17.750914770925483,0.11308427002800392,0.30931022100312666,1.0,1.5436173125228891,0.7208165235580766,0.008122119920243831,0.0,0.00044312461791915593,0.008190050272893894,0.024217327080763563,0.015598918605425113,0.05554400188060503,0.0,0.8455632784724321,0.042321179149717315,11.11936897909982,16.705520305898293,Netherlands,Europe & Central Asia,High income,2026-04-01
NO,16.974851555656585,0.4127426482499456,0.5327253814353805,1.0,1.6272661781583195,0.887718197115796,0.00022056671654853926,0.0,0.0386768232296753,0.0,0.009027132177238505,0.005214377863890933,0.002181469230639688,0.0,0.9413275613630644,0.0033520694189426298,11.406330337720568,15.533314684415792,Norway,Europe & Central Asia,High income,2026-04-01
NP,14.114024287143891,0.945688743799221,0.8595270703832458,1.0,1.5236863363971436,0.5491598127521438,0.2934989469727761,0.0,0.002428826785385713,0.004173836947250108,0.0,0.009912683854235903,0.003726358228334043,0.0,0.6803289973737379,0.005930349838280189,7.286385106851251,17.2050082308369,Nepal,South Asia,Lower middle income,2026-04-01
NZ,18.735891565260083,0.017401777569778797,0.20225523774084717,1.0,1.647913771777254,0.7011805017913281,0.0,0.0,6.702671133663294e-05,0.008068201861407975,0.00043917468984947374,0.03554848612685327,0.003075592054757474,0.0,0.8270620542118768,0.12573946434391847,10.80836060284596,15.481328803834483,New Zealand,East Asia & Pacific,High income,2026-04-01
OM,17.359672443568826,-0.29286315229004833,0.537459219027261,1.0,1.2531844610832592,0.8597573671901481,0.007077748710121984,0.0,0.0520658311735994,0.01321994245343474,6.473755903093875e-06,0.0019803143348319716,5.19339912931485e-06,0.0,0.9256444961729794,0.0,9.917648179744713,15.479727901145155,Oman,"Middle East, North Africa, Afghanistan & Pakistan",High income,2026-04-01
PA,17.273261789072667,-0.15452260459510345,0.4212446332528463,1.0,1.1589492851996148,0.9928458699673127,0.0,0.0,0.0,0.003544176437166414,0.0,0.0,0.0,0.0,0.9964102100541237,4.561350870983306e-05,9.860643663443586,15.323043532902753,Panama,Latin America & Caribbean ,High income,2026-04-01
PE,18.951841981969398,0.5508446097270812,0.4020269873633778,1.0,1.5151507320275444,0.9970032307677142,0.0007655703639886127,0.0,4.939307888108344e-07,0.0,8.745161230195945e-07,4.878332160743856e-05,0.0006843159242647128,0.0,0.9984999619432274,0.0,9.050910391136666,17.34825793725037,Peru,Latin America & Caribbean ,Upper middle income,2026-04-01
PF,14.832028392287658,0.04371523758758218,0.8777997943514408,0.75,1.3783718809769738,1.0,0.0,0.0,0.0,0.0,0.0,0.0,0.0,0.0,1.0,0.0,10.018595184694655,12.54897771845048,French Polynesia,East Asia & Pacific,High income,2026-04-01
PG,16.762166283437374,0.6299879899900686,0.8894875628415024,0.9166666666666666,0.5328547132055031,0.9999226754375792,0.0,0.0,0.0,0.0,0.0,0.0,0.0,0.0,0.999961336223902,3.866377609806285e-05,7.976764147427887,16.174145305907796,Papua New Guinea,East Asia & Pacific,Lower middle income,2026-04-01
PH,17.942604170097518,-0.1371721146376725,0.27427352543315797,1.0,1.2268797728620349,0.6363651285733223,0.011624130810966596,0.0,0.022136587845067408,0.1036321307975943,4.033487034303805e-06,0.037626940612528054,0.00260547244020987,0.000993003841671423,0.7890049459055419,0.03237275425938608,8.290366527436277,18.56775216772966,Philippines,East Asia & Pacific,Upper middle income,2026-04-01
PK,13.200615194390027,1.0210051700146614,0.8949106185075977,1.0,1.862573757329487,0.41681612940121743,0.5064268148072282,0.0,0.0001546206608930881,0.0,0.0,0.06110292519235001,0.038441735335735416,0.0,0.39387390400379335,0.0,7.299444299310096,19.342035289055662,Pakistan,"Middle East, North Africa, Afghanistan & Pakistan",Lower middle income,2026-04-01
PL,15.04994008846184,0.06332011004460994,0.7763301758045611,1.0,2.2229027375620265,0.3538385619232439,0.42782181777855466,0.0,0.0,0.0,7.469115533191066e-06,0.15274686392232095,0.03409138032028291,0.0,0.38249862322465883,0.0028338456386495224,10.130765173254584,17.414444325117902,Poland,Europe & Central Asia,High income,2026-04-01
PT,15.155900857972235,0.9160139601608834,1.303556444116744,0.9722222222222222,1.4672921441605702,0.6978323144640463,0.01398774774377641,0.0,0.11949898859815751,0.0,7.87324418386877e-07,0.00036654034874355546,0.034255624307930416,0.0,0.8259221805733741,0.005968131103599554,10.286308429024189,16.185257073031835,Portugal,Europe & Central Asia,High income,2026-04-01
PY,15.12550126634093,-0.202834978874772,1.0048255966603332,0.7777777777777778,1.0473773918482807,1.0,0.0,0.0,0.0,0.0,0.0,0.0,0.0,0.0,1.0,0.0,8.77285926232437,15.75124814147412,Paraguay,Latin America & Caribbean ,Upper middle income,2026-04-01
QA,17.552076559248274,-0.2602497935649707,0.4245080072002557,1.0,0.9976463045234523,0.49017887266949006,0.003185108462778433,0.0,0.3227289213493962,0.03856714173219326,0.0014325540713231385,0.009401630409126126,0.0007987156804516245,0.0,0.6200171760529469,0.003868752241784313,11.234336413121456,14.865570354216782,Qatar,"Middle East, North Africa, Afghanistan & Pakistan",High income,2026-04-01
RO,15.20990651460354,-0.7062070941673503,1.0828156955418475,1.0,1.178178737075858,0.7864369827807143,0.07189296179055556,0.0,0.0,0.0,9.934190306599042e-07,0.023416194165871283,4.313883703309193e-05,0.0,0.8833263885052199,0.021320323282289486,9.907490013071868,16.762672353216125,Romania,Europe & Central Asia,High income,2026-04-01
RS,17.439333473379374,-0.1454957571692572,0.40927444481679126,1.0,1.2839595568096214,0.9971809276383042,0.001227770081760731,0.0,0.0,0.0,0.0,8.92999803119479e-05,9.422413044762793e-05,0.0,0.9985887058074797,0.0,9.52352785975523,15.700529013828483,Serbia,Europe & Central Asia,Upper middle income,2026-04-01
RU,18.650000698573432,0.23754495279076326,0.4685462628971573,1.0,1.4854934672960665,0.7415703155079938,0.015707228492881045,0.0,0.0,0.0620645070672013,0.01898794643038682,0.027308027573418697,0.003531631073005612,0.0,0.8579890192628117,0.01441164010029481,9.613262079109674,18.78302711092474,Russian Federation,Europe & Central Asia,High income,2026-04-01
SA,19.805741701692938,-0.005312025851302715,0.23151412286183204,1.0,1.408225409195429,0.9857467194236635,0.0020957526199014407,0.0,0.0037549523584276966,6.618242931152297e-05,5.8166698776988905e-08,7.45926310882922e-05,0.0011706869666531707,0.0,0.9928377748279191,0.0,10.478070378654628,17.3794014538834,Saudi Arabia,"Middle East, North Africa, Afghanistan & Pakistan",High income,2026-04-01
SC,17.173427908239198,0.16263296853772635,0.8670776251417983,0.8888888888888888,0.8240185394186532,0.9884765156629618,0.0,0.0,0.9942048440356618,0.0,0.0,0.005765686393778954,0.0,0.0,2.4356845113252032e-05,5.112725445991846e-06,9.818176146203912,11.706467173116646,Seychelles,Sub-Saharan Africa ,High income,2026-04-01
SE,16.472610497976635,-0.2631245962087875,0.4329101746279349,1.0,1.455352328592847,0.7778437268940444,0.0033460890357824877,0.0,0.0,0.0,0.013114037027844666,0.0014640056409957062,0.000578699908750037,0.0,0.8754495905823381,0.10604757780428893,10.954706127532543,16.173502826720043,Sweden,Europe & Central Asia,High income,2026-04-01
SG,18.787412657803664,0.06676690351454496,0.14537724891374998,1.0,1.3823332634219356,0.3143775743838862,0.011771430177437895,0.023289970303478895,0.03267131002299065,0.053102192610379226,0.018986640716116252,0.22634660349139257,0.009093276547856192,0.00026216725015120867,0.48992880811444844,0.1345476007657488,11.460542757910217,15.613394567183342,Singapore,East Asia & Pacific,High income,2026-04-01
SO,17.38720648784144,0.058796010399736816,0.8560206094177596,0.8611111111111112,1.5969068212714743,1.0,0.0,0.0,0.0,0.0,0.0,0.0,0.0,0.0,1.0,0.0,6.444987645775389,16.7604310527624,"Somalia, Fed. Rep.",Sub-Saharan Africa ,Low income,2026-04-01
SR,15.219908491794419,0.282288744684445,0.8274451790616189,0.8611111111111112,1.0196274907655538,1.0,0.0,0.0,0.0,0.0,0.0,0.0,0.0,0.0,1.0,0.0,8.848191841054817,13.360483813178273,Suriname,Latin America & Caribbean ,Upper middle income,2026-04-01
SV,15.133455616533722,-0.06073880806070435,0.7110446811984837,0.8888888888888888,0.8606436368686841,1.0,0.0,0.0,0.0,0.0,0.0,0.0,0.0,0.0,1.0,0.0,8.613067425115718,15.662104270015824,El Salvador,Latin America & Caribbean ,Upper middle income,2026-04-01
SY,17.48550358464023,1.4487721208593545,0.8362975484954138,0.9444444444444444,1.3262443974936526,1.0,0.0,0.0,0.0,0.0,0.0,0.0,0.0,0.0,1.0,0.0,,17.021210359021207,Syrian Arab Republic,"Middle East, North Africa, Afghanistan & Pakistan",Low income,2026-04-01
TR,17.325945672852548,0.769588394253722,0.654486771286184,1.0,1.2818532803613876,0.9710600038540069,0.00844777079562266,0.0,0.0,0.0,0.0,0.0,4.834319906200602e-06,0.0,0.9853681831383728,0.006179211746098379,9.673616152965664,18.26424516740227,Turkiye,Europe & Central Asia,Upper middle income,2026-04-01
TT,16.82569893142789,0.22992614325947205,0.3420007702257548,1.0,1.3152801251840807,1.0,0.0,0.0,0.0,0.0,0.0,0.0,0.0,0.0,1.0,0.0,9.83806389528244,14.129103768595167,Trinidad and Tobago,Latin America & Caribbean ,High income,2026-04-01
TZ,14.776174465077881,0.9855167816056289,0.9000175727976815,0.8333333333333334,0.46709940301209996,0.9555105780023101,0.0015967710810474117,0.0,0.016137656756852095,0.0,0.004910215013358227,0.0,0.0,0.0,0.9773553571487422,0.0,7.0838966858072085,18.04322212221617,Tanzania,Sub-Saharan Africa ,Lower middle income,2026-04-01
UA,17.64953547267101,0.551069719216738,0.36439495152684737,1.0,1.2252614159718258,0.9369242156264668,0.001439991116122442,0.0,0.0,0.0,0.0,0.0038994395135863676,0.009328244696295,0.0,0.9677345917504288,0.017597732923567512,8.592601649881207,17.44941154102371,Ukraine,Europe & Central Asia,Upper middle income,2026-04-01
US,21.932394119146956,0.02502644783685098,0.15873728833503079,1.0,1.8094135833518807,0.42275990462264496,0.0030061843953040476,0.00010667962847985345,0.0054008196247543865,0.03388098747148122,0.0020947619712141496,0.11104499614835053,0.03462095375409799,0.00015712621714582533,0.605147059443298,0.2045404313458739,11.36407347079314,19.64446734315918,United States,North America,High income,2026-04-01
UZ,12.807279823353882,-0.053381871616391144,2.4818423597562247,0.7222222222222222,1.7595366848108582,0.3163035091734622,0.2908416082213658,0.0,0.0,0.0,0.014665090919505751,0.3344662579024319,5.907955554392261e-05,0.0,0.3455790521371048,0.014388911264047875,8.112963795676952,17.409030953579343,Uzbekistan,Europe & Central Asia,Lower middle income,2026-04-01
VN,18.996021885903236,-0.04931683418760147,0.31657743826851087,1.0,0.9955706226814534,0.4351485350252315,0.008021639415519725,5.061491427908763e-08,0.6245031961272536,0.047808723253525656,0.010252799338820598,0.08605927994602684,0.01369836011598057,0.0,0.18581408171962102,0.023841869468337697,8.458856187822017,18.430509146580512,Viet Nam,East Asia & Pacific,Upper middle income,2026-04-01
VU,14.942067838320403,0.18551207500597552,0.7799241678125812,0.9166666666666666,0.7770574158457803,1.0,0.0,0.0,0.0,0.0,0.0,0.0,0.0,0.0,1.0,0.0,8.283968251903687,12.700088778095612,Vanuatu,East Asia & Pacific,Lower middle income,2026-04-01
YE,18.21055175170502,-0.039583360570854924,0.42610098675214403,1.0,1.4057702397258127,1.0,0.0,0.0,0.0,0.0,0.0,0.0,0.0,0.0,1.0,0.0,,17.51886385876556,"Yemen, Rep.","Middle East, North Africa, Afghanistan & Pakistan",Low income,2026-04-01
ZA,19.124332615689298,-0.26719862390603777,0.374395096363483,1.0,1.057426671505016,0.9301111574534993,0.0026124648516393924,0.0,0.0007514646092769043,0.0,0.00033046795386005835,0.007512577497259975,0.0006668505042311122,0.0,0.9640897389903539,0.024036435593378758,8.743082858954319,17.974505931894125,South Africa,Sub-Saharan Africa ,Upper middle income,2026-04-01
ZW,15.1785158676783,0.6638437967595278,0.770928126368894,0.7222222222222222,0.6693332669183653,1.0,0.0,0.0,0.0,0.0,0.0,0.0,0.0,0.0,1.0,0.0,7.822506886994904,16.626981775110302,Zimbabwe,Sub-Saharan Africa ,Lower middle income,2026-04-01
