iso2,name_th,name_en
AE,สหรัฐอาหรับเอมิเรตส์,United Arab Emirates
AG,แอนติกาและบาร์บูดา,Antigua and Barbuda
AL,แอลเบเนีย,Albania
AM,อาร์เมเนีย,Armenia
AO,แองโกลา,Angola
AR,อาร์เจนตินา,Argentina
AS,อเมริกันซามัวร์,American Samoa
AT,ออสเตรีย,Austria
AU,ออสเตรเลีย,Australia
AW,อารูบา,Aruba
AZ,อาเซอร์ไบจาน,Azerbaijan
BA,บอสเนียและเฮอร์เซโกวีนา,Bosnia and Herzegovina
BB,บาร์เบโดส,Barbados
BD,บังคลาเทศ,Bangladesh
BE,เบลเยียม,Belgium
BF,บูร์กินาฟาโซ,Burkina Faso
BG,บัลแกเรีย,Bulgaria
BH,บาห์เรน,Bahrain
BJ,เบนิน,Benin
BM,เบอร์มิวดา,Bermuda
BN,บรูไน,Brunei Darussalam
BO,โบลิเวีย,Bolivia
BR,บราซิล,Brazil
BS,บาฮามาส,"Bahamas, The"
BT,ภูฏาน,Bhutan
BW,บอตสวานา,Botswana
BY,เบลารุส,Belarus
BZ,เบลีซ,Belize
CA,แคนาดา,Canada
CD,"Congo, the Democratic Republic of the","Congo, Dem. Rep."
CG,คองโก,"Congo, Rep."
CH,สมาพันธรัฐสวิส,Switzerland
CI,ไอเวอรี่โคส,Cote d'Ivoire
CK,หมู่เกาะคุก,
CL,ชิลี,Chile
CM,แคเมอรูน,Cameroon
CN,จีน,China
CO,โคลัมเบีย,Colombia
CR,คอสตาริกา,Costa Rica
CU,คิวบา,Cuba
CW,CURACAO,Curacao
CY,ไซปรัส,Cyprus
CZ,เช็ก,Czechia
DE,เยอรมนี,Germany
DJ,จิบูตี,Djibouti
DK,เดนมาร์ก,Denmark
DM,โดมินิกัน,Dominica
DO,สาธารณรัฐโดมินิกัน,Dominican Republic
DZ,แอลจีเรีย,Algeria
EC,เอกวาดอร์,Ecuador
EE,เอสโตเนีย,Estonia
EG,อียิปต์,"Egypt, Arab Rep."
ES,สเปน,Spain
ET,เอธิโอเปีย,Ethiopia
FI,ฟินแลนด์,Finland
FJ,ฟิจิ,Fiji
FK,หมู่เกาะฟอล์กแลนด์,
FM,ไมโครนีเซีย,"Micronesia, Fed. Sts."
FO,หมู่เกาะแฟโร,Faroe Islands
FR,ฝรั่งเศส,France
GA,กาบอง,Gabon
GB,สหราชอาณาจักร,United Kingdom
GD,เกรเนดา,Grenada
GE,จอร์เจีย,Georgia
GF,เฟรนช์เกียนา,
GH,กานา,Ghana
GI,ยิบรอลตาร์,Gibraltar
GL,กรีนแลนด์,Greenland
GN,กินี,Guinea
GP,กัวเดอลุป,
GR,กรีซ,Greece
GS,เกาะเซาท์จอร์เจียและหมู่เกาะเซาท์แซนด์วิช,
GT,กัวเตมาลา,Guatemala
GU,กวม,Guam
GY,กายอานา,Guyana
HK,ฮ่องกง,"Hong Kong SAR, China"
HN,ฮอนดูรัส,Honduras
HR,โครเอเชีย,Croatia
HT,เฮติ,Haiti
HU,ฮังการี,Hungary
ID,อินโดนีเซีย,Indonesia
IE,ไอร์แลนด์,Ireland
IL,อิสราเอล,Israel
IN,อินเดีย,India
IQ,อิรัก,Iraq
IR,อิหร่าน,"Iran, Islamic Rep."
IS,ไอซ์แลนด์,Iceland
IT,อิตาลี,Italy
JM,จาเมกา,Jamaica
JO,จอร์แดน,Jordan
JP,ญี่ปุ่น,Japan
KE,เคนยา,Kenya
KH,กัมพูชา,Cambodia
KI,คิริบาส,Kiribati
KR,เกาหลีใต้,"Korea, Rep."
KW,คูเวต,Kuwait
KY,หมู่เกาะเคย์แมน,Cayman Islands
KZ,คาซัคสถาน,Kazakhstan
LA,ลาว,Lao PDR
LB,เลบานอน,Lebanon
LC,เซนต์ลูเซีย,St. Lucia
LI,ลิกเตนสไตน์,Liechtenstein
LK,ศรีลังกา,Sri Lanka
LR,ลิเบีย,Liberia
LT,ลิทัวเนีย,Lithuania
LV,ลัตเวีย,Latvia
LY,ลิยานอาหรับจามาฐิยา,Libya
MA,โมร็อกโก,Morocco
MC,โมนาโก,Monaco
MD,มอลโดวา,Moldova
ME,มอนเตเนโกร,Montenegro
MG,มาดากัสการ์,Madagascar
MH,หมู่เกาะมาร์แชลล์,Marshall Islands
MK,มาซิโดเนีย,North Macedonia
ML,มาลี,Mali
MM,พม่า,Myanmar
MN,มองโกเลีย,Mongolia
MO,มาเก๊า,"Macao SAR, China"
MP,หมู่เกาะนอร์เทิร์นมาเรียนา,Northern Mariana Islands
MQ,มาร์ตีนิก,
MR,มอริเตเนีย,Mauritania
MT,มอลต้า,Malta
MU,มอริเชียส,Mauritius
MV,มัลดีฟส์,Maldives
MX,เม็กซิโก,Mexico
MY,มาเลเซีย,Malaysia
MZ,โมซัมบิก,Mozambique
NA,นามิเบีย,Namibia
NC,นิวแคลิโดเนีย,New Caledonia
NE,ไนเจอร์,Niger
NG,ไนจีเรีย,Nigeria
NI,นิคารากัว,Nicaragua
NL,เนเธอร์แลนด์,Netherlands
NO,นอร์เวย์,Norway
NP,เนปาล,Nepal
NR,นาอูรู,Naoero
NZ,นิวซีแลนด์,New Zealand
OM,โอมาน,Oman
PA,ปานามา,Panama
PE,เปรู,Peru
PF,เฟรนซ์โปลินีเซีย,French Polynesia
PG,ปาปัวนิวกินี,Papua New Guinea
PH,ฟิลิปปินส์,Philippines
PK,ปากีสถาน,Pakistan
PL,โปแลนด์,Poland
PR,เปอร์โตริโก,Puerto Rico (US)
PS,ปาเลสไตน์,West Bank and Gaza
PT,โปรตุเกส,Portugal
PW,ปาเลา,Palau
PY,ปารากวัย,Paraguay
QA,กาตาร์,Qatar
RE,รียูเนี่ยน,
RO,โรมาเนีย,Romania
RS,เซอร์เบีย,Serbia
RU,รัสเซีย,Russian Federation
RW,รวันดา,Rwanda
SA,ซาอุดิอาระเบีย,Saudi Arabia
SB,หมู่เกาะโซโลมอน,Solomon Islands
SC,เซเชลส์,Seychelles
SD,ซูดาน,Sudan
SE,สวีเดน,Sweden
SG,สิงคโปร์,Singapore
SI,สโลเวเนีย,Slovenia
SK,สโลวาเกีย,Slovak Republic
SL,เซียร์ราลีโอน,Sierra Leone
SN,เซเนกัล,Senegal
SO,โซมาเลีย,"Somalia, Fed. Rep."
SR,Suriname,Suriname
SS,ซูดานใต้,South Sudan
SV,เอซาวาดอร์,El Salvador
SY,ซีเรีย,Syrian Arab Republic
TG,โตโก,Togo
TH,ไทย,Thailand
TL,ติมอร์-เลสเต,Timor-Leste
TM,เติร์กเมนิสถาน,Turkmenistan
TN,ตูนีเซีย,Tunisia
TO,ตองกา,Tonga
TR,ตุรกี,Turkiye
TT,ตรินิแดดและโตเบโก,Trinidad and Tobago
TV,ตูวาลู,Tuvalu
TW,ไต้หวัน,
TZ,แทนซาเนีย,Tanzania
UA,ยูเครน,Ukraine
UG,อูกานดา,Uganda
US,สหรัฐอเมริกา,United States
UY,อุรุกวัย,Uruguay
UZ,อุซเบกิสถาน,Uzbekistan
VC,เซนต์วินเซนต์และเกรนาดีนส์,St. Vincent and the Grenadines
VE,เวเนซูเอร่า,"Venezuela, RB"
VN,เวียดนาม,Viet Nam
VU,วานูอาตู,Vanuatu
WF,หมู่เกาะวาลลิสและหมู่เกาะฟุตูนา,
WS,ซามัว,Samoa
YE,เยเมน,"Yemen, Rep."
YT,มายอต,
ZA,แอฟริกาใต้,South Africa
ZM,แซมเบีย,Zambia
ZW,ซิมบับเว,Zimbabwe
LU,ลักเซมเบิร์ก,Luxembourg
CF,แอฟริกากลาง,Central African Republic
CV,เคปเวิร์ด,Cabo Verde
BL,แซงบาร์เตเลมี,
KM,คอโมโรส,Comoros
GQ,อิเควทอเรียลกินี,Equatorial Guinea
TD,ชาด,Chad
AN,เนเธอร์แลนด์แอนทิลลิส,
KG,คีร์กิซ,Kyrgyz Republic
