hs4,iso2,risk,yoy_cur,proj3,proj12,base,known_ratio
0301,CN,0.06946920757607276,0.012864101379502557,-0.08693874948674174,-0.06336446857724476,5901801.418,0.43886137630800237
0301,IN,0.13481678787290824,0.06617768250302958,-0.07287102557715353,-0.09989184113553806,1237053.483,0.44563330411802415
0301,LA,0.5650807549809383,0.18430505183309243,-0.17187910667496797,-0.1431479428712632,3522394.2090000003,0.3860347224980348
0301,MY,0.002800916036432478,0.9108652045361265,0.6531547956408006,0.4491875479628591,2001482.273,0.7630706764695887
0301,US,0.09469574938745953,-0.1308439499475027,-0.14906797097605373,-0.14637097184600245,3343752.469,0.40652337982617576
0302,HK,0.6974408481346982,-0.2893267964923045,-0.2733880703505617,-0.14226968994152123,2850111.0930000003,0.4201156530146525
0302,KH,0.9502978197848221,-0.6954692209313568,-1.0,-0.8130632665357247,2955440.532,0.0
0302,MM,0.30720646014656133,0.25705732776668655,-0.06709159259243225,-0.02526039048205042,2485924.1010000003,0.46135607420139807
0302,MY,0.9422457041313902,-0.5690188846655715,-0.4224264063909421,-0.3964386502292182,23234824.863,0.29550941517677837
0303,AE,0.28025052090051145,-0.10523646926095398,-0.12977368349963392,-0.04142746063675484,18114744.543,0.495782279495102
0303,BH,0.9124825247018217,-0.39399696623028213,-0.5244111996685241,-0.3826233996763112,1079622.524,0.2987597200222918
0303,CN,0.9295911849979828,-0.3474967290259353,-0.3559454143444154,-0.29428942314146844,28908027.926000003,0.3482164624915963
0303,HK,0.6640323392352637,-0.01946200550319488,-0.30603226669648764,-0.1749088449899291,3520453.234,0.37600889289359035
0303,IT,0.0031307030570535974,0.3045287504016443,0.9152113754502706,0.3635538629320083,6333701.848,0.7405157246991396
0303,JP,0.00440437673283404,0.40871141177735226,0.3524505564595981,0.29011061341890776,13133662.754,0.6615195714047036
0303,KH,0.941090297517471,-0.6973975106506572,-1.0,-0.7985543035898577,2961912.176,0.0
0303,KR,0.9001346127081322,0.6492120822215857,-0.695919885154003,-0.4071535373047436,1823272.256,0.17180626424230525
0303,MM,0.39384513328529525,0.25838712824359944,-0.12180752428205499,-0.08770962200966281,1066525.888,0.437303978504083
0303,QA,0.5956715963838,0.39973378154301464,-0.29172754760408937,0.06453081058468024,3932172.9450000003,0.5349664280852224
0303,SG,0.002946753823234169,0.11377691426771408,0.7863522265937712,0.6342655613889101,1008661.09,0.9344291589556608
0303,US,0.06090114678721592,0.10718217560175058,-0.009616577700463758,0.023107251193310585,6415792.699,0.5146716973125818
0303,VN,0.6934051547349637,-0.11222405313717965,-0.2447890810692046,-0.19961078728459059,42593127.469000004,0.3829355911906446
0304,AU,0.0019513691467798126,0.27154538930730143,0.7165476393556558,0.7784058237846858,1822601.1730000002,1.0265829906826247
0304,CN,0.10122536412200489,0.3235178076432068,0.0031329710117238285,0.04647510543227118,3568408.3759999997,0.520645566380657
0304,HK,0.6238489244994608,-0.2685755140452587,-0.35043402141266466,-0.21722876250397793,2177260.09,0.3897269108533561
0304,IT,0.8429973585223135,0.27142381998441567,-0.5831412798222686,-0.2806070558390883,1411324.107,0.25987201322566206
0304,JP,0.368942623460692,-0.17477779063749732,-0.260556037641135,-0.18085520550415968,114144102.02600001,0.38094829539326824
0304,KR,0.13729996051087234,-0.13886128255169738,-0.14871966495492595,-0.12182747916374825,5370482.419,0.4278217399746784
0304,MY,0.3201680743604115,0.6642926184791087,-0.162425318229522,-0.037024925240406126,5292597.979,0.4094546796485485
0304,PH,0.006809401386471176,0.15951273173164227,0.27268162151172337,0.18174958366908478,2236278.201,0.6286607687591549
0304,RU,0.0020099532100880516,0.8920276716511613,0.6258132323435885,0.5523754347915086,2355690.554,0.786019594490423
0304,SG,0.007759085113865783,0.41264039880912584,0.2749498116031388,0.24038345088015856,2555312.742,0.6306289263594178
0304,US,0.10471529832084242,-0.08901772317978163,-0.14952192052876445,-0.13304530667471792,36675783.013,0.40038390719006633
0304,VN,0.9136676398870396,-0.8247660313857519,-0.656330665252127,-0.5380916569345398,1773565.708,0.19644072470981716
0305,EE,0.0704320155932297,0.0004819398554947174,-0.046864410727570194,0.010899471789640236,2537773.209,0.5028619809186424
0305,HK,0.9672096686742845,0.010259910930894955,-0.6402318775045027,-0.399318108590219,5426842.085000001,0.23703469897447732
0305,JP,0.04542284950956809,0.0587647722221698,-0.07965744454749435,-0.03983482149801476,11280041.032000002,0.4688664055384439
0305,LK,0.0009711257637960039,0.8303713936075974,1.1372687467930316,0.8736429546133337,9636614.684,1.036730779283693
0305,MY,0.8847567651250879,-0.46271853631941917,-0.4645338839137162,-0.32547119196633434,2720162.782,0.32721354688397464
0305,NG,0.005797626960049511,0.5312281510454686,0.3909623071327437,0.2653589165410828,1525652.31,0.639745766845134
0305,US,0.6105481948583229,-0.11327307209503501,-0.38291821717479424,-0.26693528500740615,2405482.93,0.3220982811131401
0306,AU,0.5030964954554705,0.2785713748179861,-0.44357005624395507,-0.11598015991442479,27865430.413999997,0.3357483142732841
0306,CA,0.022402223247335998,0.15827266592647282,-0.005927729528981129,0.06221839671277918,20528181.221,0.5006798385278148
0306,CN,0.017203820366941517,0.276570306577425,-0.04709450339225496,0.026962286032245597,295505882.716,0.49722709989909913
0306,GB,0.9566499493395495,-0.8566563467171766,-0.7933031328602943,-0.7095963271353061,3102004.171,0.1279182773864813
0306,HK,0.01863851324093062,-0.05728060029028348,-0.01286404457362511,-0.01461882601148401,27019786.896,0.49171571471449554
0306,IT,0.9594354904654746,-0.3276242146286026,-0.7379767552982839,-0.5108633472642035,4761302.225,0.1635868813179571
0306,JP,0.793272984011971,-0.19504521341865688,-0.3076219619189823,-0.21752928440166208,80611981.158,0.35363221980769965
0306,KH,0.9226840650445529,-0.8179960132141522,-1.0,-0.8773368805140702,2008300.637,0.0
0306,KR,0.026757935690008568,0.15169917815953027,0.042856900221403205,0.02110586750334753,28529303.162,0.5003795947604646
0306,MM,0.021979283243878645,0.5090506090028091,0.12310810474793699,0.14359463587837284,27791337.849,0.5728688038158936
0306,MY,0.002126236894430869,0.15715156632323546,0.6549518632137612,0.3953760430744344,9859177.504,0.7398164062915729
0306,NZ,0.813579792179936,0.15512469506097437,-0.5100099203544237,-0.28287976843086693,1646133.727,0.2386602956711062
0306,RU,0.7049935185974774,0.8053629509957216,-0.7761483889338869,-0.2514880897228654,1325874.018,0.20439622265831295
0306,SG,0.1596812406104161,-0.12091340557417818,-0.19789420197128404,-0.1562682679064038,10673219.508,0.386923207370055
0306,US,0.020061595868024373,0.008675658311371848,0.007339146889438597,0.0938973856684926,114365708.119,0.5473148645122673
0306,VN,0.12026849874318718,-0.3642600679282917,-0.04620511416129647,0.006576266348973903,3630041.0039999997,0.5462458167318267
0307,AE,0.9191517688515498,-0.179757944009593,-0.5868462423392026,-0.42100245619040977,1785337.97,0.24553666609129474
0307,AU,0.014629374559684183,0.2806731333887216,0.1769719343974001,0.11955415682926418,12877340.143,0.5791902563088179
0307,CA,0.1744401115569554,0.010701637175859924,-0.13838691031359596,-0.02798046793498965,14876826.379999999,0.49623246944151006
0307,CN,0.27740043733709113,0.08963931129865044,-0.21312316511110507,-0.021228565659564436,50306358.947000004,0.45883158976617794
0307,CY,0.04056314225396826,0.044674775914815834,0.027641593799404562,0.025596130801075034,3205283.843,0.5333760573914951
0307,DE,0.03353142593230722,0.6386000723381431,-0.04001953134386538,0.2052221704737316,3652785.005,0.5853475734469076
0307,GB,0.4090200665647588,0.1997468775543676,-0.31947376347265344,-0.035450362750373055,5859598.108,0.42495507679961175
0307,HK,0.694536096681844,-0.24994137387561366,-0.2940065802939732,-0.22347142375408624,4505273.187,0.36382328617267934
0307,IT,0.0028315892899940004,0.38269632450601354,0.4244854764050845,0.2657239169454142,83652019.218,0.676852203584545
0307,JP,0.010391876791547182,0.029502765385136076,0.14990708092494498,0.1296799020465369,51615348.05600001,0.5944349525399236
0307,KH,0.9452423309601615,-0.8474771287413273,-1.0,-0.8898091093332903,7165743.74,0.0
0307,KR,0.1538511492310813,0.021201297061607782,-0.08347065800142484,-0.12445462141580133,47707749.266,0.4142585059464288
0307,MY,0.03310816557625539,0.9672996994668879,0.15875774323165848,0.23596676505519953,7862387.784,0.5979085471421972
0307,US,0.34087502454336105,-0.20920109243472185,-0.15823812267942516,-0.1426818248198083,45229237.467,0.43317125158907777
0307,VN,0.002476094075196435,5.0,1.4230586788216755,0.754610265296322,1265814.682,0.8657951598952933
0308,JP,0.13864070927756922,-0.0019615939809951577,-0.1539860201565898,-0.05651886080464863,5958800.649999999,0.43401221200444084
0308,KR,0.005766982562306226,0.44582711369637473,0.6913995465804967,0.4354872082943646,5751827.129,0.6888476456504435
1604,AE,0.9140640636291052,-0.3244465105649357,-0.5592011554515776,-0.3698978580919515,114322982.43800001,0.26519022771682665
1604,AL,0.04001003903081143,-0.1074318131270019,0.057798568838355324,0.07442981925623027,2551556.223,0.5278774494008082
1604,AO,0.0032868585460405528,0.07320295409409261,0.4253287859764452,0.33952461003382295,3206884.723,0.7230737389371384
1604,AR,0.9451185587098277,-0.1641194896900019,-0.46901394242968786,-0.3609128093803665,20882970.366,0.2760492075584072
1604,AU,0.0031452667196581663,0.016093241943455627,0.1113010611695755,0.08758486833266699,240033385.803,0.5554400608272955
1604,BA,0.0015863903345932925,-0.10943052865951919,2.6954725551993297,1.4744615427064893,5230250.029,1.5739626984092694
1604,BB,0.23871856295922494,0.12716497001287852,-0.1826335996156404,-0.09940610884335932,6102043.547,0.42099604160691184
1604,BE,0.03367579602146759,-0.19496523685619083,-0.020831372643910107,-0.010032976050061815,2533196.967,0.5309678088683737
1604,BH,0.9045146708825391,0.02500885931188468,-0.6948635906006826,-0.4534941145505983,2904789.054,0.20193937428683245
1604,BN,0.007463942815935134,0.08852271330472194,0.39754695382670957,0.22217886524763442,1068793.824,0.6469270119959076
1604,BR,0.002738354890744988,4.3355668294625875,3.094384840134536,2.2038971625462804,2128576.779,1.8864012116520417
1604,BS,0.2092147394527425,-0.025332181376981566,-0.026065208418387442,-0.10284088910699718,4548118.745,0.4075766526627923
1604,CA,0.006732969342505921,0.07772488631163466,0.0017782567856861053,0.05871483378266262,149610790.82700002,0.5274281762352628
1604,CG,0.05899163162033288,0.4673875694080407,0.26412982350568526,0.18383454220854456,2347210.5640000002,0.6058957665802326
1604,CH,0.16456103576685382,-0.06410026771481325,-0.22312943353824644,-0.12328044206766542,38449034.782000005,0.4052098914143295
1604,CL,0.11020032488043273,-0.06809745514002508,-0.06581298605069663,-0.07764305468316912,70732194.926,0.4452237270304782
1604,CN,0.015129394419854723,0.12969009959406108,-0.000518259107869179,0.040302149713777435,38794644.791999996,0.5028826518350559
1604,CR,0.3665722995328068,-0.019111806660803587,-0.18907939531377815,-0.14006633999574059,3370661.3559999997,0.4292109287172188
1604,DE,0.03646161876596182,0.5137846317918937,0.09438452378289419,0.051077674169680565,12248280.901,0.4989260000153225
1604,DK,0.48548454032266586,-0.6348405931478484,-0.2719034632681886,-0.3541256823593322,3993654.071,0.36299891583674426
1604,DO,0.04378524237837413,-0.11632405718473915,0.08146236630651349,-0.05047295236347116,12231841.612,0.48880505369970945
1604,EG,0.013022812058961776,0.19152647417197022,0.17484511691476046,0.1497448492746576,134862304.639,0.5897570696267004
1604,ES,0.028304899175502655,-0.7379133563683402,-0.07320812250768083,0.2969748298388515,2356799.889,0.5930376382498205
1604,FI,0.7033644750323141,0.018366106255841563,-0.3143861508634114,-0.2350421409195732,9455915.866,0.32886637699278365
1604,FJ,0.8664856384072408,-0.42397698477276624,-0.48972718899899703,-0.43936569883523025,1089691.6139999998,0.27213206304439824
1604,FM,0.007279908258099636,-0.10803379888010678,0.24201473096123638,0.218994168119528,1386932.5750000002,0.6310539522802685
1604,FR,0.9343892829649738,0.025028459798855263,-0.664354365563359,-0.5130563840181119,10721632.215,0.1420868582741252
1604,GB,0.0873002724201393,-0.004304298543384211,-0.1590497995717418,-0.11357926813132568,43974573.403,0.41245245789610413
1604,GE,0.002121744367282033,1.0775272843642374,0.5954592883758467,0.510253922911182,3589902.0130000003,0.8066461425725826
1604,GH,0.7123225959527802,0.45447226710530675,-0.43241004843434117,-0.1456330828882526,4453585.711,0.3457349416666475
1604,GR,0.20702926368573799,-0.05863252632844229,-0.013053576081172968,-0.10838842982347252,7977276.905,0.42360980798873243
1604,GT,0.045622783547358485,-0.11670394857684174,-0.018460068136652352,-0.03238810347621646,4583828.368,0.5062840140789494
1604,GY,0.0641376578743333,0.05700671222281395,-0.059731038453427976,0.041200199896110234,2135599.335,0.5192044316683588
1604,HK,0.01901333909142332,0.11284468498553801,-0.09705675067512487,-0.018994829546475467,23367571.418,0.4807245381241012
1604,HN,0.42879094688623903,-0.12107757999245272,-0.058102712936683676,-0.2143907460085993,3884818.825,0.3751900702859675
1604,ID,0.28258029640857324,-0.03783630143924177,-0.06218646335169531,-0.12563039651948804,6121241.561,0.4310596219256115
1604,IE,0.1594798364772517,0.04543253165174943,-0.10067114702227753,0.0020554407365538374,1299762.602,0.49987049096524167
1604,IL,0.013013408651355142,-0.005264483620826876,0.04420597874331178,0.05528240718663158,97251306.81899999,0.5237081850611137
1604,IN,0.33573867133062746,0.31375764716379906,-0.2777436413303427,-0.07531729319148561,1153498.278,0.43875213310028016
1604,IQ,0.8055030680800628,-0.5499090328378146,-0.6460054956923685,-0.41607113155876396,9359515.516999999,0.27375360181263536
1604,IT,0.30033766391473615,-0.01749202988238807,-0.21598666919008747,-0.10730656662130056,9193177.669000002,0.40236059762808435
1604,JM,0.003104553551771761,0.4394531225459557,0.30542128058611406,0.3220464073764595,12514300.620000001,0.7062634075510964
1604,JO,0.5901795199474759,-0.06850465587309018,-0.4091392782004295,-0.1470853543592514,24066009.61,0.39850492517940955
1604,JP,0.014194225439265816,-0.019155763136290638,-0.08728081389741427,-0.05764222113613704,346853436.204,0.45284544908074525
1604,KH,0.9677488508642575,-0.5917337945934651,-0.5981952505623207,-0.5347815400438403,46033121.089,0.1994123266865243
1604,KR,0.12019133321561691,-0.06688857605300425,-0.1707868841982806,-0.11092864392723167,19033190.173,0.4237722567623924
1604,KW,0.6856903994335656,-0.08580050090218361,-0.39507054945854714,-0.16876880518793425,19424762.333,0.4035166884736576
1604,LA,0.031159660138913192,0.7378364584095325,0.030550704853693267,0.11856734584292927,11995175.356999999,0.5299162603146595
1604,LB,0.4592884136511401,-0.15840204916813438,-0.2530067895627681,-0.17100862830189345,28126440.173,0.39831635294375217
1604,LC,0.12354185124686569,-0.10611619882528933,-0.1339182276746238,-0.08488937872405311,2895443.8669999996,0.43221745662665967
1604,LY,0.3190280385994801,0.036764617698657576,-0.22453947598593516,-0.16053949566669667,194032938.394,0.38274756711768937
1604,ME,0.11541943255989982,0.8128813623037003,0.2892700263008814,0.08260866360129704,1578197.326,0.5180325112273065
1604,MK,0.004448777551209025,0.07178186548231236,0.43552877302074977,0.28564505696961695,4976851.97,0.7002244288169978
1604,MM,0.20637892629499568,0.07955499753262196,-0.1709351587700556,-0.11227155556376334,14698089.468999999,0.4198494845888192
1604,MU,0.16470585878877206,0.20657326720121372,-0.1441590852828053,-0.0053634041889183415,2061827.733,0.4646725794137914
1604,MY,0.0026023020747106594,0.1369088412150783,0.35232413269445306,0.2320899556175411,25566203.144,0.6492238464785626
1604,MZ,0.005381463766912571,0.7312046764165951,0.4840720430487486,0.3942822352997739,3218743.349,0.7199168708868686
1604,NA,0.8629718842390933,-0.48101355591657247,-0.8288230334551069,-0.5043349254436411,6016408.0879999995,0.1711769665448931
1604,NI,0.3398273546779066,0.09513035611603171,0.04834864072427547,-0.0986189473625585,3641379.31,0.43683196684060915
1604,NL,0.011970177274892595,0.11996050860274998,0.19376924011255925,0.09812559314385005,14711608.32,0.5514941483297999
1604,NO,0.04478942453766228,0.06600657325954962,-0.03710570846565053,-0.007113131284841145,8820757.763,0.49211917452357773
1604,NZ,0.006747665762000274,0.016295332245962246,0.09985333093688853,0.09634260196513988,35895134.177,0.5595399739129383
1604,OM,0.9277402246873134,-0.5327293672481741,-0.5148161955661688,-0.37547774315799165,10352822.782,0.2886056391494406
1604,PA,0.015625652629670292,0.006815461344933382,0.0907521840580301,0.11518365868933311,9493931.005,0.5873534214713834
1604,PE,0.013032469791991096,0.21115933193896397,0.05741717691386383,0.055978806769122924,66225941.11,0.5221704303085893
1604,PG,0.28973207011750807,-0.4813363126542729,-0.35468250214114816,-0.1075402086203272,5581318.836,0.3995385150937109
1604,PH,0.06299072117905362,0.028428146798394005,-0.10856031530273758,-0.08453685343153095,15198631.382000001,0.4284823394501614
1604,PY,0.41444444436461036,-0.28621814823722913,-0.04579085980785602,-0.16617824760923816,1080856.337,0.36098320067489226
1604,QA,0.06238380062997238,0.13194131969214284,0.0339321588725765,0.13246947913096774,7857760.775,0.5865850623328501
1604,RS,0.007035095845436614,-0.15681199090095732,0.1706268149545107,0.19088942344699422,10505775.704,0.6581669510008035
1604,RU,0.74616737022743,-0.024334868240906693,-0.4643558671490875,-0.23612597621705345,42248388.025,0.3105620258513993
1604,SA,0.04201123185017236,-0.11974365841340473,-0.1151214294868641,-0.06299689460942004,130651266.424,0.45488798492107607
1604,SE,0.16779611559134675,-0.14262692925125964,-0.1824797318574528,-0.12036544922232484,3907933.3400000003,0.42297372912711956
1604,SG,0.020607141598935595,0.0055251120310846336,-0.025299060941765816,-0.011003118085735397,25355170.355,0.49144794795443997
1604,SO,0.0210328670508304,2.3311205031306272,0.4926525852470016,0.2932589840375466,11231778.833,0.5872000154260872
1604,SR,0.45994987797853837,0.3737986132358919,-0.45675334414225943,-0.08749731547133177,1457439.269,0.34950547157241446
1604,SV,0.184017668706818,-0.35409827149021256,0.030423938981028797,-0.022529877004560217,1104122.317,0.5089585821676677
1604,SY,0.09402744923478443,0.6440405842666956,-0.02698722165948997,0.0821945312289527,19129721.485,0.5255647719117851
1604,TR,0.9087227846122968,0.13342127388611602,-0.6200288641863247,-0.28033877569210397,16157199.609000001,0.2842701422368743
1604,TT,0.012732908012499712,0.21464712744166614,0.1651442027127057,0.14139050151956445,6826971.813,0.5737139993081146
1604,UA,0.005869022277189234,0.2257534853068328,0.2785888536259442,0.2150100969379518,16087487.689000001,0.6287350207525619
1604,US,0.017805020932723157,-0.046696052533064636,-0.022916514310515446,-0.014620384955021604,687921628.804,0.49557581962019237
1604,VN,0.03583183814515807,0.26981935839029636,-0.08036420006015033,0.1805002745872959,9515381.954,0.6022841301279412
1604,YE,0.0025658345262737797,0.08514058377759093,0.3716881408182393,0.35259882941806686,21348586.623,0.7117285098222964
1604,ZA,0.6490388051636871,-0.35382347522292945,-0.3207237984274166,-0.19927030884162422,57986947.374,0.37000046007974574
1605,AU,0.06259342172144387,0.0158766902825882,-0.0906901983774282,-0.05838415807022779,22519513.691,0.4591516925666279
1605,CA,0.5757567315805561,-0.27914120234840023,-0.15903555331978436,-0.2028045402223999,17163682.202,0.36650019768293074
1605,CN,0.9067828878139123,-0.13392185094973996,-0.5222881178383607,-0.3082026649137859,14841870.987000002,0.2845015843149775
1605,DE,0.2762045160723015,0.3570282433333247,-0.06736623606992598,-0.04389677157775329,3668157.662,0.4160617197047841
1605,GB,0.784796260373383,-0.31653823465433817,-0.3696052399934425,-0.3057896583688331,2881882.9949999996,0.25679992500875287
1605,HK,0.5871742674755965,-0.12200384284547894,-0.3268991623072256,-0.1970506402493385,11036596.33,0.34665892333130205
1605,IT,0.011681037049057987,0.4440896851626057,0.45557981688101656,0.21506948171261508,3502405.969,0.5769420178258039
1605,JP,0.06270134361929106,-0.026074245395891316,-0.1631795881573057,-0.1051877297737116,245039793.638,0.41951086588761555
1605,KH,0.9603329721930828,-0.8266753675295305,-0.9763538308254722,-0.8470392014571447,2854325.557,0.00938653298825506
1605,KR,0.085059771791849,-0.11983156519536275,-0.08701880861146749,-0.10273847455345042,39600417.197000004,0.4456087133682224
1605,MX,0.018378305335885643,-0.10623012377770613,0.16719754922802155,0.11358011475288987,6431088.057,0.6172658557643507
1605,MY,0.7816977771828811,-0.20555637867495125,-0.26516239045102474,-0.31947319647358285,1668845.0170000005,0.33715912098984296
1605,NZ,0.8166786165439458,0.03404566304869716,-0.4970060255495461,-0.2929214570401,6141437.178,0.2669862554116319
1605,SG,0.7033374859834114,0.04464096944950535,-0.32512582393013345,-0.2326607074179764,7991818.4,0.3225541621416222
1605,US,0.023959827832555954,0.04482308972610238,-0.060041321967582384,0.041109258951744776,217870729.463,0.511168459152349
1605,VN,0.024603515423795595,0.6733629302681348,0.14044114282877684,0.28397951745882977,1336899.937,0.643150352695394
