โจทย์,โมเดล/วิธี,ตั้งค่า,ตัวชี้วัด,ค่า
Goal 1 พยากรณ์,LightGBM,ระยะ 1 เดือน · ระดับตลาด-สินค้า,WAPE,0.21555594170612585
Goal 1 พยากรณ์,SES (การเรียบเอกซ์โปเนนเชียล),ระยะ 1 เดือน · ระดับตลาด-สินค้า,WAPE,0.22782072286618255
Goal 1 พยากรณ์,ค่าเฉลี่ย 12 เดือน,ระยะ 1 เดือน · ระดับตลาด-สินค้า,WAPE,0.2374820990646495
Goal 1 พยากรณ์,ค่าเฉลี่ย 3 เดือน,ระยะ 1 เดือน · ระดับตลาด-สินค้า,WAPE,0.23733343806216936
Goal 1 พยากรณ์,Ridge,ระยะ 1 เดือน · ระดับตลาด-สินค้า,WAPE,0.2631833490211246
Goal 1 พยากรณ์,เท่ากับเดือนก่อน,ระยะ 1 เดือน · ระดับตลาด-สินค้า,WAPE,0.2540032479492017
Goal 1 พยากรณ์,เดือนเดียวกันปีก่อน,ระยะ 1 เดือน · ระดับตลาด-สินค้า,WAPE,0.31161238261296015
Goal 1 พยากรณ์,LightGBM,ระยะ 1 เดือน · ระดับอนุกรม,WAPE,0.21555594170612585
Goal 1 พยากรณ์,LightGBM,ระยะ 1 เดือน · ระดับประเทศ,WAPE,0.16882334264996257
Goal 1 พยากรณ์,LightGBM,ระยะ 1 เดือน · ระดับกลุ่มสินค้า,WAPE,0.08138502065520728
Goal 1 พยากรณ์,LightGBM,ระยะ 1 เดือน · ระดับยอดรวม,WAPE,0.05935996525842821
Goal 1 ช่วง 80%,Quantile ดิบ,ระยะ 1 เดือน,coverage,0.7889892904953146
Goal 1 ช่วง 80%,Quantile + conformal (CQR),ระยะ 1 เดือน,coverage,0.8244645247657296
Goal 1 ช่วง 80%,SES + ควอนไทล์ของความคลาดเคลื่อน,ระยะ 1 เดือน,coverage,0.8005354752342704
Goal 1 พยากรณ์,LightGBM,ระยะ 3 เดือน · ระดับตลาด-สินค้า,WAPE,0.23893446160854676
Goal 1 พยากรณ์,SES (การเรียบเอกซ์โปเนนเชียล),ระยะ 3 เดือน · ระดับตลาด-สินค้า,WAPE,0.252604493609635
Goal 1 พยากรณ์,ค่าเฉลี่ย 12 เดือน,ระยะ 3 เดือน · ระดับตลาด-สินค้า,WAPE,0.2478896201695017
Goal 1 พยากรณ์,ค่าเฉลี่ย 3 เดือน,ระยะ 3 เดือน · ระดับตลาด-สินค้า,WAPE,0.27989986403009864
Goal 1 พยากรณ์,Ridge,ระยะ 3 เดือน · ระดับตลาด-สินค้า,WAPE,0.2760978979973321
Goal 1 พยากรณ์,เท่ากับเดือนก่อน,ระยะ 3 เดือน · ระดับตลาด-สินค้า,WAPE,0.30675516247263623
Goal 1 พยากรณ์,เดือนเดียวกันปีก่อน,ระยะ 3 เดือน · ระดับตลาด-สินค้า,WAPE,0.30762880604423154
Goal 1 พยากรณ์,LightGBM,ระยะ 3 เดือน · ระดับอนุกรม,WAPE,0.23893446160854676
Goal 1 พยากรณ์,LightGBM,ระยะ 3 เดือน · ระดับประเทศ,WAPE,0.18598519963309693
Goal 1 พยากรณ์,LightGBM,ระยะ 3 เดือน · ระดับกลุ่มสินค้า,WAPE,0.09271154661769467
Goal 1 พยากรณ์,LightGBM,ระยะ 3 เดือน · ระดับยอดรวม,WAPE,0.05784808421847704
Goal 1 ช่วง 80%,Quantile ดิบ,ระยะ 3 เดือน,coverage,0.7918143160878809
Goal 1 ช่วง 80%,Quantile + conformal (CQR),ระยะ 3 เดือน,coverage,0.8436392629340893
Goal 1 ช่วง 80%,SES + ควอนไทล์ของความคลาดเคลื่อน,ระยะ 3 เดือน,coverage,0.8043940467753367
Goal 1 พยากรณ์,LightGBM,ระยะ 6 เดือน · ระดับตลาด-สินค้า,WAPE,0.256087649184859
Goal 1 พยากรณ์,SES (การเรียบเอกซ์โปเนนเชียล),ระยะ 6 เดือน · ระดับตลาด-สินค้า,WAPE,0.2563305230423997
Goal 1 พยากรณ์,ค่าเฉลี่ย 12 เดือน,ระยะ 6 เดือน · ระดับตลาด-สินค้า,WAPE,0.25542151051922085
Goal 1 พยากรณ์,ค่าเฉลี่ย 3 เดือน,ระยะ 6 เดือน · ระดับตลาด-สินค้า,WAPE,0.2928815112945857
Goal 1 พยากรณ์,Ridge,ระยะ 6 เดือน · ระดับตลาด-สินค้า,WAPE,0.28868292393404826
Goal 1 พยากรณ์,เท่ากับเดือนก่อน,ระยะ 6 เดือน · ระดับตลาด-สินค้า,WAPE,0.3319998132785557
Goal 1 พยากรณ์,เดือนเดียวกันปีก่อน,ระยะ 6 เดือน · ระดับตลาด-สินค้า,WAPE,0.30338266313064494
Goal 1 พยากรณ์,LightGBM,ระยะ 6 เดือน · ระดับอนุกรม,WAPE,0.256087649184859
Goal 1 พยากรณ์,LightGBM,ระยะ 6 เดือน · ระดับประเทศ,WAPE,0.20347493032350716
Goal 1 พยากรณ์,LightGBM,ระยะ 6 เดือน · ระดับกลุ่มสินค้า,WAPE,0.1136966060990351
Goal 1 พยากรณ์,LightGBM,ระยะ 6 เดือน · ระดับยอดรวม,WAPE,0.07548047788557825
Goal 1 ช่วง 80%,Quantile ดิบ,ระยะ 6 เดือน,coverage,0.7818694131364167
Goal 1 ช่วง 80%,Quantile + conformal (CQR),ระยะ 6 เดือน,coverage,0.8429848425961912
Goal 1 ช่วง 80%,SES + ควอนไทล์ของความคลาดเคลื่อน,ระยะ 6 เดือน,coverage,0.8050913330742324
Goal 3 Early Warning,อัตราฐาน (สุ่ม),ทุกตลาด ทดสอบ,PR-AUC,0.21758089548697052
Goal 3 Early Warning,อัตราฐาน (สุ่ม),ทุกตลาด ทดสอบ,ROC-AUC,0.48305480317491917
Goal 3 Early Warning,อัตราฐาน (สุ่ม),ทุกตลาด ทดสอบ,Precision เตือน 10%,0.2153846153846154
Goal 3 Early Warning,อัตราฐาน (สุ่ม),ทุกตลาด ทดสอบ,Precision เตือน 20%,0.22782608695652173
Goal 3 Early Warning,Persistence (ตกอยู่ตอนนี้ แล้วตกต่อ),ทุกตลาด ทดสอบ,PR-AUC,0.5190645621737726
Goal 3 Early Warning,Persistence (ตกอยู่ตอนนี้ แล้วตกต่อ),ทุกตลาด ทดสอบ,ROC-AUC,0.7195708973196916
Goal 3 Early Warning,Persistence (ตกอยู่ตอนนี้ แล้วตกต่อ),ทุกตลาด ทดสอบ,Precision เตือน 10%,0.6461538461538462
Goal 3 Early Warning,Persistence (ตกอยู่ตอนนี้ แล้วตกต่อ),ทุกตลาด ทดสอบ,Precision เตือน 20%,0.528695652173913
Goal 3 Early Warning,Run-rate (ยอดที่รู้แล้ว + ค่าเฉลี่ย 3 เดือน),ทุกตลาด ทดสอบ,PR-AUC,0.7923829985109224
Goal 3 Early Warning,Run-rate (ยอดที่รู้แล้ว + ค่าเฉลี่ย 3 เดือน),ทุกตลาด ทดสอบ,ROC-AUC,0.9165362234684923
Goal 3 Early Warning,Run-rate (ยอดที่รู้แล้ว + ค่าเฉลี่ย 3 เดือน),ทุกตลาด ทดสอบ,Precision เตือน 10%,0.8735042735042735
Goal 3 Early Warning,Run-rate (ยอดที่รู้แล้ว + ค่าเฉลี่ย 3 เดือน),ทุกตลาด ทดสอบ,Precision เตือน 20%,0.7417391304347826
Goal 3 Early Warning,Logistic Regression,ทุกตลาด ทดสอบ,PR-AUC,0.8143321574880229
Goal 3 Early Warning,Logistic Regression,ทุกตลาด ทดสอบ,ROC-AUC,0.9305277533982206
Goal 3 Early Warning,Logistic Regression,ทุกตลาด ทดสอบ,Precision เตือน 10%,0.8940170940170941
Goal 3 Early Warning,Logistic Regression,ทุกตลาด ทดสอบ,Precision เตือน 20%,0.7573913043478261
Goal 3 Early Warning,Random Forest,ทุกตลาด ทดสอบ,PR-AUC,0.826812446741663
Goal 3 Early Warning,Random Forest,ทุกตลาด ทดสอบ,ROC-AUC,0.9360619868206685
Goal 3 Early Warning,Random Forest,ทุกตลาด ทดสอบ,Precision เตือน 10%,0.8871794871794871
Goal 3 Early Warning,Random Forest,ทุกตลาด ทดสอบ,Precision เตือน 20%,0.76
Goal 3 Early Warning,LightGBM,ทุกตลาด ทดสอบ,PR-AUC,0.8316479419524871
Goal 3 Early Warning,LightGBM,ทุกตลาด ทดสอบ,ROC-AUC,0.9382298010858765
Goal 3 Early Warning,LightGBM,ทุกตลาด ทดสอบ,Precision เตือน 10%,0.8940170940170941
Goal 3 Early Warning,LightGBM,ทุกตลาด ทดสอบ,Precision เตือน 20%,0.7721739130434783
Goal 3 Early Warning,Persistence (ตกอยู่ตอนนี้ แล้วตกต่อ),ตลาดที่ยังไม่ตก,PR-AUC,0.17781261177981555
Goal 3 Early Warning,Run-rate (ยอดที่รู้แล้ว + ค่าเฉลี่ย 3 เดือน),ตลาดที่ยังไม่ตก,PR-AUC,0.6744037688402589
Goal 3 Early Warning,Logistic Regression,ตลาดที่ยังไม่ตก,PR-AUC,0.7057478898635117
Goal 3 Early Warning,Random Forest,ตลาดที่ยังไม่ตก,PR-AUC,0.7061338115347722
Goal 3 Early Warning,LightGBM,ตลาดที่ยังไม่ตก,PR-AUC,0.7176375041657576
Goal 2 Clustering,K-Means k=4,ความเสถียร,"bootstrap ARI เฉลี่ย (100 ครั้ง, สุ่ม 80%)",0.6911696608234861
Goal 2 Clustering,K-Means k=4,ความเสถียร,bootstrap ARI ต่ำสุด,0.1790059679829057
Goal 2 Clustering,K-Means k=4,ความเสถียร,ARI: กลุ่ม W1 ที่จัดด้วยโมเดล W2 vs จัดด้วยตัวเอง,0.7074121742131201
Goal 2 Clustering,K-Means k=4,ความเสถียร,Silhouette ของ W1 (จัดกลุ่มเอง),0.21674750660807782
Goal 2 Clustering,K-Means k=4,ความเสถียร,Silhouette ของ W2,0.2184826486823076
