hs4,iso2,w12,hs_s12_tot,ctry_s12_tot,hs_mean3_raw,ctry_mean3_raw,thb_chg3,ccy_chg3,gdppc_log,pop_log,gdp_growth,inflation,origin_month,region,income
0301,AE,21578.0,28746174.889999997,103375482.925,2445093.6736666667,4623881.9059999995,0.0308737929016572,,10.825233629406076,16.21216870219821,3.99181200361831,1.66336510224894,4,"Middle East, North Africa, Afghanistan & Pakistan",High income
0301,AU,7501.0,28746174.889999997,325825560.548,2445093.6736666667,26555364.137333333,0.0308737929016572,-0.0456215988120658,11.07612426778588,17.11851743566828,1.37340773365975,3.16656665428797,4,East Asia & Pacific,High income
0301,BD,657.0,28746174.889999997,1019192.2609999999,2445093.6736666667,198417.341,0.0308737929016572,,7.860731249643071,18.972047539451584,4.22325911250161,10.4657482763412,4,South Asia,Lower middle income
0301,BE,820.0,28746174.889999997,2532225.397,2445093.6736666667,192647.87266666675,0.0308737929016572,0.0026628008013019,10.943445088953794,16.288564743990783,1.09775383828703,3.14349136500041,4,Europe & Central Asia,High income
0301,BG,1441.0,28746174.889999997,75781.76699999999,2445093.6736666667,6255.826666666668,0.0308737929016572,,9.775478981709472,15.67825972591434,3.38708962009333,2.44651943006079,4,Europe & Central Asia,High income
0301,BH,2984.0,28746174.889999997,2800806.795,2445093.6736666667,84058.88233333331,0.0308737929016572,,10.299479345505455,14.278407746166064,2.89710543153512,0.919635459817651,4,"Middle East, North Africa, Afghanistan & Pakistan",High income
0301,BN,1457.0,28746174.889999997,2180874.475,2445093.6736666667,206114.27833333335,0.0308737929016572,,10.408902783226198,13.04487955964431,4.05251709306727,-0.388674165036461,4,East Asia & Pacific,High income
0301,BR,75.0,28746174.889999997,5610834.309,2445093.6736666667,783994.3580000002,0.0308737929016572,-0.0606246468970274,9.240922795514305,19.17209010148156,3.41931516501906,4.36746407652337,4,Latin America & Caribbean ,Upper middle income
0301,CA,16124.0,28746174.889999997,212371517.643,2445093.6736666667,15908955.655666668,0.0308737929016572,-0.0020597785669911,10.915373999659543,17.53546051093627,2.04626605401701,2.38158383281173,4,North America,High income
0301,CN,271051.0,28746174.889999997,452640828.36700004,2445093.6736666667,31609882.379000004,0.0308737929016572,-0.0195531324383486,9.495001603298617,21.066128326625343,4.95830378788091,0.218128938439177,4,East Asia & Pacific,Upper middle income
0301,CY,1665.0259999999998,28746174.889999997,4288015.692,2445093.6736666667,352682.03633333335,0.0308737929016572,0.0026628008013019,10.56293089894196,14.121731223863836,3.94076934447787,1.80023018624824,4,Europe & Central Asia,High income
0301,CZ,4268.942,28746174.889999997,298084.995,2445093.6736666667,34165.489,0.0308737929016572,0.0069200522750351,10.368093994821676,16.2047345252441,1.25131096245923,2.43531202435314,4,Europe & Central Asia,High income
0301,DE,15813.0,28746174.889999997,22697666.596,2445093.6736666667,1818773.2773333339,0.0308737929016572,0.0026628008013019,10.934957619034956,18.24055588864204,-0.495851897260366,2.2564981433876,4,Europe & Central Asia,High income
0301,ES,5242.0,28746174.889999997,4002903.6,2445093.6736666667,188694.1633333334,0.0308737929016572,0.0026628008013019,10.472396264528529,17.7042411900094,3.45525405630191,2.747147886618,4,Europe & Central Asia,High income
0301,FR,12629.014,28746174.889999997,9181456.655000001,2445093.6736666667,493589.82033333357,0.0308737929016572,0.0026628008013019,10.738635126651344,18.043098077467423,1.19046798275883,1.99904942291463,4,Europe & Central Asia,High income
0301,GB,14231.0,28746174.889999997,53000217.552999996,2445093.6736666667,3719761.427666667,0.0308737929016572,0.0038788402990212,10.88446641515752,18.05368125629442,1.08027716858781,3.2715729463592,4,Europe & Central Asia,High income
0301,HK,69653.159,28746174.889999997,75568895.242,2445093.6736666667,5291121.085666667,0.0308737929016572,0.0046910421856269,10.901814476573362,15.8336217601175,2.62936861207362,1.72972119105914,4,East Asia & Pacific,High income
0301,HU,902.047,28746174.889999997,90173.59099999999,2445093.6736666667,9274.085333333333,0.0308737929016572,-0.037701998610861,10.056442442753424,16.07331426588614,0.709070599066038,3.70370370370369,4,Europe & Central Asia,High income
0301,ID,5622.0,28746174.889999997,5591988.569,2445093.6736666667,532062.4409999999,0.0308737929016572,0.0190717029340342,8.502168168954181,19.46268010879732,5.03257477088519,2.18151273615189,4,East Asia & Pacific,Upper middle income
0301,IL,12514.0,28746174.889999997,104752036.18499999,2445093.6736666667,8530044.825333335,0.0308737929016572,-0.0381295489852736,10.9007409714981,16.11831562676187,0.953618469238535,3.07480889805025,4,"Middle East, North Africa, Afghanistan & Pakistan",High income
0301,IN,9003.0,28746174.889999997,2245459.5640000002,2445093.6736666667,153776.25533333336,0.0308737929016572,0.0286887188686432,7.860181840149165,21.09547455831868,7.09927893176518,4.95303550973661,4,South Asia,Lower middle income
0301,IQ,2026.0,28746174.889999997,5953036.054,2445093.6736666667,130708.32633333332,0.0308737929016572,,8.711708488695376,17.645064907150424,-1.54525198319173,2.6116961151764,4,"Middle East, North Africa, Afghanistan & Pakistan",Upper middle income
0301,IR,42501.0,28746174.889999997,613254.492,2445093.6736666667,26213.45300000002,0.0308737929016572,,8.554521651974477,18.33258956236535,3.66312057949303,32.455871402917,4,"Middle East, North Africa, Afghanistan & Pakistan",Upper middle income
0301,IT,5387.0,28746174.889999997,124475409.364,2445093.6736666667,12887254.58366667,0.0308737929016572,0.0026628008013019,10.607318023109016,17.892246053276516,0.783039135276795,0.982373023061417,4,Europe & Central Asia,High income
0301,JO,2747.35,28746174.889999997,22058855.29,2445093.6736666667,794747.213,0.0308737929016572,,8.531869177574379,16.26244496826465,2.55605891810194,1.55659611283953,4,"Middle East, North Africa, Afghanistan & Pakistan",Upper middle income
0301,JP,29112.0,28746174.889999997,831381391.4530001,2445093.6736666667,62607512.71166667,0.0308737929016572,0.0148579124376447,10.428130321249062,18.635593482873812,-0.240084236041696,2.73853681635241,4,East Asia & Pacific,High income
0301,KH,27618.0,28746174.889999997,29868057.814999998,2445093.6736666667,1561526.9889999996,0.0308737929016572,,7.873932601373376,16.685611635711275,6.0158145735202,0.808042016536654,4,East Asia & Pacific,Lower middle income
0301,KR,34747.091,28746174.889999997,143592856.827,2445093.6736666667,12443167.932333332,0.0308737929016572,0.016428519411564,10.497881229328884,17.761955569608137,2.00361101838986,2.32174328643542,4,East Asia & Pacific,High income
0301,KW,6186.514999999999,28746174.889999997,17768346.867,2445093.6736666667,702238.7593333333,0.0308737929016572,,10.399881163053545,15.404187035593148,-1.47401818168846,2.89855072463762,4,"Middle East, North Africa, Afghanistan & Pakistan",High income
0301,LA,1907389.0,28746174.889999997,23501197.539,2445093.6736666667,1968607.5816666665,0.0308737929016572,,7.661046539634995,15.865757427349209,4.13019264438475,23.1305695942588,4,East Asia & Pacific,Lower middle income
0301,MM,506737.0,28746174.889999997,50534122.819,2445093.6736666667,3940373.8603333333,0.0308737929016572,,7.214541216712384,17.81371292935685,-0.97204641363362,,4,East Asia & Pacific,Lower middle income
0301,MT,1599.0,28746174.889999997,38623.688,2445093.6736666667,2010.1803333333335,0.0308737929016572,0.0026628008013019,10.692481907506956,13.251366784155945,6.21275996991034,1.65079469283109,4,"Middle East, North Africa, Afghanistan & Pakistan",High income
0301,MV,958.0,28746174.889999997,14664.448,2445093.6736666667,1622.3596666666647,0.0308737929016572,,9.501467854011016,13.176470808392498,3.49440422654285,1.41093527910134,4,South Asia,Upper middle income
0301,MX,6831.0,28746174.889999997,6854769.215,2445093.6736666667,603048.1206666667,0.0308737929016572,-0.0132250615469659,9.545958127526983,18.689646302623085,1.35057631384696,4.72225588452932,4,Latin America & Caribbean ,Upper middle income
0301,MY,178658.0,28746174.889999997,79650330.97299999,2445093.6736666667,7290578.327333333,0.0308737929016572,-0.0139540637240166,9.382142406133784,17.38666652777361,5.10545921024041,1.834100204499,4,East Asia & Pacific,Upper middle income
0301,NL,4225.0,28746174.889999997,17686623.700999998,2445093.6736666667,1766721.9273333335,0.0308737929016572,0.0026628008013019,11.11936897909982,16.705520305898293,1.07383137319854,3.34754304219953,4,Europe & Central Asia,High income
0301,NP,4359.0,28746174.889999997,156872.687,2445093.6736666667,15087.231999999998,0.0308737929016572,,7.286385106851251,17.2050082308369,3.67787459697703,4.6850965426577,4,South Asia,Lower middle income
0301,OM,2623.0,28746174.889999997,8129850.392999999,2445093.6736666667,456015.5473333334,0.0308737929016572,,9.917648179744711,15.479727901145155,1.63163231397978,0.593589236248469,4,"Middle East, North Africa, Afghanistan & Pakistan",High income
0301,PE,553.208,28746174.889999997,70749398.01,2445093.6736666667,5911074.884666665,0.0308737929016572,,9.050910391136666,17.34825793725037,3.5152749274832,2.00770739412712,4,Latin America & Caribbean ,Upper middle income
0301,PH,11571.38,28746174.889999997,19980391.086,2445093.6736666667,1644329.7303333331,0.0308737929016572,0.0188284190449777,8.290366527436277,18.56775216772966,5.71474526128652,3.21260487006347,4,East Asia & Pacific,Upper middle income
0301,PK,5638.0,28746174.889999997,135072.634,2445093.6736666667,8883.107333333322,0.0308737929016572,,7.299444299310096,19.342035289055666,3.08176295579301,12.6325318530452,4,"Middle East, North Africa, Afghanistan & Pakistan",Lower middle income
0301,PL,16156.466,28746174.889999997,741493.03,2445093.6736666667,61090.61866666667,0.0308737929016572,0.0115401983757125,10.130765173254584,17.414444325117902,3.02841630700273,3.79060897630197,4,Europe & Central Asia,High income
0301,PT,667.0,28746174.889999997,17033.913,2445093.6736666667,1632.5423333333342,0.0308737929016572,0.0026628008013019,10.286308429024189,16.185257073031835,2.21459232301109,2.41613187791876,4,Europe & Central Asia,High income
0301,QA,403.0,28746174.889999997,13370840.991999999,2445093.6736666667,715538.1316666668,0.0308737929016572,,11.234336413121456,14.865570354216782,3.10963283242745,1.26734310292375,4,"Middle East, North Africa, Afghanistan & Pakistan",High income
0301,RO,1780.0,28746174.889999997,824072.7960000001,2445093.6736666667,40211.51966666665,0.0308737929016572,,9.907490013071868,16.762672353216125,0.916003764382594,5.72140574354439,4,Europe & Central Asia,High income
0301,RU,16819.0,28746174.889999997,45723535.57800001,2445093.6736666667,2050613.5013333336,0.0308737929016572,,9.613262079109674,18.78302711092474,4.92167966203073,8.43486410496723,4,Europe & Central Asia,High income
0301,SE,850.0,28746174.889999997,3588143.256,2445093.6736666667,257878.6890000001,0.0308737929016572,0.0168858029321137,10.954706127532544,16.173502826720043,1.01779633304398,2.83581658224034,4,Europe & Central Asia,High income
0301,SG,23510.086,28746174.889999997,48823816.367,2445093.6736666667,3799175.6780000003,0.0308737929016572,-0.0035835807903698,11.460542757910217,15.613394567183342,5.3435120192366,2.38951123595017,4,East Asia & Pacific,High income
0301,TR,17179.0,28746174.889999997,14245786.775,2445093.6736666667,277164.7963333331,0.0308737929016572,0.0357404317227966,9.673616152965664,18.26424516740227,3.3276230893799,58.5064507300342,4,Europe & Central Asia,Upper middle income
0301,UA,1307.0,28746174.889999997,19109423.413,2445093.6736666667,1768953.1373333335,0.0308737929016572,,8.592601649881207,17.44941154102371,3.24811808426423,6.50198464669254,4,Europe & Central Asia,Upper middle income
0301,US,116700.408,28746174.889999997,1113913603.5140002,2445093.6736666667,86251135.87466668,0.0308737929016572,0.0,11.36407347079314,19.64446734315918,2.79318715363841,2.94952520485207,4,North America,High income
0301,VN,8734.015,28746174.889999997,55231558.980000004,2445093.6736666667,3930673.450666665,0.0308737929016572,,8.458856187822017,18.430509146580512,7.03955197123018,3.62109273885844,4,East Asia & Pacific,Upper middle income
0301,ZA,3754.0,28746174.889999997,50760563.733,2445093.6736666667,3012381.651666668,0.0308737929016572,0.0151359055516327,8.743082858954319,17.974505931894125,0.534843531905139,4.36115246518962,4,Sub-Saharan Africa ,Upper middle income
0302,BD,16700.0,23566081.467,1019192.2609999999,1819708.3159999994,198417.341,0.0308737929016572,,7.860731249643071,18.972047539451584,4.22325911250161,10.4657482763412,4,South Asia,Lower middle income
0302,HK,655962.0,23566081.467,75568895.242,1819708.3159999994,5291121.085666667,0.0308737929016572,0.0046910421856269,10.901814476573362,15.8336217601175,2.62936861207362,1.72972119105914,4,East Asia & Pacific,High income
0302,KH,1762530.0,23566081.467,29868057.814999998,1819708.3159999994,1561526.9889999996,0.0308737929016572,,7.873932601373376,16.685611635711275,6.0158145735202,0.808042016536654,4,East Asia & Pacific,Lower middle income
0302,LA,2314616.0,23566081.467,23501197.539,1819708.3159999994,1968607.5816666665,0.0308737929016572,,7.661046539634995,15.865757427349209,4.13019264438475,23.1305695942588,4,East Asia & Pacific,Lower middle income
0302,MM,2629029.0,23566081.467,50534122.819,1819708.3159999994,3940373.8603333333,0.0308737929016572,,7.214541216712384,17.81371292935685,-0.97204641363362,,4,East Asia & Pacific,Lower middle income
0302,MY,26491688.0,23566081.467,79650330.97299999,1819708.3159999994,7290578.327333333,0.0308737929016572,-0.0139540637240166,9.382142406133784,17.38666652777361,5.10545921024041,1.834100204499,4,East Asia & Pacific,Upper middle income
0302,SG,1135308.0,23566081.467,48823816.367,1819708.3159999994,3799175.6780000003,0.0308737929016572,-0.0035835807903698,11.460542757910217,15.613394567183342,5.3435120192366,2.38951123595017,4,East Asia & Pacific,High income
0303,AE,10179449.0,123607780.044,103375482.925,9617588.45,4623881.9059999995,0.0308737929016572,,10.825233629406076,16.21216870219821,3.99181200361831,1.66336510224894,4,"Middle East, North Africa, Afghanistan & Pakistan",High income
0303,AU,47826.0,123607780.044,325825560.548,9617588.45,26555364.137333333,0.0308737929016572,-0.0456215988120658,11.07612426778588,17.11851743566828,1.37340773365975,3.16656665428797,4,East Asia & Pacific,High income
0303,BD,67543.0,123607780.044,1019192.2609999999,9617588.45,198417.341,0.0308737929016572,,7.860731249643071,18.972047539451584,4.22325911250161,10.4657482763412,4,South Asia,Lower middle income
0303,BH,418334.0,123607780.044,2800806.795,9617588.45,84058.88233333331,0.0308737929016572,,10.299479345505455,14.278407746166064,2.89710543153512,0.919635459817651,4,"Middle East, North Africa, Afghanistan & Pakistan",High income
0303,CN,13702419.0,123607780.044,452640828.36700004,9617588.45,31609882.379000004,0.0308737929016572,-0.0195531324383486,9.495001603298617,21.066128326625343,4.95830378788091,0.218128938439177,4,East Asia & Pacific,Upper middle income
0303,FR,194390.0,123607780.044,9181456.655000001,9617588.45,493589.82033333357,0.0308737929016572,0.0026628008013019,10.738635126651344,18.043098077467423,1.19046798275883,1.99904942291463,4,Europe & Central Asia,High income
0303,GB,308975.0,123607780.044,53000217.552999996,9617588.45,3719761.427666667,0.0308737929016572,0.0038788402990212,10.88446641515752,18.05368125629442,1.08027716858781,3.2715729463592,4,Europe & Central Asia,High income
0303,HK,1376043.0,123607780.044,75568895.242,9617588.45,5291121.085666667,0.0308737929016572,0.0046910421856269,10.901814476573362,15.8336217601175,2.62936861207362,1.72972119105914,4,East Asia & Pacific,High income
0303,IT,2401012.0,123607780.044,124475409.364,9617588.45,12887254.58366667,0.0308737929016572,0.0026628008013019,10.607318023109016,17.892246053276516,0.783039135276795,0.982373023061417,4,Europe & Central Asia,High income
0303,JP,6070224.312000001,123607780.044,831381391.4530001,9617588.45,62607512.71166667,0.0308737929016572,0.0148579124376447,10.428130321249062,18.635593482873812,-0.240084236041696,2.73853681635241,4,East Asia & Pacific,High income
0303,KH,1086713.0,123607780.044,29868057.814999998,9617588.45,1561526.9889999996,0.0308737929016572,,7.873932601373376,16.685611635711275,6.0158145735202,0.808042016536654,4,East Asia & Pacific,Lower middle income
0303,KR,459473.077,123607780.044,143592856.827,9617588.45,12443167.932333332,0.0308737929016572,0.016428519411564,10.497881229328884,17.761955569608137,2.00361101838986,2.32174328643542,4,East Asia & Pacific,High income
0303,KW,427847.0,123607780.044,17768346.867,9617588.45,702238.7593333333,0.0308737929016572,,10.399881163053545,15.404187035593148,-1.47401818168846,2.89855072463762,4,"Middle East, North Africa, Afghanistan & Pakistan",High income
0303,LA,1342395.0,123607780.044,23501197.539,9617588.45,1968607.5816666665,0.0308737929016572,,7.661046539634995,15.865757427349209,4.13019264438475,23.1305695942588,4,East Asia & Pacific,Lower middle income
0303,MM,821452.0,123607780.044,50534122.819,9617588.45,3940373.8603333333,0.0308737929016572,,7.214541216712384,17.81371292935685,-0.97204641363362,,4,East Asia & Pacific,Lower middle income
0303,MY,1856070.0,123607780.044,79650330.97299999,9617588.45,7290578.327333333,0.0308737929016572,-0.0139540637240166,9.382142406133784,17.38666652777361,5.10545921024041,1.834100204499,4,East Asia & Pacific,Upper middle income
0303,OM,661121.0,123607780.044,8129850.392999999,9617588.45,456015.5473333334,0.0308737929016572,,9.917648179744711,15.479727901145155,1.63163231397978,0.593589236248469,4,"Middle East, North Africa, Afghanistan & Pakistan",High income
0303,PH,410316.0,123607780.044,19980391.086,9617588.45,1644329.7303333331,0.0308737929016572,0.0188284190449777,8.290366527436277,18.56775216772966,5.71474526128652,3.21260487006347,4,East Asia & Pacific,Upper middle income
0303,QA,2756467.0,123607780.044,13370840.991999999,9617588.45,715538.1316666668,0.0308737929016572,,11.234336413121456,14.865570354216782,3.10963283242745,1.26734310292375,4,"Middle East, North Africa, Afghanistan & Pakistan",High income
0303,SA,581318.0,123607780.044,126874359.352,9617588.45,9423868.30233333,0.0308737929016572,,10.478070378654628,17.3794014538834,2.64893068308965,1.68792112375809,4,"Middle East, North Africa, Afghanistan & Pakistan",High income
0303,SG,956904.0,123607780.044,48823816.367,9617588.45,3799175.6780000003,0.0308737929016572,-0.0035835807903698,11.460542757910217,15.613394567183342,5.3435120192366,2.38951123595017,4,East Asia & Pacific,High income
0303,US,2107443.0,123607780.044,1113913603.5140002,9617588.45,86251135.87466668,0.0308737929016572,0.0,11.36407347079314,19.64446734315918,2.79318715363841,2.94952520485207,4,North America,High income
0303,VN,17124169.0,123607780.044,55231558.980000004,9617588.45,3930673.450666665,0.0308737929016572,,8.458856187822017,18.430509146580512,7.03955197123018,3.62109273885844,4,East Asia & Pacific,Upper middle income
0304,AE,433713.0,166843101.84100002,103375482.925,11951038.941,4623881.9059999995,0.0308737929016572,,10.825233629406076,16.21216870219821,3.99181200361831,1.66336510224894,4,"Middle East, North Africa, Afghanistan & Pakistan",High income
0304,AU,269475.0,166843101.84100002,325825560.548,11951038.941,26555364.137333333,0.0308737929016572,-0.0456215988120658,11.07612426778588,17.11851743566828,1.37340773365975,3.16656665428797,4,East Asia & Pacific,High income
0304,CN,1213262.0,166843101.84100002,452640828.36700004,11951038.941,31609882.379000004,0.0308737929016572,-0.0195531324383486,9.495001603298617,21.066128326625343,4.95830378788091,0.218128938439177,4,East Asia & Pacific,Upper middle income
0304,HK,520939.0,166843101.84100002,75568895.242,11951038.941,5291121.085666667,0.0308737929016572,0.0046910421856269,10.901814476573362,15.8336217601175,2.62936861207362,1.72972119105914,4,East Asia & Pacific,High income
0304,IT,176704.0,166843101.84100002,124475409.364,11951038.941,12887254.58366667,0.0308737929016572,0.0026628008013019,10.607318023109016,17.892246053276516,0.783039135276795,0.982373023061417,4,Europe & Central Asia,High income
0304,JP,15106593.124,166843101.84100002,831381391.4530001,11951038.941,62607512.71166667,0.0308737929016572,0.0148579124376447,10.428130321249062,18.635593482873812,-0.240084236041696,2.73853681635241,4,East Asia & Pacific,High income
0304,KH,43087.0,166843101.84100002,29868057.814999998,11951038.941,1561526.9889999996,0.0308737929016572,,7.873932601373376,16.685611635711275,6.0158145735202,0.808042016536654,4,East Asia & Pacific,Lower middle income
0304,KR,1497111.0,166843101.84100002,143592856.827,11951038.941,12443167.932333332,0.0308737929016572,0.016428519411564,10.497881229328884,17.761955569608137,2.00361101838986,2.32174328643542,4,East Asia & Pacific,High income
0304,KW,106346.0,166843101.84100002,17768346.867,11951038.941,702238.7593333333,0.0308737929016572,,10.399881163053545,15.404187035593148,-1.47401818168846,2.89855072463762,4,"Middle East, North Africa, Afghanistan & Pakistan",High income
0304,LA,390.0,166843101.84100002,23501197.539,11951038.941,1968607.5816666665,0.0308737929016572,,7.661046539634995,15.865757427349209,4.13019264438475,23.1305695942588,4,East Asia & Pacific,Lower middle income
0304,MM,600559.0,166843101.84100002,50534122.819,11951038.941,3940373.8603333333,0.0308737929016572,,7.214541216712384,17.81371292935685,-0.97204641363362,,4,East Asia & Pacific,Lower middle income
0304,MY,1621096.0,166843101.84100002,79650330.97299999,11951038.941,7290578.327333333,0.0308737929016572,-0.0139540637240166,9.382142406133784,17.38666652777361,5.10545921024041,1.834100204499,4,East Asia & Pacific,Upper middle income
0304,OM,182765.0,166843101.84100002,8129850.392999999,11951038.941,456015.5473333334,0.0308737929016572,,9.917648179744711,15.479727901145155,1.63163231397978,0.593589236248469,4,"Middle East, North Africa, Afghanistan & Pakistan",High income
0304,PH,894253.0,166843101.84100002,19980391.086,11951038.941,1644329.7303333331,0.0308737929016572,0.0188284190449777,8.290366527436277,18.56775216772966,5.71474526128652,3.21260487006347,4,East Asia & Pacific,Upper middle income
0304,QA,300126.0,166843101.84100002,13370840.991999999,11951038.941,715538.1316666668,0.0308737929016572,,11.234336413121456,14.865570354216782,3.10963283242745,1.26734310292375,4,"Middle East, North Africa, Afghanistan & Pakistan",High income
0304,RU,1180000.0,166843101.84100002,45723535.57800001,11951038.941,2050613.5013333336,0.0308737929016572,,9.613262079109674,18.78302711092474,4.92167966203073,8.43486410496723,4,Europe & Central Asia,High income
0304,SG,1463475.801,166843101.84100002,48823816.367,11951038.941,3799175.6780000003,0.0308737929016572,-0.0035835807903698,11.460542757910217,15.613394567183342,5.3435120192366,2.38951123595017,4,East Asia & Pacific,High income
0304,US,7120171.103,166843101.84100002,1113913603.5140002,11951038.941,86251135.87466668,0.0308737929016572,0.0,11.36407347079314,19.64446734315918,2.79318715363841,2.94952520485207,4,North America,High income
0304,VN,432180.0,166843101.84100002,55231558.980000004,11951038.941,3930673.450666665,0.0308737929016572,,8.458856187822017,18.430509146580512,7.03955197123018,3.62109273885844,4,East Asia & Pacific,Upper middle income
0305,AU,93998.639,45133994.117,325825560.548,3759844.6903333347,26555364.137333333,0.0308737929016572,-0.0456215988120658,11.07612426778588,17.11851743566828,1.37340773365975,3.16656665428797,4,East Asia & Pacific,High income
0305,CA,119155.83,45133994.117,212371517.643,3759844.6903333347,15908955.655666668,0.0308737929016572,-0.0020597785669911,10.915373999659543,17.53546051093627,2.04626605401701,2.38158383281173,4,North America,High income
0305,CN,669075.0,45133994.117,452640828.36700004,3759844.6903333347,31609882.379000004,0.0308737929016572,-0.0195531324383486,9.495001603298617,21.066128326625343,4.95830378788091,0.218128938439177,4,East Asia & Pacific,Upper middle income
0305,EE,201300.0,45133994.117,2578567.867,3759844.6903333347,190448.71666666667,0.0308737929016572,0.0026628008013019,10.35546578294303,14.132028598660506,-0.0900428648493801,3.5194118998392,4,Europe & Central Asia,High income
0305,FR,6443.0,45133994.117,9181456.655000001,3759844.6903333347,493589.82033333357,0.0308737929016572,0.0026628008013019,10.738635126651344,18.043098077467423,1.19046798275883,1.99904942291463,4,Europe & Central Asia,High income
0305,GB,32674.0,45133994.117,53000217.552999996,3759844.6903333347,3719761.427666667,0.0308737929016572,0.0038788402990212,10.88446641515752,18.05368125629442,1.08027716858781,3.2715729463592,4,Europe & Central Asia,High income
0305,HK,452568.213,45133994.117,75568895.242,3759844.6903333347,5291121.085666667,0.0308737929016572,0.0046910421856269,10.901814476573362,15.8336217601175,2.62936861207362,1.72972119105914,4,East Asia & Pacific,High income
0305,ID,5.0,45133994.117,5591988.569,3759844.6903333347,532062.4409999999,0.0308737929016572,0.0190717029340342,8.502168168954181,19.46268010879732,5.03257477088519,2.18151273615189,4,East Asia & Pacific,Upper middle income
0305,JP,1205435.418,45133994.117,831381391.4530001,3759844.6903333347,62607512.71166667,0.0308737929016572,0.0148579124376447,10.428130321249062,18.635593482873812,-0.240084236041696,2.73853681635241,4,East Asia & Pacific,High income
0305,KH,4108.0,45133994.117,29868057.814999998,3759844.6903333347,1561526.9889999996,0.0308737929016572,,7.873932601373376,16.685611635711275,6.0158145735202,0.808042016536654,4,East Asia & Pacific,Lower middle income
0305,KR,112995.0,45133994.117,143592856.827,3759844.6903333347,12443167.932333332,0.0308737929016572,0.016428519411564,10.497881229328884,17.761955569608137,2.00361101838986,2.32174328643542,4,East Asia & Pacific,High income
0305,LA,176068.0,45133994.117,23501197.539,3759844.6903333347,1968607.5816666665,0.0308737929016572,,7.661046539634995,15.865757427349209,4.13019264438475,23.1305695942588,4,East Asia & Pacific,Lower middle income
0305,LK,8159678.0,45133994.117,16130000.316,3759844.6903333347,1767576.7230000012,0.0308737929016572,,8.42186222651125,16.902727521640443,4.99241614398109,-0.42936004906973,4,South Asia,Upper middle income
0305,MY,1985328.418,45133994.117,79650330.97299999,3759844.6903333347,7290578.327333333,0.0308737929016572,-0.0139540637240166,9.382142406133784,17.38666652777361,5.10545921024041,1.834100204499,4,East Asia & Pacific,Upper middle income
0305,NG,510736.0,45133994.117,1908936.294,3759844.6903333347,191015.87499999997,0.0308737929016572,,6.988561158182107,19.26517243357987,4.07106650147703,33.2416590552749,4,Sub-Saharan Africa ,Lower middle income
0305,NL,41314.0,45133994.117,17686623.700999998,3759844.6903333347,1766721.9273333335,0.0308737929016572,0.0026628008013019,11.11936897909982,16.705520305898293,1.07383137319854,3.34754304219953,4,Europe & Central Asia,High income
0305,RU,19500.0,45133994.117,45723535.57800001,3759844.6903333347,2050613.5013333336,0.0308737929016572,,9.613262079109674,18.78302711092474,4.92167966203073,8.43486410496723,4,Europe & Central Asia,High income
0305,SG,128506.0,45133994.117,48823816.367,3759844.6903333347,3799175.6780000003,0.0308737929016572,-0.0035835807903698,11.460542757910217,15.613394567183342,5.3435120192366,2.38951123595017,4,East Asia & Pacific,High income
0305,US,220388.774,45133994.117,1113913603.5140002,3759844.6903333347,86251135.87466668,0.0308737929016572,0.0,11.36407347079314,19.64446734315918,2.79318715363841,2.94952520485207,4,North America,High income
0306,AE,47132.0,688308441.149,103375482.925,48973852.38300001,4623881.9059999995,0.0308737929016572,,10.825233629406076,16.21216870219821,3.99181200361831,1.66336510224894,4,"Middle East, North Africa, Afghanistan & Pakistan",High income
0306,AU,2756358.0,688308441.149,325825560.548,48973852.38300001,26555364.137333333,0.0308737929016572,-0.0456215988120658,11.07612426778588,17.11851743566828,1.37340773365975,3.16656665428797,4,East Asia & Pacific,High income
0306,BD,24168.827,688308441.149,1019192.2609999999,48973852.38300001,198417.341,0.0308737929016572,,7.860731249643071,18.972047539451584,4.22325911250161,10.4657482763412,4,South Asia,Lower middle income
0306,BE,3764.0,688308441.149,2532225.397,48973852.38300001,192647.87266666675,0.0308737929016572,0.0026628008013019,10.943445088953794,16.288564743990783,1.09775383828703,3.14349136500041,4,Europe & Central Asia,High income
0306,BH,1117.0,688308441.149,2800806.795,48973852.38300001,84058.88233333331,0.0308737929016572,,10.299479345505455,14.278407746166064,2.89710543153512,0.919635459817651,4,"Middle East, North Africa, Afghanistan & Pakistan",High income
0306,BN,6569.0,688308441.149,2180874.475,48973852.38300001,206114.27833333335,0.0308737929016572,,10.408902783226198,13.04487955964431,4.05251709306727,-0.388674165036461,4,East Asia & Pacific,High income
0306,CA,1987996.0,688308441.149,212371517.643,48973852.38300001,15908955.655666668,0.0308737929016572,-0.0020597785669911,10.915373999659543,17.53546051093627,2.04626605401701,2.38158383281173,4,North America,High income
0306,CN,30768833.395999998,688308441.149,452640828.36700004,48973852.38300001,31609882.379000004,0.0308737929016572,-0.0195531324383486,9.495001603298617,21.066128326625343,4.95830378788091,0.218128938439177,4,East Asia & Pacific,Upper middle income
0306,CY,17291.67,688308441.149,4288015.692,48973852.38300001,352682.03633333335,0.0308737929016572,0.0026628008013019,10.56293089894196,14.121731223863836,3.94076934447787,1.80023018624824,4,Europe & Central Asia,High income
0306,CZ,320.0,688308441.149,298084.995,48973852.38300001,34165.489,0.0308737929016572,0.0069200522750351,10.368093994821676,16.2047345252441,1.25131096245923,2.43531202435314,4,Europe & Central Asia,High income
0306,DE,2334.0,688308441.149,22697666.596,48973852.38300001,1818773.2773333339,0.0308737929016572,0.0026628008013019,10.934957619034956,18.24055588864204,-0.495851897260366,2.2564981433876,4,Europe & Central Asia,High income
0306,EG,24467.0,688308441.149,151220362.66599998,48973852.38300001,13151134.899333332,0.0308737929016572,,8.113269008603684,18.57373017191003,2.3991692678251,28.2705899322083,4,"Middle East, North Africa, Afghanistan & Pakistan",Lower middle income
0306,ES,305.0,688308441.149,4002903.6,48973852.38300001,188694.1633333334,0.0308737929016572,0.0026628008013019,10.472396264528529,17.7042411900094,3.45525405630191,2.747147886618,4,Europe & Central Asia,High income
0306,FR,12758.0,688308441.149,9181456.655000001,48973852.38300001,493589.82033333357,0.0308737929016572,0.0026628008013019,10.738635126651344,18.043098077467423,1.19046798275883,1.99904942291463,4,Europe & Central Asia,High income
0306,GB,66515.0,688308441.149,53000217.552999996,48973852.38300001,3719761.427666667,0.0308737929016572,0.0038788402990212,10.88446641515752,18.05368125629442,1.08027716858781,3.2715729463592,4,Europe & Central Asia,High income
0306,HK,2930351.4699999997,688308441.149,75568895.242,48973852.38300001,5291121.085666667,0.0308737929016572,0.0046910421856269,10.901814476573362,15.8336217601175,2.62936861207362,1.72972119105914,4,East Asia & Pacific,High income
0306,HU,204.0,688308441.149,90173.59099999999,48973852.38300001,9274.085333333333,0.0308737929016572,-0.037701998610861,10.056442442753424,16.07331426588614,0.709070599066038,3.70370370370369,4,Europe & Central Asia,High income
0306,IL,181630.0,688308441.149,104752036.18499999,48973852.38300001,8530044.825333335,0.0308737929016572,-0.0381295489852736,10.9007409714981,16.11831562676187,0.953618469238535,3.07480889805025,4,"Middle East, North Africa, Afghanistan & Pakistan",High income
0306,IQ,22.999999999999773,688308441.149,5953036.054,48973852.38300001,130708.32633333332,0.0308737929016572,,8.711708488695376,17.645064907150424,-1.54525198319173,2.6116961151764,4,"Middle East, North Africa, Afghanistan & Pakistan",Upper middle income
0306,IT,236701.0,688308441.149,124475409.364,48973852.38300001,12887254.58366667,0.0308737929016572,0.0026628008013019,10.607318023109016,17.892246053276516,0.783039135276795,0.982373023061417,4,Europe & Central Asia,High income
0306,JO,1075.0,688308441.149,22058855.29,48973852.38300001,794747.213,0.0308737929016572,,8.531869177574379,16.26244496826465,2.55605891810194,1.55659611283953,4,"Middle East, North Africa, Afghanistan & Pakistan",Upper middle income
0306,JP,6998785.874,688308441.149,831381391.4530001,48973852.38300001,62607512.71166667,0.0308737929016572,0.0148579124376447,10.428130321249062,18.635593482873812,-0.240084236041696,2.73853681635241,4,East Asia & Pacific,High income
0306,KH,121362.0,688308441.149,29868057.814999998,48973852.38300001,1561526.9889999996,0.0308737929016572,,7.873932601373376,16.685611635711275,6.0158145735202,0.808042016536654,4,East Asia & Pacific,Lower middle income
0306,KR,2446506.516,688308441.149,143592856.827,48973852.38300001,12443167.932333332,0.0308737929016572,0.016428519411564,10.497881229328884,17.761955569608137,2.00361101838986,2.32174328643542,4,East Asia & Pacific,High income
0306,KW,11438.0,688308441.149,17768346.867,48973852.38300001,702238.7593333333,0.0308737929016572,,10.399881163053545,15.404187035593148,-1.47401818168846,2.89855072463762,4,"Middle East, North Africa, Afghanistan & Pakistan",High income
0306,LA,232987.0,688308441.149,23501197.539,48973852.38300001,1968607.5816666665,0.0308737929016572,,7.661046539634995,15.865757427349209,4.13019264438475,23.1305695942588,4,East Asia & Pacific,Lower middle income
0306,MM,12987939.0,688308441.149,50534122.819,48973852.38300001,3940373.8603333333,0.0308737929016572,,7.214541216712384,17.81371292935685,-0.97204641363362,,4,East Asia & Pacific,Lower middle income
0306,MV,35.0,688308441.149,14664.448,48973852.38300001,1622.3596666666647,0.0308737929016572,,9.501467854011016,13.176470808392498,3.49440422654285,1.41093527910134,4,South Asia,Upper middle income
0306,MY,3744007.0,688308441.149,79650330.97299999,48973852.38300001,7290578.327333333,0.0308737929016572,-0.0139540637240166,9.382142406133784,17.38666652777361,5.10545921024041,1.834100204499,4,East Asia & Pacific,Upper middle income
0306,NL,10692.0,688308441.149,17686623.700999998,48973852.38300001,1766721.9273333335,0.0308737929016572,0.0026628008013019,11.11936897909982,16.705520305898293,1.07383137319854,3.34754304219953,4,Europe & Central Asia,High income
0306,NP,144.0,688308441.149,156872.687,48973852.38300001,15087.231999999998,0.0308737929016572,,7.286385106851251,17.2050082308369,3.67787459697703,4.6850965426577,4,South Asia,Lower middle income
0306,NZ,138464.0,688308441.149,45599470.785000004,48973852.38300001,3550435.5859999997,0.0308737929016572,-0.0018935255969816,10.80836060284596,15.481328803834485,-0.868722371893952,2.92279782301957,4,East Asia & Pacific,High income
0306,OM,6.0,688308441.149,8129850.392999999,48973852.38300001,456015.5473333334,0.0308737929016572,,9.917648179744711,15.479727901145155,1.63163231397978,0.593589236248469,4,"Middle East, North Africa, Afghanistan & Pakistan",High income
0306,PH,7394.0,688308441.149,19980391.086,48973852.38300001,1644329.7303333331,0.0308737929016572,0.0188284190449777,8.290366527436277,18.56775216772966,5.71474526128652,3.21260487006347,4,East Asia & Pacific,Upper middle income
0306,PK,1089.4840000000002,688308441.149,135072.634,48973852.38300001,8883.107333333322,0.0308737929016572,,7.299444299310096,19.342035289055666,3.08176295579301,12.6325318530452,4,"Middle East, North Africa, Afghanistan & Pakistan",Lower middle income
0306,PL,1004.344000000001,688308441.149,741493.03,48973852.38300001,61090.61866666667,0.0308737929016572,0.0115401983757125,10.130765173254584,17.414444325117902,3.02841630700273,3.79060897630197,4,Europe & Central Asia,High income
0306,QA,20035.225,688308441.149,13370840.991999999,48973852.38300001,715538.1316666668,0.0308737929016572,,11.234336413121456,14.865570354216782,3.10963283242745,1.26734310292375,4,"Middle East, North Africa, Afghanistan & Pakistan",High income
0306,RU,130073.0,688308441.149,45723535.57800001,48973852.38300001,2050613.5013333336,0.0308737929016572,,9.613262079109674,18.78302711092474,4.92167966203073,8.43486410496723,4,Europe & Central Asia,High income
0306,SE,61.0,688308441.149,3588143.256,48973852.38300001,257878.6890000001,0.0308737929016572,0.0168858029321137,10.954706127532544,16.173502826720043,1.01779633304398,2.83581658224034,4,Europe & Central Asia,High income
0306,SG,1422294.0,688308441.149,48823816.367,48973852.38300001,3799175.6780000003,0.0308737929016572,-0.0035835807903698,11.460542757910217,15.613394567183342,5.3435120192366,2.38951123595017,4,East Asia & Pacific,High income
0306,UA,2006.0,688308441.149,19109423.413,48973852.38300001,1768953.1373333335,0.0308737929016572,,8.592601649881207,17.44941154102371,3.24811808426423,6.50198464669254,4,Europe & Central Asia,Upper middle income
0306,US,9579404.806,688308441.149,1113913603.5140002,48973852.38300001,86251135.87466668,0.0308737929016572,0.0,11.36407347079314,19.64446734315918,2.79318715363841,2.94952520485207,4,North America,High income
0306,VN,2102.0,688308441.149,55231558.980000004,48973852.38300001,3930673.450666665,0.0308737929016572,,8.458856187822017,18.430509146580512,7.03955197123018,3.62109273885844,4,East Asia & Pacific,Upper middle income
0306,ZA,39253.0,688308441.149,50760563.733,48973852.38300001,3012381.651666668,0.0308737929016572,0.0151359055516327,8.743082858954319,17.974505931894125,0.534843531905139,4.36115246518962,4,Sub-Saharan Africa ,Upper middle income
0307,AE,157581.0,351647559.14,103375482.925,29502145.79466667,4623881.9059999995,0.0308737929016572,,10.825233629406076,16.21216870219821,3.99181200361831,1.66336510224894,4,"Middle East, North Africa, Afghanistan & Pakistan",High income
0307,AU,1387831.0,351647559.14,325825560.548,29502145.79466667,26555364.137333333,0.0308737929016572,-0.0456215988120658,11.07612426778588,17.11851743566828,1.37340773365975,3.16656665428797,4,East Asia & Pacific,High income
0307,BD,2552.0,351647559.14,1019192.2609999999,29502145.79466667,198417.341,0.0308737929016572,,7.860731249643071,18.972047539451584,4.22325911250161,10.4657482763412,4,South Asia,Lower middle income
0307,BE,1345.0,351647559.14,2532225.397,29502145.79466667,192647.87266666675,0.0308737929016572,0.0026628008013019,10.943445088953794,16.288564743990783,1.09775383828703,3.14349136500041,4,Europe & Central Asia,High income
0307,CA,1310275.0,351647559.14,212371517.643,29502145.79466667,15908955.655666668,0.0308737929016572,-0.0020597785669911,10.915373999659543,17.53546051093627,2.04626605401701,2.38158383281173,4,North America,High income
0307,CH,20709.0,351647559.14,36529486.525,29502145.79466667,2381665.703666668,0.0308737929016572,-0.0037123193638002,11.5871240453218,16.013355165264404,1.39033363875791,1.06234041976595,4,Europe & Central Asia,High income
0307,CN,17575849.0,351647559.14,452640828.36700004,29502145.79466667,31609882.379000004,0.0308737929016572,-0.0195531324383486,9.495001603298617,21.066128326625343,4.95830378788091,0.218128938439177,4,East Asia & Pacific,Upper middle income
0307,CY,435291.982,351647559.14,4288015.692,29502145.79466667,352682.03633333335,0.0308737929016572,0.0026628008013019,10.56293089894196,14.121731223863836,3.94076934447787,1.80023018624824,4,Europe & Central Asia,High income
0307,CZ,425.0,351647559.14,298084.995,29502145.79466667,34165.489,0.0308737929016572,0.0069200522750351,10.368093994821676,16.2047345252441,1.25131096245923,2.43531202435314,4,Europe & Central Asia,High income
0307,DE,386849.0,351647559.14,22697666.596,29502145.79466667,1818773.2773333339,0.0308737929016572,0.0026628008013019,10.934957619034956,18.24055588864204,-0.495851897260366,2.2564981433876,4,Europe & Central Asia,High income
0307,ES,489.0,351647559.14,4002903.6,29502145.79466667,188694.1633333334,0.0308737929016572,0.0026628008013019,10.472396264528529,17.7042411900094,3.45525405630191,2.747147886618,4,Europe & Central Asia,High income
0307,FR,11547.0,351647559.14,9181456.655000001,29502145.79466667,493589.82033333357,0.0308737929016572,0.0026628008013019,10.738635126651344,18.043098077467423,1.19046798275883,1.99904942291463,4,Europe & Central Asia,High income
0307,GB,600031.0,351647559.14,53000217.552999996,29502145.79466667,3719761.427666667,0.0308737929016572,0.0038788402990212,10.88446641515752,18.05368125629442,1.08027716858781,3.2715729463592,4,Europe & Central Asia,High income
0307,HK,618583.473,351647559.14,75568895.242,29502145.79466667,5291121.085666667,0.0308737929016572,0.0046910421856269,10.901814476573362,15.8336217601175,2.62936861207362,1.72972119105914,4,East Asia & Pacific,High income
0307,IT,8739787.0,351647559.14,124475409.364,29502145.79466667,12887254.58366667,0.0308737929016572,0.0026628008013019,10.607318023109016,17.892246053276516,0.783039135276795,0.982373023061417,4,Europe & Central Asia,High income
0307,JP,4089705.072,351647559.14,831381391.4530001,29502145.79466667,62607512.71166667,0.0308737929016572,0.0148579124376447,10.428130321249062,18.635593482873812,-0.240084236041696,2.73853681635241,4,East Asia & Pacific,High income
0307,KH,1500080.0,351647559.14,29868057.814999998,29502145.79466667,1561526.9889999996,0.0308737929016572,,7.873932601373376,16.685611635711275,6.0158145735202,0.808042016536654,4,East Asia & Pacific,Lower middle income
0307,KR,5834426.061000001,351647559.14,143592856.827,29502145.79466667,12443167.932333332,0.0308737929016572,0.016428519411564,10.497881229328884,17.761955569608137,2.00361101838986,2.32174328643542,4,East Asia & Pacific,High income
0307,LA,446021.0,351647559.14,23501197.539,29502145.79466667,1968607.5816666665,0.0308737929016572,,7.661046539634995,15.865757427349209,4.13019264438475,23.1305695942588,4,East Asia & Pacific,Lower middle income
0307,MY,6918553.0,351647559.14,79650330.97299999,29502145.79466667,7290578.327333333,0.0308737929016572,-0.0139540637240166,9.382142406133784,17.38666652777361,5.10545921024041,1.834100204499,4,East Asia & Pacific,Upper middle income
0307,NL,5074.0,351647559.14,17686623.700999998,29502145.79466667,1766721.9273333335,0.0308737929016572,0.0026628008013019,11.11936897909982,16.705520305898293,1.07383137319854,3.34754304219953,4,Europe & Central Asia,High income
0307,NP,198.0,351647559.14,156872.687,29502145.79466667,15087.231999999998,0.0308737929016572,,7.286385106851251,17.2050082308369,3.67787459697703,4.6850965426577,4,South Asia,Lower middle income
0307,NZ,8397.35,351647559.14,45599470.785000004,29502145.79466667,3550435.5859999997,0.0308737929016572,-0.0018935255969816,10.80836060284596,15.481328803834485,-0.868722371893952,2.92279782301957,4,East Asia & Pacific,High income
0307,PL,1076.0,351647559.14,741493.03,29502145.79466667,61090.61866666667,0.0308737929016572,0.0115401983757125,10.130765173254584,17.414444325117902,3.02841630700273,3.79060897630197,4,Europe & Central Asia,High income
0307,PT,24.0,351647559.14,17033.913,29502145.79466667,1632.5423333333342,0.0308737929016572,0.0026628008013019,10.286308429024189,16.185257073031835,2.21459232301109,2.41613187791876,4,Europe & Central Asia,High income
0307,QA,207.854,351647559.14,13370840.991999999,29502145.79466667,715538.1316666668,0.0308737929016572,,11.234336413121456,14.865570354216782,3.10963283242745,1.26734310292375,4,"Middle East, North Africa, Afghanistan & Pakistan",High income
0307,RU,10166.0,351647559.14,45723535.57800001,29502145.79466667,2050613.5013333336,0.0308737929016572,,9.613262079109674,18.78302711092474,4.92167966203073,8.43486410496723,4,Europe & Central Asia,High income
0307,SE,138.0,351647559.14,3588143.256,29502145.79466667,257878.6890000001,0.0308737929016572,0.0168858029321137,10.954706127532544,16.173502826720043,1.01779633304398,2.83581658224034,4,Europe & Central Asia,High income
0307,SG,77134.0,351647559.14,48823816.367,29502145.79466667,3799175.6780000003,0.0308737929016572,-0.0035835807903698,11.460542757910217,15.613394567183342,5.3435120192366,2.38951123595017,4,East Asia & Pacific,High income
0307,UA,35960.0,351647559.14,19109423.413,29502145.79466667,1768953.1373333335,0.0308737929016572,,8.592601649881207,17.44941154102371,3.24811808426423,6.50198464669254,4,Europe & Central Asia,Upper middle income
0307,US,4104699.0,351647559.14,1113913603.5140002,29502145.79466667,86251135.87466668,0.0308737929016572,0.0,11.36407347079314,19.64446734315918,2.79318715363841,2.94952520485207,4,North America,High income
0307,VN,590620.0,351647559.14,55231558.980000004,29502145.79466667,3930673.450666665,0.0308737929016572,,8.458856187822017,18.430509146580512,7.03955197123018,3.62109273885844,4,East Asia & Pacific,Upper middle income
0308,BD,0.0,16841023.255,1019192.2609999999,1816305.4526666666,198417.341,0.0308737929016572,,7.860731249643071,18.972047539451584,4.22325911250161,10.4657482763412,4,South Asia,Lower middle income
0308,CN,1052305.0,16841023.255,452640828.36700004,1816305.4526666666,31609882.379000004,0.0308737929016572,-0.0195531324383486,9.495001603298617,21.066128326625343,4.95830378788091,0.218128938439177,4,East Asia & Pacific,Upper middle income
0308,JP,1973838.0,16841023.255,831381391.4530001,1816305.4526666666,62607512.71166667,0.0308737929016572,0.0148579124376447,10.428130321249062,18.635593482873812,-0.240084236041696,2.73853681635241,4,East Asia & Pacific,High income
0308,KH,12402.0,16841023.255,29868057.814999998,1816305.4526666666,1561526.9889999996,0.0308737929016572,,7.873932601373376,16.685611635711275,6.0158145735202,0.808042016536654,4,East Asia & Pacific,Lower middle income
0308,KR,3269265.0,16841023.255,143592856.827,1816305.4526666666,12443167.932333332,0.0308737929016572,0.016428519411564,10.497881229328884,17.761955569608137,2.00361101838986,2.32174328643542,4,East Asia & Pacific,High income
0308,MY,106260.0,16841023.255,79650330.97299999,1816305.4526666666,7290578.327333333,0.0308737929016572,-0.0139540637240166,9.382142406133784,17.38666652777361,5.10545921024041,1.834100204499,4,East Asia & Pacific,Upper middle income
1604,AE,20538203.051,3077257416.28,103375482.925,238811143.169,4623881.9059999995,0.0308737929016572,,10.825233629406076,16.21216870219821,3.99181200361831,1.66336510224894,4,"Middle East, North Africa, Afghanistan & Pakistan",High income
1604,AL,860313.0,3077257416.28,2789118.2010000004,238811143.169,225353.92166666672,0.0308737929016572,,9.33908608205352,14.681403594282491,4.04592845095348,2.21587375089992,4,Europe & Central Asia,Upper middle income
1604,AO,1092389.0,3077257416.28,3953773.7619999996,238811143.169,375341.8303333333,0.0308737929016572,,7.908688219370273,17.450088223021286,4.95267860425956,28.2404948915772,4,Sub-Saharan Africa ,Lower middle income
1604,AR,5376860.0,3077257416.28,15162622.884,238811143.169,887306.4473333331,0.0308737929016572,,9.54465196611633,17.637524804192147,-1.34293072157739,219.883929014578,4,Latin America & Caribbean ,Upper middle income
1604,AS,144240.0,3077257416.28,566859.93,238811143.169,38666.66233333336,0.0308737929016572,,,10.752890338868651,,,4,East Asia & Pacific,High income
1604,AT,161496.0,3077257416.28,665098.013,238811143.169,64658.330000000016,0.0308737929016572,0.0026628008013019,10.972823417891926,16.0323179127234,-0.659089573171372,2.93791574279376,4,Europe & Central Asia,High income
1604,AU,50146566.525,3077257416.28,325825560.548,238811143.169,26555364.137333333,0.0308737929016572,-0.0456215988120658,11.07612426778588,17.11851743566828,1.37340773365975,3.16656665428797,4,East Asia & Pacific,High income
1604,BA,2620772.368,3077257416.28,9419668.213,238811143.169,1849337.8316666668,0.0308737929016572,,9.148242542306251,14.96742756674621,3.22679979810856,,4,Europe & Central Asia,Upper middle income
1604,BB,1414218.0,3077257416.28,5853053.926,238811143.169,403111.5316666667,0.0308737929016572,,10.19977747853431,12.551317008586036,3.3669492581395,1.4464366430616,4,Latin America & Caribbean ,High income
1604,BD,40050.0,3077257416.28,1019192.2609999999,238811143.169,198417.341,0.0308737929016572,,7.860731249643071,18.972047539451584,4.22325911250161,10.4657482763412,4,South Asia,Lower middle income
1604,BE,743439.0,3077257416.28,2532225.397,238811143.169,192647.87266666675,0.0308737929016572,0.0026628008013019,10.943445088953794,16.288564743990783,1.09775383828703,3.14349136500041,4,Europe & Central Asia,High income
1604,BH,460589.0,3077257416.28,2800806.795,238811143.169,84058.88233333331,0.0308737929016572,,10.299479345505455,14.278407746166064,2.89710543153512,0.919635459817651,4,"Middle East, North Africa, Afghanistan & Pakistan",High income
1604,BN,275348.0,3077257416.28,2180874.475,238811143.169,206114.27833333335,0.0308737929016572,,10.408902783226198,13.04487955964431,4.05251709306727,-0.388674165036461,4,East Asia & Pacific,High income
1604,BR,1859740.0,3077257416.28,5610834.309,238811143.169,783994.3580000002,0.0308737929016572,-0.0606246468970274,9.240922795514305,19.17209010148156,3.41931516501906,4.36746407652337,4,Latin America & Caribbean ,Upper middle income
1604,BS,1282637.0,3077257416.28,4453358.311,238811143.169,429310.678,0.0308737929016572,,10.5829273815058,12.902422193035248,3.37866553336166,0.409162489083286,4,Latin America & Caribbean ,High income
1604,CA,32604646.869,3077257416.28,212371517.643,238811143.169,15908955.655666668,0.0308737929016572,-0.0020597785669911,10.915373999659543,17.53546051093627,2.04626605401701,2.38158383281173,4,North America,High income
1604,CG,1475524.0,3077257416.28,2713087.999,238811143.169,257502.32200000001,0.0308737929016572,,7.81692028097681,15.661278457260751,2.09998918002519,3.09143630919166,4,Sub-Saharan Africa ,Lower middle income
1604,CH,6825699.264,3077257416.28,36529486.525,238811143.169,2381665.703666668,0.0308737929016572,-0.0037123193638002,11.5871240453218,16.013355165264404,1.39033363875791,1.06234041976595,4,Europe & Central Asia,High income
1604,CL,17292839.091,3077257416.28,67497359.603,238811143.169,5764241.087000001,0.0308737929016572,,9.720703805270718,16.799411668508693,2.80512637106611,4.29763891572524,4,Latin America & Caribbean ,High income
1604,CN,7649812.129,3077257416.28,452640828.36700004,238811143.169,31609882.379000004,0.0308737929016572,-0.0195531324383486,9.495001603298617,21.066128326625343,4.95830378788091,0.218128938439177,4,East Asia & Pacific,Upper middle income
1604,CR,915160.411,3077257416.28,2903640.931,238811143.169,214435.67566666674,0.0308737929016572,,9.844442335303391,15.450598673133408,4.08292444182048,-0.412853001047069,4,Latin America & Caribbean ,High income
1604,CU,250116.0,3077257416.28,853607.04,238811143.169,148617.68466666664,0.0308737929016572,,,16.211566230644536,-1.06173273220524,,4,Latin America & Caribbean ,Upper middle income
1604,CY,215319.085,3077257416.28,4288015.692,238811143.169,352682.03633333335,0.0308737929016572,0.0026628008013019,10.56293089894196,14.121731223863836,3.94076934447787,1.80023018624824,4,Europe & Central Asia,High income
1604,DE,2664112.0,3077257416.28,22697666.596,238811143.169,1818773.2773333339,0.0308737929016572,0.0026628008013019,10.934957619034956,18.24055588864204,-0.495851897260366,2.2564981433876,4,Europe & Central Asia,High income
1604,DK,392804.952,3077257416.28,3647751.112,238811143.169,318506.16133333335,0.0308737929016572,0.0029968307892075,11.170808089674908,15.603427989341384,3.47783593140312,1.37220049768926,4,Europe & Central Asia,High income
1604,DO,3561324.3140000002,3077257416.28,11270956.913999999,238811143.169,1208215.0629999998,0.0308737929016572,,9.294282713351858,16.25153827714322,4.95352204492849,3.30223338951227,4,Latin America & Caribbean ,Upper middle income
1604,DZ,0.0,3077257416.28,0.0,238811143.169,0.0,0.0308737929016572,,8.65747513187585,17.66169944065878,3.69999999907979,4.04611455313434,4,"Middle East, North Africa, Afghanistan & Pakistan",Upper middle income
1604,EG,53783417.1,3077257416.28,151220362.66599998,238811143.169,13151134.899333332,0.0308737929016572,,8.113269008603684,18.57373017191003,2.3991692678251,28.2705899322083,4,"Middle East, North Africa, Afghanistan & Pakistan",Lower middle income
1604,ES,790153.0,3077257416.28,4002903.6,238811143.169,188694.1633333334,0.0308737929016572,0.0026628008013019,10.472396264528529,17.7042411900094,3.45525405630191,2.747147886618,4,Europe & Central Asia,High income
1604,FI,1825755.0,3077257416.28,8247288.729,238811143.169,562229.0136666665,0.0308737929016572,0.0026628008013019,10.880977707897094,15.541826385445546,0.374566568538427,1.56568906231616,4,Europe & Central Asia,High income
1604,FJ,234903.0,3077257416.28,628756.9389999999,238811143.169,43249.99599999997,0.0308737929016572,,8.768067314334736,13.741631482688586,3.53085896076352,3.89084237884105,4,East Asia & Pacific,Upper middle income
1604,FM,361358.0,3077257416.28,1630866.875,238811143.169,141226.90099999998,0.0308737929016572,,8.35507195381394,11.636558025415503,2.30132923576443,,4,East Asia & Pacific,Upper middle income
1604,FR,1535418.0,3077257416.28,9181456.655000001,238811143.169,493589.82033333357,0.0308737929016572,0.0026628008013019,10.738635126651344,18.043098077467423,1.19046798275883,1.99904942291463,4,Europe & Central Asia,High income
1604,GB,7258080.743000001,3077257416.28,53000217.552999996,238811143.169,3719761.427666667,0.0308737929016572,0.0038788402990212,10.88446641515752,18.05368125629442,1.08027716858781,3.2715729463592,4,Europe & Central Asia,High income
1604,GD,113312.0,3077257416.28,335188.51099999994,238811143.169,16094.508,0.0308737929016572,,9.35261412070485,11.671696881303925,2.3996478454327,1.08615365134737,4,Latin America & Caribbean ,Upper middle income
1604,GE,1401675.1919999998,3077257416.28,5051765.973999999,238811143.169,471960.31666666665,0.0308737929016572,,9.101381752721446,15.153800421198136,9.67979379712661,1.10971758022096,4,Europe & Central Asia,Upper middle income
1604,GH,1335000.94,3077257416.28,4530472.196,238811143.169,164675.0503333334,0.0308737929016572,,7.791213625590123,17.354363723577247,5.84746854280382,22.8483281157842,4,Sub-Saharan Africa ,Lower middle income
1604,GR,1411001.0,3077257416.28,7466759.298,238811143.169,748982.0293333331,0.0308737929016572,0.0026628008013019,10.11156409179176,16.15780989615078,2.0865743380603,2.74101875679486,4,Europe & Central Asia,High income
1604,GT,1675485.2349999999,3077257416.28,4229295.669,238811143.169,363081.92633333337,0.0308737929016572,,8.724352822222906,16.72820676070013,3.71558453779777,2.86992752918294,4,Latin America & Caribbean ,Upper middle income
1604,GU,169445.0,3077257416.28,792183.475,238811143.169,98255.02,0.0308737929016572,,,12.030390995682554,,,4,East Asia & Pacific,High income
1604,GY,838836.0,3077257416.28,2229547.631,238811143.169,149870.85499999998,0.0308737929016572,,10.29806864937607,13.630489761498437,43.8192726391966,2.90379501424778,4,Latin America & Caribbean ,High income
1604,HK,4372589.217,3077257416.28,75568895.242,238811143.169,5291121.085666667,0.0308737929016572,0.0046910421856269,10.901814476573362,15.8336217601175,2.62936861207362,1.72972119105914,4,East Asia & Pacific,High income
1604,HN,1231384.0,3077257416.28,3188808.342,238811143.169,366925.8106666668,0.0308737929016572,,8.136213926962379,16.19743377200745,3.63240745450875,4.60621098127101,4,Latin America & Caribbean ,Lower middle income
1604,ID,1252317.4049999998,3077257416.28,5591988.569,238811143.169,532062.4409999999,0.0308737929016572,0.0190717029340342,8.502168168954181,19.46268010879732,5.03257477088519,2.18151273615189,4,East Asia & Pacific,Upper middle income
1604,IE,207551.0,3077257416.28,1305442.434,238811143.169,86533.50666666668,0.0308737929016572,0.0026628008013019,11.634213047994296,15.501129577835645,2.59946721553708,2.11344999577317,4,Europe & Central Asia,High income
1604,IL,24014080.562,3077257416.28,104752036.18499999,238811143.169,8530044.825333335,0.0308737929016572,-0.0381295489852736,10.9007409714981,16.11831562676187,0.953618469238535,3.07480889805025,4,"Middle East, North Africa, Afghanistan & Pakistan",High income
1604,IN,268142.0,3077257416.28,2245459.5640000002,238811143.169,153776.25533333336,0.0308737929016572,0.0286887188686432,7.860181840149165,21.09547455831868,7.09927893176518,4.95303550973661,4,South Asia,Lower middle income
1604,IQ,1509442.0,3077257416.28,5953036.054,238811143.169,130708.32633333332,0.0308737929016572,,8.711708488695376,17.645064907150424,-1.54525198319173,2.6116961151764,4,"Middle East, North Africa, Afghanistan & Pakistan",Upper middle income
1604,IS,283255.0,3077257416.28,1282053.598,238811143.169,123867.87833333331,0.0308737929016572,,11.360510004663812,12.864902670821849,-1.2828764442695,5.85683849970072,4,Europe & Central Asia,High income
1604,IT,2133345.0,3077257416.28,124475409.364,238811143.169,12887254.58366667,0.0308737929016572,0.0026628008013019,10.607318023109016,17.892246053276516,0.783039135276795,0.982373023061417,4,Europe & Central Asia,High income
1604,JM,5743492.608,3077257416.28,15412187.153,238811143.169,1249673.6236666671,0.0308737929016572,,8.955939866294782,14.85902407497839,-0.535039063867487,5.41194447981659,4,Latin America & Caribbean ,Upper middle income
1604,JO,5452691.33,3077257416.28,22058855.29,238811143.169,794747.213,0.0308737929016572,,8.531869177574379,16.26244496826465,2.55605891810194,1.55659611283953,4,"Middle East, North Africa, Afghanistan & Pakistan",Upper middle income
1604,JP,62988309.772,3077257416.28,831381391.4530001,238811143.169,62607512.71166667,0.0308737929016572,0.0148579124376447,10.428130321249062,18.635593482873812,-0.240084236041696,2.73853681635241,4,East Asia & Pacific,High income
1604,KE,232092.0,3077257416.28,684124.003,238811143.169,96464.99233333331,0.0308737929016572,,7.665501260444164,17.84856365941559,4.66019594571891,4.48978854243448,4,Sub-Saharan Africa ,Lower middle income
1604,KH,8273657.0,3077257416.28,29868057.814999998,238811143.169,1561526.9889999996,0.0308737929016572,,7.873932601373376,16.685611635711275,6.0158145735202,0.808042016536654,4,East Asia & Pacific,Lower middle income
1604,KR,3777005.3680000002,3077257416.28,143592856.827,238811143.169,12443167.932333332,0.0308737929016572,0.016428519411564,10.497881229328884,17.761955569608137,2.00361101838986,2.32174328643542,4,East Asia & Pacific,High income
1604,KW,3706681.0,3077257416.28,17768346.867,238811143.169,702238.7593333333,0.0308737929016572,,10.399881163053545,15.404187035593148,-1.47401818168846,2.89855072463762,4,"Middle East, North Africa, Afghanistan & Pakistan",High income
1604,LA,4305448.0,3077257416.28,23501197.539,238811143.169,1968607.5816666665,0.0308737929016572,,7.661046539634995,15.865757427349209,4.13019264438475,23.1305695942588,4,East Asia & Pacific,Lower middle income
1604,LB,5601883.02,3077257416.28,24226710.298,238811143.169,1634506.4620000003,0.0308737929016572,,8.405875264327408,15.574395878591798,-7.07989192861814,45.2430422716718,4,"Middle East, North Africa, Afghanistan & Pakistan",Lower middle income
1604,LC,586297.752,3077257416.28,2796380.104,238811143.169,209371.62866666671,0.0308737929016572,,9.581466485892776,12.09928889533216,4.76890217855616,-0.674240853418779,4,Latin America & Caribbean ,Upper middle income
1604,LY,45411374.0,3077257416.28,177234706.421,238811143.169,12699874.82866667,0.0308737929016572,,8.790141871540236,15.814422804856262,1.89995052025442,2.12615766885021,4,"Middle East, North Africa, Afghanistan & Pakistan",Upper middle income
1604,ME,509075.0,3077257416.28,1782025.1479999998,238811143.169,202860.8306666667,0.0308737929016572,,9.493274875543763,13.34314413952935,3.16409886329913,3.33675009282281,4,Europe & Central Asia,Upper middle income
1604,MH,237891.0,3077257416.28,966366.163,238811143.169,101794.06400000003,0.0308737929016572,,8.934624344776042,10.533375393456884,3.30188679245282,,4,East Asia & Pacific,Upper middle income
1604,MK,1509921.789,3077257416.28,5827103.613,238811143.169,609916.8123333334,0.0308737929016572,,9.136893661523072,14.416739250425303,2.99373536567732,3.48974086026954,4,Europe & Central Asia,Upper middle income
1604,MM,5412296.0,3077257416.28,50534122.819,238811143.169,3940373.8603333333,0.0308737929016572,,7.214541216712384,17.81371292935685,-0.97204641363362,,4,East Asia & Pacific,Lower middle income
1604,MU,917774.054,3077257416.28,2185389.013,238811143.169,134420.28699999998,0.0308737929016572,,9.391906271952736,14.035271595021802,4.94844235250574,3.6045220384796,4,Sub-Saharan Africa ,Upper middle income
1604,MY,6313494.341,3077257416.28,79650330.97299999,238811143.169,7290578.327333333,0.0308737929016572,-0.0139540637240166,9.382142406133784,17.38666652777361,5.10545921024041,1.834100204499,4,East Asia & Pacific,Upper middle income
1604,MZ,1934755.0,3077257416.28,4341218.063,238811143.169,409936.5630000001,0.0308737929016572,,6.487647714306249,17.36028191132437,2.14892499135355,4.07856834812022,4,Sub-Saharan Africa ,Low income
1604,NA,1785083.0,3077257416.28,3904505.7550000004,238811143.169,0.0,0.0308737929016572,,8.412243368186562,14.924116410874408,3.77851723267591,4.23903922877036,4,Sub-Saharan Africa ,Lower middle income
1604,NC,48689.0,3077257416.28,189418.061,238811143.169,20243.167333333335,0.0308737929016572,,10.28237567798587,12.586695046451004,-13.4999999989747,,4,East Asia & Pacific,High income
1604,NI,1664026.0,3077257416.28,3383198.859,238811143.169,371127.36066666665,0.0308737929016572,,7.954328870948547,15.749368368495412,3.58094495324541,4.62473841057141,4,Latin America & Caribbean ,Lower middle income
1604,NL,3508689.0,3077257416.28,17686623.700999998,238811143.169,1766721.9273333335,0.0308737929016572,0.0026628008013019,11.11936897909982,16.705520305898293,1.07383137319854,3.34754304219953,4,Europe & Central Asia,High income
1604,NO,1748285.0,3077257416.28,8850089.432999998,238811143.169,692098.8779999999,0.0308737929016572,-0.053241940743078,11.406330337720568,15.533314684415792,1.42372134524737,3.14530134431081,4,Europe & Central Asia,High income
1604,NZ,8020404.035,3077257416.28,45599470.785000004,238811143.169,3550435.5859999997,0.0308737929016572,-0.0018935255969816,10.80836060284596,15.481328803834485,-0.868722371893952,2.92279782301957,4,East Asia & Pacific,High income
1604,OM,1888586.999,3077257416.28,8129850.392999999,238811143.169,456015.5473333334,0.0308737929016572,,9.917648179744711,15.479727901145155,1.63163231397978,0.593589236248469,4,"Middle East, North Africa, Afghanistan & Pakistan",High income
1604,PA,3231900.0,3077257416.28,10022367.708999999,238811143.169,796538.8533333335,0.0308737929016572,,9.860643663443586,15.323043532902751,2.74784148771307,0.69322555100446,4,Latin America & Caribbean ,High income
1604,PE,15212106.912,3077257416.28,70749398.01,238811143.169,5911074.884666665,0.0308737929016572,,9.050910391136666,17.34825793725037,3.5152749274832,2.00770739412712,4,Latin America & Caribbean ,Upper middle income
1604,PF,217936.0,3077257416.28,886669.1510000001,238811143.169,138092.61699999997,0.0308737929016572,,10.018595184694655,12.54897771845048,1.12638897730247,,4,East Asia & Pacific,High income
1604,PG,3233909.0,3077257416.28,5502301.607999999,238811143.169,228628.47766666676,0.0308737929016572,,7.976764147427887,16.174145305907796,3.88795324667848,0.602403921107917,4,East Asia & Pacific,Lower middle income
1604,PH,3718590.803,3077257416.28,19980391.086,238811143.169,1644329.7303333331,0.0308737929016572,0.0188284190449777,8.290366527436277,18.56775216772966,5.71474526128652,3.21260487006347,4,East Asia & Pacific,Upper middle income
1604,PY,371318.0,3077257416.28,1022141.09,238811143.169,106865.33600000005,0.0308737929016572,,8.77285926232437,15.75124814147412,4.66914577981763,3.83540271728533,4,Latin America & Caribbean ,Upper middle income
1604,QA,2083809.3339999998,3077257416.28,13370840.991999999,238811143.169,715538.1316666668,0.0308737929016572,,11.234336413121456,14.865570354216782,3.10963283242745,1.26734310292375,4,"Middle East, North Africa, Afghanistan & Pakistan",High income
1604,RO,209442.0,3077257416.28,824072.7960000001,238811143.169,40211.51966666665,0.0308737929016572,,9.907490013071868,16.762672353216125,0.916003764382594,5.72140574354439,4,Europe & Central Asia,High income
1604,RS,3028770.0,3077257416.28,11193325.616,238811143.169,897298.0646666669,0.0308737929016572,,9.52352785975523,15.700529013828485,3.94992622592932,4.6705297488997,4,Europe & Central Asia,Upper middle income
1604,RU,8669101.0,3077257416.28,45723535.57800001,238811143.169,2050613.5013333336,0.0308737929016572,,9.613262079109674,18.78302711092474,4.92167966203073,8.43486410496723,4,Europe & Central Asia,High income
1604,SA,31197445.999,3077257416.28,126874359.352,238811143.169,9423868.30233333,0.0308737929016572,,10.478070378654628,17.3794014538834,2.64893068308965,1.68792112375809,4,"Middle East, North Africa, Afghanistan & Pakistan",High income
1604,SE,913564.27,3077257416.28,3588143.256,238811143.169,257878.6890000001,0.0308737929016572,0.0168858029321137,10.954706127532544,16.173502826720043,1.01779633304398,2.83581658224034,4,Europe & Central Asia,High income
1604,SG,4923431.376,3077257416.28,48823816.367,238811143.169,3799175.6780000003,0.0308737929016572,-0.0035835807903698,11.460542757910217,15.613394567183342,5.3435120192366,2.38951123595017,4,East Asia & Pacific,High income
1604,SO,3453139.0,3077257416.28,15860596.357,238811143.169,1694973.8346666668,0.0308737929016572,,6.444987645775389,16.7604310527624,4.11139335779471,,4,Sub-Saharan Africa ,Low income
1604,SR,561404.0,3077257416.28,1641068.493,238811143.169,47061.00166666667,0.0308737929016572,,8.848191841054817,13.360483813178272,1.72095749127065,16.2296159130279,4,Latin America & Caribbean ,Upper middle income
1604,SV,450002.0,3077257416.28,1034588.096,238811143.169,95960.25633333337,0.0308737929016572,,8.613067425115718,15.662104270015824,2.5904637107794,0.853782292567288,4,Latin America & Caribbean ,Upper middle income
1604,SY,5604936.0,3077257416.28,21296344.531999998,238811143.169,1426592.6236666664,0.0308737929016572,,,17.021210359021207,,,4,"Middle East, North Africa, Afghanistan & Pakistan",Low income
1604,TR,3833989.227,3077257416.28,14245786.775,238811143.169,277164.7963333331,0.0308737929016572,0.0357404317227966,9.673616152965664,18.26424516740227,3.3276230893799,58.5064507300342,4,Europe & Central Asia,Upper middle income
1604,TT,2012414.874,3077257416.28,7751022.959000001,238811143.169,672946.2213333333,0.0308737929016572,,9.83806389528244,14.129103768595169,2.50920813979569,0.526884625776839,4,Latin America & Caribbean ,High income
1604,TZ,732052.0,3077257416.28,1225418.1439999999,238811143.169,116066.6543333333,0.0308737929016572,,7.0838966858072085,18.04322212221617,5.5263138305945,3.05694676312373,4,Sub-Saharan Africa ,Lower middle income
1604,UA,5626129.0,3077257416.28,19109423.413,238811143.169,1768953.1373333335,0.0308737929016572,,8.592601649881207,17.44941154102371,3.24811808426423,6.50198464669254,4,Europe & Central Asia,Upper middle income
1604,US,140184253.759,3077257416.28,1113913603.5140002,238811143.169,86251135.87466668,0.0308737929016572,0.0,11.36407347079314,19.64446734315918,2.79318715363841,2.94952520485207,4,North America,High income
1604,VN,2940281.0,3077257416.28,55231558.980000004,238811143.169,3930673.450666665,0.0308737929016572,,8.458856187822017,18.430509146580512,7.03955197123018,3.62109273885844,4,East Asia & Pacific,Upper middle income
1604,VU,443034.0,3077257416.28,1048066.763,238811143.169,127580.41033333323,0.0308737929016572,,8.283968251903687,12.700088778095612,3.76564827114278,1.14348948727412,4,East Asia & Pacific,Lower middle income
1604,YE,6678642.823,3077257416.28,27363351.064000003,238811143.169,2348200.891666667,0.0308737929016572,,,17.51886385876556,,,4,"Middle East, North Africa, Afghanistan & Pakistan",Low income
1604,ZA,17991015.014,3077257416.28,50760563.733,238811143.169,3012381.651666668,0.0308737929016572,0.0151359055516327,8.743082858954319,17.974505931894125,0.534843531905139,4.36115246518962,4,Sub-Saharan Africa ,Upper middle income
1605,AE,9382.0,598831682.232,103375482.925,42831767.67766666,4623881.9059999995,0.0308737929016572,,10.825233629406076,16.21216870219821,3.99181200361831,1.66336510224894,4,"Middle East, North Africa, Afghanistan & Pakistan",High income
1605,AU,2130303.667,598831682.232,325825560.548,42831767.67766666,26555364.137333333,0.0308737929016572,-0.0456215988120658,11.07612426778588,17.11851743566828,1.37340773365975,3.16656665428797,4,East Asia & Pacific,High income
1605,BN,52417.0,598831682.232,2180874.475,42831767.67766666,206114.27833333335,0.0308737929016572,,10.408902783226198,13.04487955964431,4.05251709306727,-0.388674165036461,4,East Asia & Pacific,High income
1605,CA,1406327.0520000001,598831682.232,212371517.643,42831767.67766666,15908955.655666668,0.0308737929016572,-0.0020597785669911,10.915373999659543,17.53546051093627,2.04626605401701,2.38158383281173,4,North America,High income
1605,CN,977213.0,598831682.232,452640828.36700004,42831767.67766666,31609882.379000004,0.0308737929016572,-0.0195531324383486,9.495001603298617,21.066128326625343,4.95830378788091,0.218128938439177,4,East Asia & Pacific,Upper middle income
1605,DE,335842.267,598831682.232,22697666.596,42831767.67766666,1818773.2773333339,0.0308737929016572,0.0026628008013019,10.934957619034956,18.24055588864204,-0.495851897260366,2.2564981433876,4,Europe & Central Asia,High income
1605,DK,126736.0,598831682.232,3647751.112,42831767.67766666,318506.16133333335,0.0308737929016572,0.0029968307892075,11.170808089674908,15.603427989341384,3.47783593140312,1.37220049768926,4,Europe & Central Asia,High income
1605,ES,62822.0,598831682.232,4002903.6,42831767.67766666,188694.1633333334,0.0308737929016572,0.0026628008013019,10.472396264528529,17.7042411900094,3.45525405630191,2.747147886618,4,Europe & Central Asia,High income
1605,FR,66926.0,598831682.232,9181456.655000001,42831767.67766666,493589.82033333357,0.0308737929016572,0.0026628008013019,10.738635126651344,18.043098077467423,1.19046798275883,1.99904942291463,4,Europe & Central Asia,High income
1605,GB,229960.364,598831682.232,53000217.552999996,42831767.67766666,3719761.427666667,0.0308737929016572,0.0038788402990212,10.88446641515752,18.05368125629442,1.08027716858781,3.2715729463592,4,Europe & Central Asia,High income
1605,HK,748470.602,598831682.232,75568895.242,42831767.67766666,5291121.085666667,0.0308737929016572,0.0046910421856269,10.901814476573362,15.8336217601175,2.62936861207362,1.72972119105914,4,East Asia & Pacific,High income
1605,IT,1950259.1230000001,598831682.232,124475409.364,42831767.67766666,12887254.58366667,0.0308737929016572,0.0026628008013019,10.607318023109016,17.892246053276516,0.783039135276795,0.982373023061417,4,Europe & Central Asia,High income
1605,JP,22107104.667999998,598831682.232,831381391.4530001,42831767.67766666,62607512.71166667,0.0308737929016572,0.0148579124376447,10.428130321249062,18.635593482873812,-0.240084236041696,2.73853681635241,4,East Asia & Pacific,High income
1605,KH,88344.0,598831682.232,29868057.814999998,42831767.67766666,1561526.9889999996,0.0308737929016572,,7.873932601373376,16.685611635711275,6.0158145735202,0.808042016536654,4,East Asia & Pacific,Lower middle income
1605,KR,3196396.015,598831682.232,143592856.827,42831767.67766666,12443167.932333332,0.0308737929016572,0.016428519411564,10.497881229328884,17.761955569608137,2.00361101838986,2.32174328643542,4,East Asia & Pacific,High income
1605,LA,50327.0,598831682.232,23501197.539,42831767.67766666,1968607.5816666665,0.0308737929016572,,7.661046539634995,15.865757427349209,4.13019264438475,23.1305695942588,4,East Asia & Pacific,Lower middle income
1605,MM,148354.0,598831682.232,50534122.819,42831767.67766666,3940373.8603333333,0.0308737929016572,,7.214541216712384,17.81371292935685,-0.97204641363362,,4,East Asia & Pacific,Lower middle income
1605,MX,511493.0,598831682.232,6854769.215,42831767.67766666,603048.1206666667,0.0308737929016572,-0.0132250615469659,9.545958127526983,18.689646302623085,1.35057631384696,4.72225588452932,4,Latin America & Caribbean ,Upper middle income
1605,MY,83618.0,598831682.232,79650330.97299999,42831767.67766666,7290578.327333333,0.0308737929016572,-0.0139540637240166,9.382142406133784,17.38666652777361,5.10545921024041,1.834100204499,4,East Asia & Pacific,Upper middle income
1605,NL,61664.0,598831682.232,17686623.700999998,42831767.67766666,1766721.9273333335,0.0308737929016572,0.0026628008013019,11.11936897909982,16.705520305898293,1.07383137319854,3.34754304219953,4,Europe & Central Asia,High income
1605,NO,631.0,598831682.232,8850089.432999998,42831767.67766666,692098.8779999999,0.0308737929016572,-0.053241940743078,11.406330337720568,15.533314684415792,1.42372134524737,3.14530134431081,4,Europe & Central Asia,High income
1605,NZ,562073.0,598831682.232,45599470.785000004,42831767.67766666,3550435.5859999997,0.0308737929016572,-0.0018935255969816,10.80836060284596,15.481328803834485,-0.868722371893952,2.92279782301957,4,East Asia & Pacific,High income
1605,PH,28586.0,598831682.232,19980391.086,42831767.67766666,1644329.7303333331,0.0308737929016572,0.0188284190449777,8.290366527436277,18.56775216772966,5.71474526128652,3.21260487006347,4,East Asia & Pacific,Upper middle income
1605,QA,590.0,598831682.232,13370840.991999999,42831767.67766666,715538.1316666668,0.0308737929016572,,11.234336413121456,14.865570354216782,3.10963283242745,1.26734310292375,4,"Middle East, North Africa, Afghanistan & Pakistan",High income
1605,RU,206510.0,598831682.232,45723535.57800001,42831767.67766666,2050613.5013333336,0.0308737929016572,,9.613262079109674,18.78302711092474,4.92167966203073,8.43486410496723,4,Europe & Central Asia,High income
1605,SG,759788.236,598831682.232,48823816.367,42831767.67766666,3799175.6780000003,0.0308737929016572,-0.0035835807903698,11.460542757910217,15.613394567183342,5.3435120192366,2.38951123595017,4,East Asia & Pacific,High income
1605,US,20032002.663000003,598831682.232,1113913603.5140002,42831767.67766666,86251135.87466668,0.0308737929016572,0.0,11.36407347079314,19.64446734315918,2.79318715363841,2.94952520485207,4,North America,High income
1605,VN,80872.0,598831682.232,55231558.980000004,42831767.67766666,3930673.450666665,0.0308737929016572,,8.458856187822017,18.430509146580512,7.03955197123018,3.62109273885844,4,East Asia & Pacific,Upper middle income
