ลำดับ,รายชื่อประเทศ,เดือน,ปริมาณ,ปี
1,CANADA_[CA],ต.ค.,27,2566
2,CHINA_[CN],ต.ค.,51,2566
3,FRANCE_[FR],ต.ค.,0,2566
4,INDIA_[IN],ต.ค.,31,2566
5,IRAN_[IR],ต.ค.,0,2566
6,ITALY_[IT],ต.ค.,20,2566
6,JAPAN_[JP],ต.ค.,54,2566
7,"KOREA, REPUBLIC OF (SOUTH)_[KR]",ต.ค.,134,2566
8,MALAYSIA_[MY],ต.ค.,61,2566
9,MYANMAR_[MM],ต.ค.,0,2566
10,SINGAPORE_[SG],ต.ค.,35,2566
11,TAIWAN_[TW],ต.ค.,48,2566
12,UNITED ARAB EMIRATES_[AE],ต.ค.,0,2566
13,UNITED KINGDOM_[GB],ต.ค.,0,2566
14,UNITED STATES _[US],ต.ค.,69,2566
15,VIETNAM_[VN],ต.ค.,0,2566
16,ประเทศอื่นๆ,ต.ค.,279,2566
1,CANADA_[CA],พ.ย.,25,2566
2,CHINA_[CN],พ.ย.,70,2566
3,FRANCE_[FR],พ.ย.,0,2566
4,INDIA_[IN],พ.ย.,0,2566
5,IRAN_[IR],พ.ย.,0,2566
6,ITALY_[IT],พ.ย.,0,2566
6,JAPAN_[JP],พ.ย.,58,2566
7,"KOREA, REPUBLIC OF (SOUTH)_[KR]",พ.ย.,116,2566
8,MALAYSIA_[MY],พ.ย.,47,2566
9,MYANMAR_[MM],พ.ย.,0,2566
10,SINGAPORE_[SG],พ.ย.,33,2566
11,TAIWAN_[TW],พ.ย.,45,2566
12,UNITED ARAB EMIRATES_[AE],พ.ย.,0,2566
13,UNITED KINGDOM_[GB],พ.ย.,20,2566
14,UNITED STATES _[US],พ.ย.,52,2566
15,VIETNAM_[VN],พ.ย.,22,2566
16,ประเทศอื่นๆ,พ.ย.,304,2566
1,CANADA_[CA],ธ.ค.,26,2566
2,CHINA_[CN],ธ.ค.,67,2566
3,FRANCE_[FR],ธ.ค.,0,2566
4,INDIA_[IN],ธ.ค.,23,2566
5,IRAN_[IR],ธ.ค.,0,2566
6,ITALY_[IT],ธ.ค.,0,2566
6,JAPAN_[JP],ธ.ค.,42,2566
7,"KOREA, REPUBLIC OF (SOUTH)_[KR]",ธ.ค.,85,2566
8,MALAYSIA_[MY],ธ.ค.,69,2566
9,MYANMAR_[MM],ธ.ค.,11,2566
10,SINGAPORE_[SG],ธ.ค.,23,2566
11,TAIWAN_[TW],ธ.ค.,23,2566
12,UNITED ARAB EMIRATES_[AE],ธ.ค.,0,2566
13,UNITED KINGDOM_[GB],ธ.ค.,0,2566
14,UNITED STATES _[US],ธ.ค.,46,2566
15,VIETNAM_[VN],ธ.ค.,0,2566
16,ประเทศอื่นๆ,ธ.ค.,204,2566
