ลำดับ,รายชื่อประเทศ,เดือน,ปริมาณ,ปี
1,CANADA_[CA],ต.ค.,27,2566
2,CHINA_[CN],ต.ค.,51,2566
3,FRANCE_[FR],ต.ค.,0,2566
4,INDIA_[IN],ต.ค.,31,2566
5,IRAN_[IR],ต.ค.,0,2566
6,ITALY_[IT],ต.ค.,20,2566
6,JAPAN_[JP],ต.ค.,54,2566
7,"KOREA, REPUBLIC OF (SOUTH)_[KR]",ต.ค.,134,2566
8,MALAYSIA_[MY],ต.ค.,61,2566
9,MYANMAR_[MM],ต.ค.,0,2566
10,SINGAPORE_[SG],ต.ค.,35,2566
11,TAIWAN_[TW],ต.ค.,48,2566
12,UNITED ARAB EMIRATES_[AE],ต.ค.,0,2566
13,UNITED KINGDOM_[GB],ต.ค.,0,2566
14,UNITED STATES _[US],ต.ค.,69,2566
15,VIETNAM_[VN],ต.ค.,0,2566
16,ประเทศอื่นๆ,ต.ค.,279,2566
1,CANADA_[CA],พ.ย.,25,2566
2,CHINA_[CN],พ.ย.,70,2566
3,FRANCE_[FR],พ.ย.,0,2566
4,INDIA_[IN],พ.ย.,0,2566
5,IRAN_[IR],พ.ย.,0,2566
6,ITALY_[IT],พ.ย.,0,2566
6,JAPAN_[JP],พ.ย.,58,2566
7,"KOREA, REPUBLIC OF (SOUTH)_[KR]",พ.ย.,116,2566
8,MALAYSIA_[MY],พ.ย.,47,2566
9,MYANMAR_[MM],พ.ย.,0,2566
10,SINGAPORE_[SG],พ.ย.,33,2566
11,TAIWAN_[TW],พ.ย.,45,2566
12,UNITED ARAB EMIRATES_[AE],พ.ย.,0,2566
13,UNITED KINGDOM_[GB],พ.ย.,20,2566
14,UNITED STATES _[US],พ.ย.,52,2566
15,VIETNAM_[VN],พ.ย.,22,2566
16,ประเทศอื่นๆ,พ.ย.,304,2566
1,CANADA_[CA],ธ.ค.,26,2566
2,CHINA_[CN],ธ.ค.,67,2566
3,FRANCE_[FR],ธ.ค.,0,2566
4,INDIA_[IN],ธ.ค.,23,2566
5,IRAN_[IR],ธ.ค.,0,2566
6,ITALY_[IT],ธ.ค.,0,2566
6,JAPAN_[JP],ธ.ค.,42,2566
7,"KOREA, REPUBLIC OF (SOUTH)_[KR]",ธ.ค.,85,2566
8,MALAYSIA_[MY],ธ.ค.,69,2566
9,MYANMAR_[MM],ธ.ค.,11,2566
10,SINGAPORE_[SG],ธ.ค.,23,2566
11,TAIWAN_[TW],ธ.ค.,23,2566
12,UNITED ARAB EMIRATES_[AE],ธ.ค.,0,2566
13,UNITED KINGDOM_[GB],ธ.ค.,0,2566
14,UNITED STATES _[US],ธ.ค.,46,2566
15,VIETNAM_[VN],ธ.ค.,0,2566
16,ประเทศอื่นๆ,ธ.ค.,204,2566
1,CANADA_[CA],ม.ค.,23,2567
2,CHINA_[CN],ม.ค.,83,2567
3,FRANCE_[FR],ม.ค.,0,2567
4,INDIA_[IN],ม.ค.,20,2567
5,IRAN_[IR],ม.ค.,0,2567
6,JAPAN_[JP],ม.ค.,49,2567
6,ITALY_[IT],ม.ค.,21,2567
7,"KOREA, REPUBLIC OF (SOUTH)_[KR]",ม.ค.,131,2567
8,MALAYSIA_[MY],ม.ค.,79,2567
9,MYANMAR_[MM],ม.ค.,0,2567
10,SINGAPORE_[SG],ม.ค.,40,2567
11,TAIWAN_[TW],ม.ค.,31,2567
12,UNITED ARAB EMIRATES_[AE],ม.ค.,0,2567
13,UNITED KINGDOM_[GB],ม.ค.,0,2567
14,UNITED STATES _[US],ม.ค.,69,2567
15,VIETNAM_[VN],ม.ค.,0,2567
16,ประเทศอื่นๆ,ม.ค.,293,2567
1,CANADA_[CA],ก.พ.,24,2567
2,CHINA_[CN],ก.พ.,54,2567
3,FRANCE_[FR],ก.พ.,0,2567
4,INDIA_[IN],ก.พ.,33,2567
5,IRAN_[IR],ก.พ.,20,2567
6,ITALY_[IT],ก.พ.,0,2567
6,JAPAN_[JP],ก.พ.,47,2567
7,"KOREA, REPUBLIC OF (SOUTH)_[KR]",ก.พ.,110,2567
8,MALAYSIA_[MY],ก.พ.,64,2567
9,MYANMAR_[MM],ก.พ.,0,2567
10,SINGAPORE_[SG],ก.พ.,34,2567
11,TAIWAN_[TW],ก.พ.,47,2567
12,UNITED ARAB EMIRATES_[AE],ก.พ.,0,2567
13,UNITED KINGDOM_[GB],ก.พ.,0,2567
14,UNITED STATES _[US],ก.พ.,74,2567
15,VIETNAM_[VN],ก.พ.,0,2567
16,ประเทศอื่นๆ,ก.พ.,278,2567
1,CANADA_[CA],มี.ค.,25,2567
2,CHINA_[CN],มี.ค.,70,2567
3,FRANCE_[FR],มี.ค.,0,2567
4,INDIA_[IN],มี.ค.,29,2567
5,IRAN_[IR],มี.ค.,0,2567
6,ITALY_[IT],มี.ค.,0,2567
6,JAPAN_[JP],มี.ค.,54,2567
7,"KOREA, REPUBLIC OF (SOUTH)_[KR]",มี.ค.,111,2567
8,MALAYSIA_[MY],มี.ค.,76,2567
9,MYANMAR_[MM],มี.ค.,0,2567
10,SINGAPORE_[SG],มี.ค.,31,2567
11,TAIWAN_[TW],มี.ค.,62,2567
12,UNITED ARAB EMIRATES_[AE],มี.ค.,18,2567
13,UNITED KINGDOM_[GB],มี.ค.,0,2567
14,UNITED STATES _[US],มี.ค.,84,2567
15,VIETNAM_[VN],มี.ค.,0,2567
16,ประเทศอื่นๆ,มี.ค.,296,2567
1,CANADA_[CA],เม.ย.,28,2567
2,CHINA_[CN],เม.ย.,60,2567
3,FRANCE_[FR],เม.ย.,20,2567
4,INDIA_[IN],เม.ย.,26,2567
5,IRAN_[IR],เม.ย.,0,2567
6,ITALY_[IT],เม.ย.,0,2567
6,JAPAN_[JP],เม.ย.,57,2567
7,"KOREA, REPUBLIC OF (SOUTH)_[KR]",เม.ย.,129,2567
8,MALAYSIA_[MY],เม.ย.,70,2567
9,MYANMAR_[MM],เม.ย.,0,2567
10,SINGAPORE_[SG],เม.ย.,36,2567
11,TAIWAN_[TW],เม.ย.,45,2567
12,UNITED ARAB EMIRATES_[AE],เม.ย.,0,2567
13,UNITED KINGDOM_[GB],เม.ย.,0,2567
14,UNITED STATES _[US],เม.ย.,62,2567
15,VIETNAM_[VN],เม.ย.,0,2567
16,ประเทศอื่นๆ,เม.ย.,315,2567
1,CANADA_[CA],พ.ค.,35,2567
2,CHINA_[CN],พ.ค.,66,2567
3,FRANCE_[FR],พ.ค.,0,2567
4,INDIA_[IN],พ.ค.,29,2567
5,IRAN_[IR],พ.ค.,0,2567
6,JAPAN_[JP],พ.ค.,52,2567
6,ITALY_[IT],พ.ค.,0,2567
7,"KOREA, REPUBLIC OF (SOUTH)_[KR]",พ.ค.,101,2567
8,MALAYSIA_[MY],พ.ค.,65,2567
9,MYANMAR_[MM],พ.ค.,25,2567
10,SINGAPORE_[SG],พ.ค.,25,2567
11,TAIWAN_[TW],พ.ค.,30,2567
12,UNITED ARAB EMIRATES_[AE],พ.ค.,0,2567
13,UNITED KINGDOM_[GB],พ.ค.,0,2567
14,UNITED STATES _[US],พ.ค.,59,2567
15,VIETNAM_[VN],พ.ค.,0,2567
16,ประเทศอื่นๆ,พ.ค.,260,2567
1,CANADA_[CA],ก.ย.,39,2567
2,CHINA_[CN],ก.ย.,77,2567
3,FRANCE_[FR],ก.ย.,0,2567
4,INDIA_[IN],ก.ย.,0,2567
5,IRAN_[IR],ก.ย.,0,2567
6,ITALY_[IT],ก.ย.,27,2567
6,JAPAN_[JP],ก.ย.,51,2567
7,"KOREA, REPUBLIC OF (SOUTH)_[KR]",ก.ย.,122,2567
8,MALAYSIA_[MY],ก.ย.,101,2567
9,MYANMAR_[MM],ก.ย.,0,2567
10,SINGAPORE_[SG],ก.ย.,35,2567
11,TAIWAN_[TW],ก.ย.,36,2567
12,UNITED ARAB EMIRATES_[AE],ก.ย.,0,2567
13,UNITED KINGDOM_[GB],ก.ย.,0,2567
14,UNITED STATES _[US],ก.ย.,71,2567
15,VIETNAM_[VN],ก.ย.,29,2567
16,ประเทศอื่นๆ,ก.ย.,298,2567
1,CANADA_[CA],ต.ค.,29,2567
2,CHINA_[CN],ต.ค.,56,2567
3,FRANCE_[FR],ต.ค.,0,2567
4,INDIA_[IN],ต.ค.,39,2567
5,IRAN_[IR],ต.ค.,0,2567
6,JAPAN_[JP],ต.ค.,50,2567
6,ITALY_[IT],ต.ค.,0,2567
7,"KOREA, REPUBLIC OF (SOUTH)_[KR]",ต.ค.,100,2567
8,MALAYSIA_[MY],ต.ค.,102,2567
9,MYANMAR_[MM],ต.ค.,0,2567
10,SINGAPORE_[SG],ต.ค.,31,2567
11,TAIWAN_[TW],ต.ค.,35,2567
12,UNITED ARAB EMIRATES_[AE],ต.ค.,0,2567
13,UNITED KINGDOM_[GB],ต.ค.,0,2567
14,UNITED STATES _[US],ต.ค.,78,2567
15,VIETNAM_[VN],ต.ค.,23,2567
16,ประเทศอื่นๆ,ต.ค.,297,2567
1,CANADA_[CA],พ.ย.,24,2567
2,CHINA_[CN],พ.ย.,68,2567
3,FRANCE_[FR],พ.ย.,0,2567
4,INDIA_[IN],พ.ย.,21,2567
5,IRAN_[IR],พ.ย.,0,2567
6,JAPAN_[JP],พ.ย.,41,2567
6,ITALY_[IT],พ.ย.,0,2567
7,"KOREA, REPUBLIC OF (SOUTH)_[KR]",พ.ย.,107,2567
8,MALAYSIA_[MY],พ.ย.,83,2567
9,MYANMAR_[MM],พ.ย.,20,2567
10,SINGAPORE_[SG],พ.ย.,30,2567
11,TAIWAN_[TW],พ.ย.,35,2567
12,UNITED ARAB EMIRATES_[AE],พ.ย.,0,2567
13,UNITED KINGDOM_[GB],พ.ย.,0,2567
14,UNITED STATES _[US],พ.ย.,58,2567
15,VIETNAM_[VN],พ.ย.,0,2567
16,ประเทศอื่นๆ,พ.ย.,301,2567
1,CANADA_[CA],ธ.ค.,21,2567
2,CHINA_[CN],ธ.ค.,85,2567
3,FRANCE_[FR],ธ.ค.,0,2567
4,INDIA_[IN],ธ.ค.,34,2567
5,IRAN_[IR],ธ.ค.,0,2567
6,JAPAN_[JP],ธ.ค.,39,2567
6,ITALY_[IT],ธ.ค.,0,2567
7,"KOREA, REPUBLIC OF (SOUTH)_[KR]",ธ.ค.,88,2567
8,MALAYSIA_[MY],ธ.ค.,73,2567
9,MYANMAR_[MM],ธ.ค.,20,2567
10,SINGAPORE_[SG],ธ.ค.,30,2567
11,TAIWAN_[TW],ธ.ค.,40,2567
12,UNITED ARAB EMIRATES_[AE],ธ.ค.,0,2567
13,UNITED KINGDOM_[GB],ธ.ค.,0,2567
14,UNITED STATES _[US],ธ.ค.,56,2567
15,VIETNAM_[VN],ธ.ค.,0,2567
16,ประเทศอื่นๆ,ธ.ค.,260,2567
