year,year_be,scientific_name,area,biomass
2020,2563,Decapterus maruadsi,andaman,7996.0
2020,2563,Decapterus maruadsi,gulf_of_thailand,9529.62
2020,2563,Encrasicholina heteroloba,andaman,5035.94
2020,2563,Encrasicholina heteroloba,gulf_of_thailand,24025.03
2020,2563,Metapenaeus affinis,andaman,105.62
2020,2563,Metapenaeus affinis,gulf_of_thailand,1007.11
2020,2563,Nemipterus bipunctatus,andaman,1741.78
2020,2563,Nemipterus hexodon,gulf_of_thailand,2793.29
2020,2563,Penaeus merguiensis,andaman,738.98
2020,2563,Penaeus merguiensis,gulf_of_thailand,1990.89
2020,2563,Portunus pelagicus,andaman,4026.9
2020,2563,Portunus pelagicus,gulf_of_thailand,11129.71
2020,2563,Priacanthus tayenus,andaman,7180.33
2020,2563,Priacanthus tayenus,gulf_of_thailand,2705.29
2020,2563,Rastrelliger brachysoma,andaman,5844.55
2020,2563,Rastrelliger brachysoma,gulf_of_thailand,2865.29
2020,2563,Rastrelliger kanagurta,andaman,2278.2
2020,2563,Rastrelliger kanagurta,gulf_of_thailand,7620.72
2020,2563,Sardinella gibbosa,andaman,3954.75
2020,2563,Sardinella gibbosa,gulf_of_thailand,17665.72
2020,2563,Saurida elongata,andaman,4289.28
2020,2563,Saurida elongata,gulf_of_thailand,6013.39
2020,2563,Saurida undosquamis,andaman,3568.16
2020,2563,Saurida undosquamis,gulf_of_thailand,1551.66
2020,2563,Selar crumenophthalmus,andaman,10528.0
2020,2563,Selar crumenophthalmus,gulf_of_thailand,3301.22
2020,2563,Sepia aculeata,andaman,461.39
2020,2563,Sepia aculeata,gulf_of_thailand,1777.87
2020,2563,Uroteuthis chinensis,andaman,780.67
2020,2563,Uroteuthis chinensis,gulf_of_thailand,7332.65
2020,2563,Uroteuthis duvaucelii,andaman,3527.1
2020,2563,Uroteuthis duvaucelii,gulf_of_thailand,6559.4
2021,2564,Encrasicholina heteroloba,andaman,3668.32
2021,2564,Encrasicholina heteroloba,gulf_of_thailand,19643.0
2021,2564,Metapenaeus affinis,andaman,212.25
2021,2564,Metapenaeus affinis,gulf_of_thailand,1670.39
2021,2564,Metapenaeus ensis,andaman,33.99
2021,2564,Metapenaeus ensis,gulf_of_thailand,36.56
2021,2564,Nemipterus bipunctatus,andaman,5133.2
2021,2564,Nemipterus hexodon,gulf_of_thailand,4661.47
2021,2564,Penaeus merguiensis,andaman,1330.27
2021,2564,Penaeus merguiensis,gulf_of_thailand,2235.92
2021,2564,Photololigo chinensis,andaman,3497.33
2021,2564,Photololigo chinensis,gulf_of_thailand,10287.92
2021,2564,Photololigo duvaucellii,andaman,1286.74
2021,2564,Photololigo duvaucellii,gulf_of_thailand,3919.07
2021,2564,Portunus pelagicus,andaman,5169.07
2021,2564,Portunus pelagicus,gulf_of_thailand,14328.29
2021,2564,Priacanthus tayenus,andaman,4679.61
2021,2564,Priacanthus tayenus,gulf_of_thailand,6392.96
2021,2564,Saurida elongata,andaman,1809.13
2021,2564,Saurida elongata,gulf_of_thailand,3486.54
2021,2564,Saurida undosquamis,andaman,3188.0
2021,2564,Saurida undosquamis,gulf_of_thailand,8629.48
2021,2564,Sepia aculeata,andaman,1007.73
2021,2564,Sepia aculeata,gulf_of_thailand,1163.06
2022,2565,Encrasicholina heteroloba,andaman,2664.0
2022,2565,Encrasicholina heteroloba,gulf_of_thailand,18935.0
2022,2565,Metapenaeus affinis,andaman,224.0
2022,2565,Metapenaeus affinis,gulf_of_thailand,1442.0
2022,2565,Metapenaeus ensis,andaman,28.7
2022,2565,Metapenaeus ensis,gulf_of_thailand,118.0
2022,2565,Nemipterus bipunctatus,andaman,606.0
2022,2565,Nemipterus hexodon,gulf_of_thailand,7732.0
2022,2565,Penaeus merguiensis,andaman,1149.0
2022,2565,Penaeus merguiensis,gulf_of_thailand,2680.0
2022,2565,Penaeus monodon,andaman,2.15
2022,2565,Penaeus monodon,gulf_of_thailand,279.34
2022,2565,Portunus pelagicus,andaman,3547.0
2022,2565,Portunus pelagicus,gulf_of_thailand,16953.77
2022,2565,Priacanthus tayenus,andaman,2665.0
2022,2565,Priacanthus tayenus,gulf_of_thailand,3900.5
2022,2565,Rastrelliger brachysoma,andaman,7977.0
2022,2565,Rastrelliger brachysoma,gulf_of_thailand,8482.0
2022,2565,Rastrelliger kanagurta,andaman,19683.0
2022,2565,Rastrelliger kanagurta,gulf_of_thailand,14274.0
2022,2565,Sardinella gibbosa,andaman,6195.0
2022,2565,Sardinella gibbosa,gulf_of_thailand,17220.0
2022,2565,Saurida elongata,andaman,2439.0
2022,2565,Saurida elongata,gulf_of_thailand,49290.0
2022,2565,Saurida undosquamis,andaman,2616.0
2022,2565,Saurida undosquamis,gulf_of_thailand,1373.0
2022,2565,Sepia aculeata,andaman,944.52
2022,2565,Sepia aculeata,gulf_of_thailand,1792.11
2022,2565,Uroteuthis chinensis,andaman,265.26
2022,2565,Uroteuthis chinensis,gulf_of_thailand,13530.0
2022,2565,Uroteuthis duvaucelii,andaman,731.0
2022,2565,Uroteuthis duvaucelii,gulf_of_thailand,5695.0
2023,2566,Encrasicholina heteroloba,andaman,3975.56
2023,2566,Encrasicholina heteroloba,gulf_of_thailand,17470.37
2023,2566,Metapenaeus affinis,andaman,32.21
2023,2566,Metapenaeus affinis,gulf_of_thailand,1166.91
2023,2566,Metapenaeus ensis,andaman,87.33
2023,2566,Metapenaeus ensis,gulf_of_thailand,622.38
2023,2566,Nemipterus bipunctatus,andaman,6257.92
2023,2566,Nemipterus hexodon,gulf_of_thailand,2336.79
2023,2566,Penaeus merguiensis,andaman,784.82
2023,2566,Penaeus merguiensis,gulf_of_thailand,3423.46
2023,2566,Penaeus monodon,andaman,0.49
2023,2566,Penaeus monodon,gulf_of_thailand,146.98
2023,2566,Portunus pelagicus,andaman,3231.03
2023,2566,Portunus pelagicus,gulf_of_thailand,14396.24
2023,2566,Priacanthus tayenus,andaman,2581.48
2023,2566,Priacanthus tayenus,gulf_of_thailand,7432.31
2023,2566,Rastrelliger brachysoma,andaman,1775.02
2023,2566,Rastrelliger brachysoma,gulf_of_thailand,9131.67
2023,2566,Rastrelliger kanagurta,andaman,9413.31
2023,2566,Rastrelliger kanagurta,gulf_of_thailand,18174.25
2023,2566,Sardinella gibbosa,andaman,2123.9
2023,2566,Sardinella gibbosa,gulf_of_thailand,62781.45
2023,2566,Saurida elongata,andaman,1366.83
2023,2566,Saurida elongata,gulf_of_thailand,4506.11
2023,2566,Saurida undosquamis,andaman,7096.78
2023,2566,Saurida undosquamis,gulf_of_thailand,6107.84
2023,2566,Selaroides leptolepis,andaman,1023.97
2023,2566,Selaroides leptolepis,gulf_of_thailand,2707.28
2023,2566,Sepia aculeata,andaman,975.16
2023,2566,Sepia aculeata,gulf_of_thailand,1574.53
2023,2566,Uroteuthis chinensis,andaman,492.23
2023,2566,Uroteuthis chinensis,gulf_of_thailand,7916.26
2023,2566,Uroteuthis duvaucelii,andaman,1053.45
2023,2566,Uroteuthis duvaucelii,gulf_of_thailand,4901.0
2024,2567,Encrasicholina heteroloba,andaman,9567.0
2024,2567,Encrasicholina heteroloba,gulf_of_thailand,59566.0
2024,2567,Metapenaeus affinis,andaman,131.0
2024,2567,Metapenaeus affinis,gulf_of_thailand,3554.0
2024,2567,Metapenaeus ensis,andaman,1423.0
2024,2567,Metapenaeus ensis,gulf_of_thailand,1345.0
2024,2567,Nemipterus bipunctatus,andaman,2494.7
2024,2567,Nemipterus hexodon,gulf_of_thailand,2242.0
2024,2567,Penaeus merguiensis,andaman,2540.0
2024,2567,Penaeus merguiensis,gulf_of_thailand,9976.0
2024,2567,Penaeus monodon,gulf_of_thailand,168.0
2024,2567,Portunus pelagicus,andaman,8621.0
2024,2567,Portunus pelagicus,gulf_of_thailand,32602.0
2024,2567,Priacanthus tayenus,andaman,5539.0
2024,2567,Priacanthus tayenus,gulf_of_thailand,5727.0
2024,2567,Rastrelliger brachysoma,andaman,13854.0
2024,2567,Rastrelliger brachysoma,gulf_of_thailand,41313.0
2024,2567,Rastrelliger kanagurta,andaman,15758.0
2024,2567,Rastrelliger kanagurta,gulf_of_thailand,21092.0
2024,2567,Sardinella gibbosa,andaman,13183.0
2024,2567,Sardinella gibbosa,gulf_of_thailand,57338.0
2024,2567,Saurida elongata,andaman,1418.0
2024,2567,Saurida elongata,gulf_of_thailand,5770.0
2024,2567,Saurida undosquamis,andaman,11028.0
2024,2567,Saurida undosquamis,gulf_of_thailand,2400.0
2024,2567,Sepia aculeata,andaman,1021.0
2024,2567,Sepia aculeata,gulf_of_thailand,3418.0
2024,2567,Uroteuthis chinensis,andaman,1380.0
2024,2567,Uroteuthis chinensis,gulf_of_thailand,20879.0
2024,2567,Uroteuthis duvaucelii,andaman,3056.0
2024,2567,Uroteuthis duvaucelii,gulf_of_thailand,25620.0
