year_be,total,marine_capture,freshwater_capture,coastal_aquaculture,freshwater_aquaculture,year
2541,124546.4,48380.8,7687.5,61526.3,6951.8,1998
2542,134121.5,48444.5,7221.3,70502.5,7953.2,1999
2543,157602.9,49401.7,7024.8,92743.3,8433.1,2000
2544,138619.6,53718.5,7049.4,68571.9,9279.8,2001
2545,132291.1,58374.4,6290.3,56638.7,10987.7,2002
2546,131942.1,64169.4,7069.9,47517.4,13185.4,2003
2547,137799.8,61800.6,7436.2,49250.1,19312.9,2004
2548,141026.1,63222.8,7852.8,49787.9,20162.6,2005
2549,146967.3,63044.1,8442.2,55292.6,20188.4,2006
2550,138331.3,55327.2,9232.4,52649.5,21122.2,2007
2551,129308.2,42147.0,9138.4,55145.3,22877.5,2008
2552,141735.5,42758.1,9107.1,66566.9,23303.4,2009
2553,143248.9,45505.6,9578.1,64620.4,23544.8,2010
2554,162738.1,49630.5,10636.7,81422.7,21048.2,2011
2555,174393.2,54911.1,11161.8,83217.2,25103.1,2012
2556,158568.6,56192.0,11555.0,65352.2,25469.4,2013
2557,145413.9,52242.8,10161.0,58213.3,24796.8,2014
2558,140747.5,50900.2,10325.1,54630.9,24891.3,2015
2559,153338.5,55787.2,10624.3,63557.3,23369.7,2016
2560,159840.9,58222.1,10273.3,69354.4,21991.1,2017
2561,168773.9,62000.7,8817.1,71913.2,26042.9,2018
2562,172285.4,66119.4,7014.1,73191.1,25960.8,2019
2563,166338.8,63405.8,7463.7,68607.5,26861.8,2020
2564,166819.7,63569.8,7370.9,69238.9,26640.1,2021
2565,176403.1,66266.1,7001.7,74618.3,28517.0,2022
2566,175157.7,70537.4,7134.1,69225.9,28260.3,2023
2567,182976.3,72528.0,7052.5,73311.9,30083.9,2024
